{
  "trial_start": 11,
  "trial_end_exclusive": 12,
  "total_configs": 16,
  "runs_completed": 10,
  "best_mse": 0.0010143557317734456,
  "best_post_max": 0.1363530089051097
}