{
  "trial": 11,
  "x0trial": 11,
  "metrics": {
    "pre_max": 1.7206442094383245,
    "post_max": 0.1363530089051097,
    "mse": 0.0010143557317734456
  },
  "theta": {
    "Gamma_p": 0.973752557333623,
    "Gamma_n": 1.081796269833885,
    "K_e": 37.87377152116612,
    "R0": 0.00017159814630321557,
    "V0": -4.129318435554626
  },
  "ab": {
    "sDn": 0.9693112326231925,
    "sDp": 0.4974017430672189,
    "sDe": 0.8317814876010969,
    "gn": 1.003695325681903,
    "gp": 5244.570776485362,
    "ge": 1.1170791632377035
  },
  "x0": [
    26546.846200185253,
    26546.846200185253,
    26546.846200185253,
    26546.846200185253,
    13545.568508134606,
    13545.568508134606,
    13545.568508134606,
    13545.568508134606,
    0.0,
    0.0,
    0.0,
    0.0,
    0.0,
    0.0
  ]
}