{
  "mode": "free",
  "trial": 18,
  "x0trial": 1,
  "metrics": {
    "pre_max": 0.32466491948181897,
    "post_max": 0.0005223349628362683,
    "mse": 1.3771680067379992e-08
  },
  "theta": {
    "Gamma_p": 9.987301217283397,
    "Gamma_n": 3.7384380845733534e-08,
    "K_e": 0.8314608333755894,
    "R0": 0.008210082436321943
  },
  "ab": {
    "sDn": 2.5177266495661788,
    "sDp": 2.022674953741752,
    "sDe": 1.0893684481201964,
    "gn": 0.11257517339347477,
    "gp": 0.22384122611321286,
    "ge": 1.1328900621926552
  },
  "x0": [
    10894.525130554006,
    10894.525130554006,
    10894.525130554006,
    10894.525130554006,
    10894.525130554006,
    10894.525130554006,
    10894.525130554006,
    10894.525130554006,
    10894.525130554006,
    10894.525130554006,
    10894.525130554006,
    10894.525130554006,
    10894.525130554006,
    10894.525130554006,
    10894.525130554006,
    10894.525130554006,
    20325.131555674474,
    20325.131555674474,
    20325.131555674474,
    20325.131555674474,
    20325.131555674474,
    20325.131555674474,
    20325.131555674474,
    20325.131555674474,
    20325.131555674474,
    20325.131555674474,
    20325.131555674474,
    20325.131555674474,
    20325.131555674474,
    20325.131555674474,
    20325.131555674474,
    20325.131555674474,
    0.0,
    0.0,
    0.0,
    0.0,
    0.0,
    0.0,
    0.0,
    0.0,
    0.0,
    0.0,
    0.0,
    0.0,
    0.0,
    0.0,
    0.0,
    0.0,
    0.0,
    0.0,
    0.0,
    0.0,
    0.0,
    0.0,
    0.0,
    0.0
  ]
}