{
  "mode": "locked",
  "trial": 9,
  "x0trial": 0,
  "metrics": {
    "pre_max": 2.116735718138411,
    "post_max": 0.00020994222039050214,
    "mse": 7.872002857235237e-10
  },
  "theta": {
    "Gamma_p": 1015006913586.8103,
    "Gamma_n": 1.0233671566061655e-09,
    "K_e": 0.06354606184720371,
    "R0": 5.630480489347475e-07
  },
  "ab": {
    "sDn": 0.7862996336128524,
    "sDp": 1.3667094205127486,
    "sDe": 0.7186031660229636,
    "gn": 1.3587240598879964,
    "gp": 0.6806324244192475,
    "ge": 1.3011257704287833
  },
  "x0": [
    24800.0,
    24800.0,
    24800.0,
    24800.0,
    12400.0,
    12400.0,
    12400.0,
    12400.0,
    0.0,
    0.0,
    0.0,
    0.0,
    0.0,
    0.0
  ]
}