{
  "mode": "locked",
  "trial_start": 9,
  "trial_end_exclusive": 10,
  "total_configs": 1,
  "runs_completed": 1,
  "best_mse": 7.872002857235237e-10,
  "best_post_max": 0.00020994222039050214
}