mode,trial,x0trial,ok_run,pre_max,post_max,mse,wall_s,err,Gamma_p,Gamma_n,K_e,R0,sDn,sDp,sDe,gn,gp,ge
locked,23,0,1,2.1248716896358655,0.00026134031882918407,1.0561761305049188e-09,25.816475868225098,,1107218387854.649,1.0228770965030828e-09,0.06162895090513754,5.149464797080268e-07,0.7858712257182279,1.276453133520527,0.6533284580811873,1.2972728027280234,0.7791075426543176,1.4748041038512405
