{
  "mode": "locked",
  "trial_start": 23,
  "trial_end_exclusive": 24,
  "total_configs": 1,
  "runs_completed": 1,
  "best_mse": 1.0561761305049188e-09,
  "best_post_max": 0.00026134031882918407
}