{
  "mode": "locked",
  "trial": 23,
  "x0trial": 0,
  "metrics": {
    "pre_max": 2.1248716896358655,
    "post_max": 0.00026134031882918407,
    "mse": 1.0561761305049188e-09
  },
  "theta": {
    "Gamma_p": 1107218387854.649,
    "Gamma_n": 1.0228770965030828e-09,
    "K_e": 0.06162895090513754,
    "R0": 5.149464797080268e-07
  },
  "ab": {
    "sDn": 0.7858712257182279,
    "sDp": 1.276453133520527,
    "sDe": 0.6533284580811873,
    "gn": 1.2972728027280234,
    "gp": 0.7791075426543176,
    "ge": 1.4748041038512405
  },
  "x0": [
    24800.0,
    24800.0,
    24800.0,
    24800.0,
    12400.0,
    12400.0,
    12400.0,
    12400.0,
    0.0,
    0.0,
    0.0,
    0.0,
    0.0,
    0.0
  ]
}