mode,trial,x0trial,ok_run,pre_max,post_max,mse,wall_s,err,Gamma_p,Gamma_n,K_e,R0,sDn,sDp,sDe,gn,gp,ge
locked,24,0,1,2.131153446402111,0.0002421664600156248,8.806675267313532e-10,24.955552339553833,,901898774405.0751,1.0230620990862818e-09,0.07536042362332737,5.718295885708753e-07,0.755097889171377,1.220061206957165,0.7667053696059718,1.447184660280083,0.7759408670350714,1.3222287864466873
