{
  "mode": "locked",
  "trial": 24,
  "x0trial": 0,
  "metrics": {
    "pre_max": 2.131153446402111,
    "post_max": 0.0002421664600156248,
    "mse": 8.806675267313532e-10
  },
  "theta": {
    "Gamma_p": 901898774405.0751,
    "Gamma_n": 1.0230620990862818e-09,
    "K_e": 0.07536042362332737,
    "R0": 5.718295885708753e-07
  },
  "ab": {
    "sDn": 0.755097889171377,
    "sDp": 1.220061206957165,
    "sDe": 0.7667053696059718,
    "gn": 1.447184660280083,
    "gp": 0.7759408670350714,
    "ge": 1.3222287864466873
  },
  "x0": [
    24800.0,
    24800.0,
    24800.0,
    24800.0,
    12400.0,
    12400.0,
    12400.0,
    12400.0,
    0.0,
    0.0,
    0.0,
    0.0,
    0.0,
    0.0
  ]
}