{
  "mode": "locked",
  "trial_start": 24,
  "trial_end_exclusive": 25,
  "total_configs": 1,
  "runs_completed": 1,
  "best_mse": 8.806675267313532e-10,
  "best_post_max": 0.0002421664600156248
}