{
  "trial": 31,
  "x0trial": 1,
  "metrics": {
    "pre_max": 0.8148989437248622,
    "post_max": 0.13571025419792804,
    "mse": 0.000989677968020799
  },
  "theta": {
    "Gamma_p": 0.6913850067719121,
    "Gamma_n": 1.214280093849768,
    "K_e": 33.18738320706237,
    "R0": 0.0010339834914335308,
    "V0": -4.927555505398143
  },
  "ab": {
    "sDn": 1.4430196037654701,
    "sDp": 2.357928204736683,
    "sDe": 1.1292087223664633,
    "gn": 0.18434494487090963,
    "gp": 7484.829590831305,
    "ge": 0.9454644249169206
  },
  "x0": [
    7409.942058985335,
    7409.942058985335,
    7409.942058985335,
    7409.942058985335,
    13390.518887895247,
    13390.518887895247,
    13390.518887895247,
    13390.518887895247,
    0.0,
    0.0,
    0.0,
    0.0,
    0.0,
    0.0
  ]
}