{
  "trial_start": 31,
  "trial_end_exclusive": 32,
  "total_configs": 16,
  "runs_completed": 8,
  "best_mse": 0.000989677968020799,
  "best_post_max": 0.13571025419792804
}