{
  "mode": "locked",
  "trial": 47,
  "x0trial": 0,
  "metrics": {
    "pre_max": 2.1145428787166978,
    "post_max": 0.00046284456630374393,
    "mse": 5.9712270051985445e-09
  },
  "theta": {
    "Gamma_p": 691409245417.1609,
    "Gamma_n": 1.020965747561216e-09,
    "K_e": 0.09386704080252983,
    "R0": 4.611287094509332e-07
  },
  "ab": {
    "sDn": 1.0844376370354603,
    "sDp": 0.9685853471815741,
    "sDe": 0.38140709102737425,
    "gn": 1.7955536540980253,
    "gp": 1.2881847287319979,
    "ge": 1.192005083265346
  },
  "x0": [
    24800.0,
    24800.0,
    24800.0,
    24800.0,
    24800.0,
    24800.0,
    24800.0,
    24800.0,
    24800.0,
    24800.0,
    24800.0,
    24800.0,
    24800.0,
    24800.0,
    24800.0,
    24800.0,
    12400.0,
    12400.0,
    12400.0,
    12400.0,
    12400.0,
    12400.0,
    12400.0,
    12400.0,
    12400.0,
    12400.0,
    12400.0,
    12400.0,
    12400.0,
    12400.0,
    12400.0,
    12400.0,
    0.0,
    0.0,
    0.0,
    0.0,
    0.0,
    0.0,
    0.0,
    0.0,
    0.0,
    0.0,
    0.0,
    0.0,
    0.0,
    0.0,
    0.0,
    0.0,
    0.0,
    0.0,
    0.0,
    0.0,
    0.0,
    0.0,
    0.0,
    0.0
  ]
}