{
  "mode": "free",
  "trial": 28,
  "x0trial": 15,
  "metrics": {
    "pre_max": 0.2450577101364857,
    "post_max": 0.0006641189039715556,
    "mse": 2.759155498836614e-09
  },
  "theta": {
    "Gamma_p": 2001.5284690762603,
    "Gamma_n": 2.0450411708739275e-10,
    "K_e": 0.37915895169792413,
    "R0": 0.009853478104991665
  },
  "ab": {
    "sDn": 1.0508696287092487,
    "sDp": 0.9342698747616627,
    "sDe": 1.0714320535408848,
    "gn": 0.14461611967404947,
    "gp": 1.0643530852242937,
    "ge": 0.9227742457985727
  },
  "x0": [
    2515.380448115677,
    2515.380448115677,
    2515.380448115677,
    2515.380448115677,
    8211.298121163243,
    8211.298121163243,
    8211.298121163243,
    8211.298121163243,
    0.0,
    0.0,
    0.0,
    0.0,
    0.0,
    0.0
  ]
}