{
  "mode": "free",
  "trial_start": 28,
  "trial_end_exclusive": 29,
  "total_configs": 16,
  "runs_completed": 14,
  "best_mse": 2.759155498836614e-09,
  "best_post_max": 0.0006641189039715556
}