{
  "mode": "free",
  "trial": 7,
  "x0trial": 2,
  "metrics": {
    "pre_max": 1.6260377640188963,
    "post_max": 0.0007893029718815114,
    "mse": 2.7038790569886262e-08
  },
  "theta": {
    "Gamma_p": 129916.10381004169,
    "Gamma_n": 0.004515889854757926,
    "K_e": 0.2696064149373997,
    "R0": 0.0020990947442921727
  },
  "ab": {
    "sDn": 1.3304613527439382,
    "sDp": 1.1374733473886127,
    "sDe": 0.993336244954362,
    "gn": 0.06428234028485486,
    "gp": 0.9195161705251302,
    "ge": 1.060666858419382
  },
  "x0": [
    17271.09279424253,
    17271.09279424253,
    17271.09279424253,
    17271.09279424253,
    9374.821382743728,
    9374.821382743728,
    9374.821382743728,
    9374.821382743728,
    0.0,
    0.0,
    0.0,
    0.0,
    0.0,
    0.0
  ]
}