{
  "mode": "free",
  "trial_start": 7,
  "trial_end_exclusive": 8,
  "total_configs": 16,
  "runs_completed": 9,
  "best_mse": 2.7038790569886262e-08,
  "best_post_max": 0.0007893029718815114
}