{
  "mode": "free",
  "trial": 23,
  "x0trial": 2,
  "metrics": {
    "pre_max": 0.3848960206595944,
    "post_max": 0.0010767232950179562,
    "mse": 1.2235790062404071e-08
  },
  "theta": {
    "Gamma_p": 2.5900175666315617,
    "Gamma_n": 1.205923341529274e-07,
    "K_e": 0.8800357739133056,
    "R0": 0.012035280256250218
  },
  "ab": {
    "sDn": 2.9351528293626856,
    "sDp": 0.8646530139241049,
    "sDe": 1.0311266406805148,
    "gn": 0.040267132238678206,
    "gp": 1.5769237524600914,
    "ge": 0.9867477756220696
  },
  "x0": [
    9498.351743154979,
    9498.351743154979,
    9498.351743154979,
    9498.351743154979,
    9498.351743154979,
    9498.351743154979,
    9498.351743154979,
    9498.351743154979,
    9498.351743154979,
    9498.351743154979,
    9498.351743154979,
    9498.351743154979,
    9498.351743154979,
    9498.351743154979,
    9498.351743154979,
    9498.351743154979,
    25533.130094240583,
    25533.130094240583,
    25533.130094240583,
    25533.130094240583,
    25533.130094240583,
    25533.130094240583,
    25533.130094240583,
    25533.130094240583,
    25533.130094240583,
    25533.130094240583,
    25533.130094240583,
    25533.130094240583,
    25533.130094240583,
    25533.130094240583,
    25533.130094240583,
    25533.130094240583,
    0.0,
    0.0,
    0.0,
    0.0,
    0.0,
    0.0,
    0.0,
    0.0,
    0.0,
    0.0,
    0.0,
    0.0,
    0.0,
    0.0,
    0.0,
    0.0,
    0.0,
    0.0,
    0.0,
    0.0,
    0.0,
    0.0,
    0.0,
    0.0
  ]
}