mode,trial,x0trial,ok_run,pre_max,post_max,mse,wall_s,err,Gamma_p,Gamma_n,K_e,R0,sDn,sDp,sDe,gn,gp,ge
locked,33,0,1,2.156318736330322,0.0002183650091698297,8.152638003405518e-10,25.39465022087097,,1067486423883.9846,1.023287502509358e-09,0.06536658248028973,5.669388489544989e-07,0.7448259553177082,1.444668302546459,0.7241767079286772,1.3026667836393244,0.7329245337455101,1.3180308809734016
