{
  "mode": "locked",
  "trial_start": 33,
  "trial_end_exclusive": 34,
  "total_configs": 1,
  "runs_completed": 1,
  "best_mse": 8.152638003405518e-10,
  "best_post_max": 0.0002183650091698297
}