{
  "mode": "locked",
  "trial": 33,
  "x0trial": 0,
  "metrics": {
    "pre_max": 2.156318736330322,
    "post_max": 0.0002183650091698297,
    "mse": 8.152638003405518e-10
  },
  "theta": {
    "Gamma_p": 1067486423883.9846,
    "Gamma_n": 1.023287502509358e-09,
    "K_e": 0.06536658248028973,
    "R0": 5.669388489544989e-07
  },
  "ab": {
    "sDn": 0.7448259553177082,
    "sDp": 1.444668302546459,
    "sDe": 0.7241767079286772,
    "gn": 1.3026667836393244,
    "gp": 0.7329245337455101,
    "ge": 1.3180308809734016
  },
  "x0": [
    24800.0,
    24800.0,
    24800.0,
    24800.0,
    12400.0,
    12400.0,
    12400.0,
    12400.0,
    0.0,
    0.0,
    0.0,
    0.0,
    0.0,
    0.0
  ]
}