{
  "mode": "free",
  "trial_start": 35,
  "trial_end_exclusive": 36,
  "total_configs": 16,
  "runs_completed": 11,
  "best_mse": 9.814117731241994e-09,
  "best_post_max": 0.0007274193612243351
}