{
  "trial": 3,
  "x0trial": 10,
  "metrics": {
    "pre_max": 1.2938773950201923,
    "post_max": 0.22912071223850194,
    "mse": 0.007809935630860599
  },
  "theta": {
    "Gamma_p": 0.7860358254288629,
    "Gamma_n": 0.5216095109691725,
    "K_e": 81.57653078352418,
    "R0": 0.0007667045681462126,
    "V0": -4.845411189880174
  },
  "ab": {
    "sDn": 0.9268019335505934,
    "sDp": 1.8765527724854144e-26,
    "sDe": 0.5779396481509893,
    "gn": 1.048655894362278,
    "gp": 473.12339996209306,
    "ge": 0.9810153332385007
  },
  "x0": [
    4084.7907067687934,
    4084.7907067687934,
    4084.7907067687934,
    4084.7907067687934,
    4084.7907067687934,
    4084.7907067687934,
    4084.7907067687934,
    4084.7907067687934,
    4084.7907067687934,
    4084.7907067687934,
    4084.7907067687934,
    4084.7907067687934,
    4084.7907067687934,
    4084.7907067687934,
    4084.7907067687934,
    4084.7907067687934,
    19977.951881238267,
    19977.951881238267,
    19977.951881238267,
    19977.951881238267,
    19977.951881238267,
    19977.951881238267,
    19977.951881238267,
    19977.951881238267,
    19977.951881238267,
    19977.951881238267,
    19977.951881238267,
    19977.951881238267,
    19977.951881238267,
    19977.951881238267,
    19977.951881238267,
    19977.951881238267,
    0.0,
    0.0,
    0.0,
    0.0,
    0.0,
    0.0,
    0.0,
    0.0,
    0.0,
    0.0,
    0.0,
    0.0,
    0.0,
    0.0,
    0.0,
    0.0,
    0.0,
    0.0,
    0.0,
    0.0,
    0.0,
    0.0,
    0.0,
    0.0
  ]
}