{
  "mode": "locked",
  "trial": 40,
  "x0trial": 0,
  "metrics": {
    "pre_max": 2.1350340952582822,
    "post_max": 0.00025616371948800065,
    "mse": 9.435829114198405e-10
  },
  "theta": {
    "Gamma_p": 1003274057290.7379,
    "Gamma_n": 1.0229267396492858e-09,
    "K_e": 0.07071945788833596,
    "R0": 5.250127021881157e-07
  },
  "ab": {
    "sDn": 0.6946873977776012,
    "sDp": 1.4287169502731256,
    "sDe": 0.7580775435432492,
    "gn": 1.3321833225006907,
    "gp": 0.7490306020740851,
    "ge": 1.4630695721283087
  },
  "x0": [
    24800.0,
    24800.0,
    24800.0,
    24800.0,
    12400.0,
    12400.0,
    12400.0,
    12400.0,
    0.0,
    0.0,
    0.0,
    0.0,
    0.0,
    0.0
  ]
}