{
  "mode": "free",
  "trial": 14,
  "x0trial": 14,
  "metrics": {
    "pre_max": 0.8033694077446185,
    "post_max": 0.0005371932246500677,
    "mse": 1.839564871378532e-08
  },
  "theta": {
    "Gamma_p": 22552.074262222224,
    "Gamma_n": 2.5121196136428433e-06,
    "K_e": 0.3288113657129308,
    "R0": 0.004241920395693615
  },
  "ab": {
    "sDn": 1.2250236980859102,
    "sDp": 1.0627754520824741,
    "sDe": 1.0462861050907595,
    "gn": 0.05852500136239941,
    "gp": 2.1755119740896722,
    "ge": 1.0642535829501383
  },
  "x0": [
    13548.365191681605,
    13548.365191681605,
    13548.365191681605,
    13548.365191681605,
    23181.717504132273,
    23181.717504132273,
    23181.717504132273,
    23181.717504132273,
    0.0,
    0.0,
    0.0,
    0.0,
    0.0,
    0.0
  ]
}