{
  "mode": "locked",
  "trial_start": 42,
  "trial_end_exclusive": 43,
  "total_configs": 1,
  "runs_completed": 1,
  "best_mse": 1.0213047594631415e-09,
  "best_post_max": 6.617898198513217e-05
}