{
  "trial": 2,
  "x0trial": 0,
  "metrics": {
    "pre_max": 0.7115326194837985,
    "post_max": 0.13714049534284278,
    "mse": 0.0010162045061905848
  },
  "theta": {
    "Gamma_p": 0.7105461251348199,
    "Gamma_n": 1.3129716747749567,
    "K_e": 49.011159026854834,
    "R0": 9.58963358734488e-05,
    "V0": -4.929456644959732
  },
  "ab": {
    "sDn": 1.1763068418175355,
    "sDp": 0.2998027346146574,
    "sDe": 1.045109433509508,
    "gn": 0.6330421201837134,
    "gp": 4703.885968983581,
    "ge": 0.9088692761017272
  },
  "x0": [
    5736.737146218878,
    5736.737146218878,
    5736.737146218878,
    5736.737146218878,
    13620.39906345356,
    13620.39906345356,
    13620.39906345356,
    13620.39906345356,
    0.0,
    0.0,
    0.0,
    0.0,
    0.0,
    0.0
  ]
}