{
  "mode": "free",
  "trial": 9,
  "x0trial": 13,
  "metrics": {
    "pre_max": 0.18153055838059196,
    "post_max": 0.00074745959414102,
    "mse": 5.693231716505274e-09
  },
  "theta": {
    "Gamma_p": 753.5058325606926,
    "Gamma_n": 2.5263695586191646e-10,
    "K_e": 0.4466918857609393,
    "R0": 0.008428590715221562
  },
  "ab": {
    "sDn": 1.083946268795146,
    "sDp": 1.6494528776017736,
    "sDe": 1.0945030298922231,
    "gn": 0.047899507241042284,
    "gp": 8.459482530543923e-06,
    "ge": 0.9106960326205117
  },
  "x0": [
    3923.7585836261737,
    3923.7585836261737,
    3923.7585836261737,
    3923.7585836261737,
    15454.319714668787,
    15454.319714668787,
    15454.319714668787,
    15454.319714668787,
    0.0,
    0.0,
    0.0,
    0.0,
    0.0,
    0.0
  ]
}