{
  "mode": "free",
  "trial_start": 9,
  "trial_end_exclusive": 10,
  "total_configs": 16,
  "runs_completed": 11,
  "best_mse": 5.693231716505274e-09,
  "best_post_max": 0.00074745959414102
}