{
  "trial_start": 36,
  "trial_end_exclusive": 37,
  "total_configs": 16,
  "runs_completed": 11,
  "best_mse": 0.000988170690839376,
  "best_post_max": 0.13726092868160578
}