{
  "trial": 36,
  "x0trial": 7,
  "metrics": {
    "pre_max": 0.7820287549290015,
    "post_max": 0.13726092868160578,
    "mse": 0.000988170690839376
  },
  "theta": {
    "Gamma_p": 0.7289535668965945,
    "Gamma_n": 1.2376001940474552,
    "K_e": 38.420414270895975,
    "R0": 0.00034710580020204526,
    "V0": -4.927320634290558
  },
  "ab": {
    "sDn": 3.247462731332071,
    "sDp": 1.6358441395154113,
    "sDe": 1.1163253772762374,
    "gn": 0.0023873686855391584,
    "gp": 7665.872860250179,
    "ge": 0.9234057767130939
  },
  "x0": [
    9200.940555470776,
    9200.940555470776,
    9200.940555470776,
    9200.940555470776,
    12680.239827532307,
    12680.239827532307,
    12680.239827532307,
    12680.239827532307,
    0.0,
    0.0,
    0.0,
    0.0,
    0.0,
    0.0
  ]
}