{
  "mode": "free",
  "trial": 16,
  "x0trial": 11,
  "metrics": {
    "pre_max": 1.3974296631922165,
    "post_max": 0.0003604839489401712,
    "mse": 3.052986547223223e-09
  },
  "theta": {
    "Gamma_p": 15.685220545821716,
    "Gamma_n": 0.0007003014374981361,
    "K_e": 0.6846524787840169,
    "R0": 0.0034433998511669422
  },
  "ab": {
    "sDn": 0.0028486745598003717,
    "sDp": 1.087728225585296,
    "sDe": 1.24296495949393,
    "gn": 0.00036254937858715966,
    "gp": 0.9759462384889488,
    "ge": 0.9208623309080282
  },
  "x0": [
    16673.909388637854,
    16673.909388637854,
    16673.909388637854,
    16673.909388637854,
    16673.909388637854,
    16673.909388637854,
    16673.909388637854,
    16673.909388637854,
    16673.909388637854,
    16673.909388637854,
    16673.909388637854,
    16673.909388637854,
    16673.909388637854,
    16673.909388637854,
    16673.909388637854,
    16673.909388637854,
    7504.773162718956,
    7504.773162718956,
    7504.773162718956,
    7504.773162718956,
    7504.773162718956,
    7504.773162718956,
    7504.773162718956,
    7504.773162718956,
    7504.773162718956,
    7504.773162718956,
    7504.773162718956,
    7504.773162718956,
    7504.773162718956,
    7504.773162718956,
    7504.773162718956,
    7504.773162718956,
    0.0,
    0.0,
    0.0,
    0.0,
    0.0,
    0.0,
    0.0,
    0.0,
    0.0,
    0.0,
    0.0,
    0.0,
    0.0,
    0.0,
    0.0,
    0.0,
    0.0,
    0.0,
    0.0,
    0.0,
    0.0,
    0.0,
    0.0,
    0.0
  ]
}