{
  "trial": 20,
  "x0trial": 4,
  "metrics": {
    "pre_max": 0.8548238745714825,
    "post_max": 0.1383110712204232,
    "mse": 0.00105856201054284
  },
  "theta": {
    "Gamma_p": 0.7421525845452474,
    "Gamma_n": 1.3996541731780723,
    "K_e": 61.65736007580756,
    "R0": 2.5109617002653514e-05,
    "V0": -4.925661102720505
  },
  "ab": {
    "sDn": 0.9909988647117612,
    "sDp": 0.0005600858480999983,
    "sDe": 0.9753906854603699,
    "gn": 0.8852552121108851,
    "gp": 3176.5953083231266,
    "ge": 1.085406854272533
  },
  "x0": [
    4035.523299445853,
    4035.523299445853,
    4035.523299445853,
    4035.523299445853,
    14605.718727325477,
    14605.718727325477,
    14605.718727325477,
    14605.718727325477,
    0.0,
    0.0,
    0.0,
    0.0,
    0.0,
    0.0
  ]
}