{
  "trial_start": 20,
  "trial_end_exclusive": 21,
  "total_configs": 16,
  "runs_completed": 10,
  "best_mse": 0.00105856201054284,
  "best_post_max": 0.1383110712204232
}