{
  "mode": "free",
  "trial": 19,
  "x0trial": 1,
  "metrics": {
    "pre_max": 0.44184908669283374,
    "post_max": 0.0006253876355231114,
    "mse": 6.2575519864540605e-09
  },
  "theta": {
    "Gamma_p": 10055.133007068409,
    "Gamma_n": 1.556331918267634e-07,
    "K_e": 0.33027571052450055,
    "R0": 0.005159993211209243
  },
  "ab": {
    "sDn": 0.8993903329513655,
    "sDp": 0.927476652813813,
    "sDe": 0.8753102614600382,
    "gn": 0.67051156075979,
    "gp": 1.5050405409915557,
    "ge": 1.1330171742043176
  },
  "x0": [
    12329.779868424524,
    12329.779868424524,
    12329.779868424524,
    12329.779868424524,
    12329.779868424524,
    12329.779868424524,
    12329.779868424524,
    12329.779868424524,
    12329.779868424524,
    12329.779868424524,
    12329.779868424524,
    12329.779868424524,
    12329.779868424524,
    12329.779868424524,
    12329.779868424524,
    12329.779868424524,
    21087.502085503416,
    21087.502085503416,
    21087.502085503416,
    21087.502085503416,
    21087.502085503416,
    21087.502085503416,
    21087.502085503416,
    21087.502085503416,
    21087.502085503416,
    21087.502085503416,
    21087.502085503416,
    21087.502085503416,
    21087.502085503416,
    21087.502085503416,
    21087.502085503416,
    21087.502085503416,
    0.0,
    0.0,
    0.0,
    0.0,
    0.0,
    0.0,
    0.0,
    0.0,
    0.0,
    0.0,
    0.0,
    0.0,
    0.0,
    0.0,
    0.0,
    0.0,
    0.0,
    0.0,
    0.0,
    0.0,
    0.0,
    0.0,
    0.0,
    0.0
  ]
}