{
  "mode": "free",
  "trial": 0,
  "x0trial": 0,
  "metrics": {
    "pre_max": 0.14070138888175165,
    "post_max": 0.000699414126980713,
    "mse": 4.367995788138054e-09
  },
  "theta": {
    "Gamma_p": 1927.2133065888288,
    "Gamma_n": 5.137531083392857e-10,
    "K_e": 0.407703565551968,
    "R0": 0.009575626753833263
  },
  "ab": {
    "sDn": 0.9608541999919658,
    "sDp": 1.1277570929402345,
    "sDe": 1.0501883701666082,
    "gn": 0.6250618744153091,
    "gp": 0.033139722170179735,
    "ge": 0.9477970896530434
  },
  "x0": [
    4490.196876417423,
    4490.196876417423,
    4490.196876417423,
    4490.196876417423,
    16705.102777303684,
    16705.102777303684,
    16705.102777303684,
    16705.102777303684,
    0.0,
    0.0,
    0.0,
    0.0,
    0.0,
    0.0
  ]
}