{
  "mode": "locked",
  "trial": 30,
  "x0trial": 0,
  "metrics": {
    "pre_max": 2.124374349666253,
    "post_max": 0.00024108136167910743,
    "mse": 9.381006510196183e-10
  },
  "theta": {
    "Gamma_p": 769262092064.3123,
    "Gamma_n": 1.0230693025620048e-09,
    "K_e": 0.06797374037326195,
    "R0": 5.176121165838188e-07
  },
  "ab": {
    "sDn": 0.8127177910628162,
    "sDp": 1.390357232538576,
    "sDe": 0.6811163777374799,
    "gn": 1.2398015870337438,
    "gp": 0.678391451344906,
    "ge": 1.2988564973735455
  },
  "x0": [
    24800.0,
    24800.0,
    24800.0,
    24800.0,
    12400.0,
    12400.0,
    12400.0,
    12400.0,
    0.0,
    0.0,
    0.0,
    0.0,
    0.0,
    0.0
  ]
}