{
  "mode": "locked",
  "trial_start": 30,
  "trial_end_exclusive": 31,
  "total_configs": 1,
  "runs_completed": 1,
  "best_mse": 9.381006510196183e-10,
  "best_post_max": 0.00024108136167910743
}