{
  "trial": 13,
  "x0trial": 11,
  "metrics": {
    "pre_max": 0.8872061521822232,
    "post_max": 0.15003900908626067,
    "mse": 0.0022295284824342385
  },
  "theta": {
    "Gamma_p": 1.3861230393484263,
    "Gamma_n": 0.3639421860676979,
    "K_e": 100.3934862930637,
    "R0": 3.7125944811017266e-06,
    "V0": -4.285613984268983
  },
  "ab": {
    "sDn": 0.7304914405531129,
    "sDp": 5.6137955861569554e-06,
    "sDe": 0.6218723263618908,
    "gn": 0.045104275803121874,
    "gp": 763.014925036226,
    "ge": 0.7920071061629046
  },
  "x0": [
    16971.792389515736,
    16971.792389515736,
    16971.792389515736,
    16971.792389515736,
    16971.792389515736,
    16971.792389515736,
    16971.792389515736,
    16971.792389515736,
    16971.792389515736,
    16971.792389515736,
    16971.792389515736,
    16971.792389515736,
    16971.792389515736,
    16971.792389515736,
    16971.792389515736,
    16971.792389515736,
    16830.880098422014,
    16830.880098422014,
    16830.880098422014,
    16830.880098422014,
    16830.880098422014,
    16830.880098422014,
    16830.880098422014,
    16830.880098422014,
    16830.880098422014,
    16830.880098422014,
    16830.880098422014,
    16830.880098422014,
    16830.880098422014,
    16830.880098422014,
    16830.880098422014,
    16830.880098422014,
    0.0,
    0.0,
    0.0,
    0.0,
    0.0,
    0.0,
    0.0,
    0.0,
    0.0,
    0.0,
    0.0,
    0.0,
    0.0,
    0.0,
    0.0,
    0.0,
    0.0,
    0.0,
    0.0,
    0.0,
    0.0,
    0.0,
    0.0,
    0.0
  ]
}