{
  "trial": 20,
  "x0trial": 4,
  "metrics": {
    "pre_max": 0.6891769750718497,
    "post_max": 0.14027367313656125,
    "mse": 0.0011465676698472463
  },
  "theta": {
    "Gamma_p": 0.5423653237187364,
    "Gamma_n": 2.5038282449365763,
    "K_e": 47.412306505289294,
    "R0": 1.2534433662444217e-05,
    "V0": -4.9273025040402265
  },
  "ab": {
    "sDn": 0.7041710611561497,
    "sDp": 0.008733584623876503,
    "sDe": 1.7965538642017709,
    "gn": 1.020109378768097,
    "gp": 1232.5546569476603,
    "ge": 1.0334797801660136
  },
  "x0": [
    4035.523299445853,
    4035.523299445853,
    4035.523299445853,
    4035.523299445853,
    4035.523299445853,
    4035.523299445853,
    4035.523299445853,
    4035.523299445853,
    4035.523299445853,
    4035.523299445853,
    4035.523299445853,
    4035.523299445853,
    4035.523299445853,
    4035.523299445853,
    4035.523299445853,
    4035.523299445853,
    14605.718727325477,
    14605.718727325477,
    14605.718727325477,
    14605.718727325477,
    14605.718727325477,
    14605.718727325477,
    14605.718727325477,
    14605.718727325477,
    14605.718727325477,
    14605.718727325477,
    14605.718727325477,
    14605.718727325477,
    14605.718727325477,
    14605.718727325477,
    14605.718727325477,
    14605.718727325477,
    0.0,
    0.0,
    0.0,
    0.0,
    0.0,
    0.0,
    0.0,
    0.0,
    0.0,
    0.0,
    0.0,
    0.0,
    0.0,
    0.0,
    0.0,
    0.0,
    0.0,
    0.0,
    0.0,
    0.0,
    0.0,
    0.0,
    0.0,
    0.0
  ]
}