{
  "mode": "locked",
  "trial": 26,
  "x0trial": 0,
  "metrics": {
    "pre_max": 2.123596459498769,
    "post_max": 0.0002333225223392077,
    "mse": 8.904411106889354e-10
  },
  "theta": {
    "Gamma_p": 857780110119.816,
    "Gamma_n": 1.02314685715181e-09,
    "K_e": 0.06432518479441456,
    "R0": 5.877731610666059e-07
  },
  "ab": {
    "sDn": 0.7470470362302892,
    "sDp": 1.334917012751545,
    "sDe": 0.7002417627316476,
    "gn": 1.2728409723499992,
    "gp": 0.7779260156528189,
    "ge": 1.3713272293645806
  },
  "x0": [
    24800.0,
    24800.0,
    24800.0,
    24800.0,
    12400.0,
    12400.0,
    12400.0,
    12400.0,
    0.0,
    0.0,
    0.0,
    0.0,
    0.0,
    0.0
  ]
}