{
  "mode": "locked",
  "trial_start": 12,
  "trial_end_exclusive": 13,
  "total_configs": 1,
  "runs_completed": 1,
  "best_mse": 3.881946096302341e-09,
  "best_post_max": 0.0004952958047983458
}