{
  "mode": "free",
  "trial_start": 1,
  "trial_end_exclusive": 2,
  "total_configs": 16,
  "runs_completed": 12,
  "best_mse": 6.324475488637346e-09,
  "best_post_max": 0.0005694737183610243
}