{
  "trial": 14,
  "x0trial": 1,
  "metrics": {
    "pre_max": 1.8616301148819936,
    "post_max": 0.13566816979848317,
    "mse": 0.0009800544629698774
  },
  "theta": {
    "Gamma_p": 1.0812265487258015,
    "Gamma_n": 0.875630773562482,
    "K_e": 43.97961313469744,
    "R0": 0.02296436566814527,
    "V0": -4.134256431671673
  },
  "ab": {
    "sDn": 45.26908187225225,
    "sDp": 0.9825370318579678,
    "sDe": 1.0459637555060717,
    "gn": 1.6821863030282734e-08,
    "gp": 6053.594607602483,
    "ge": 1.1259333752178822
  },
  "x0": [
    22085.99428679126,
    22085.99428679126,
    22085.99428679126,
    22085.99428679126,
    22085.99428679126,
    22085.99428679126,
    22085.99428679126,
    22085.99428679126,
    22085.99428679126,
    22085.99428679126,
    22085.99428679126,
    22085.99428679126,
    22085.99428679126,
    22085.99428679126,
    22085.99428679126,
    22085.99428679126,
    12675.371779069563,
    12675.371779069563,
    12675.371779069563,
    12675.371779069563,
    12675.371779069563,
    12675.371779069563,
    12675.371779069563,
    12675.371779069563,
    12675.371779069563,
    12675.371779069563,
    12675.371779069563,
    12675.371779069563,
    12675.371779069563,
    12675.371779069563,
    12675.371779069563,
    12675.371779069563,
    0.0,
    0.0,
    0.0,
    0.0,
    0.0,
    0.0,
    0.0,
    0.0,
    0.0,
    0.0,
    0.0,
    0.0,
    0.0,
    0.0,
    0.0,
    0.0,
    0.0,
    0.0,
    0.0,
    0.0,
    0.0,
    0.0,
    0.0,
    0.0
  ]
}