{
  "mode": "free",
  "trial_start": 37,
  "trial_end_exclusive": 38,
  "total_configs": 16,
  "runs_completed": 11,
  "best_mse": 1.571650419381879e-08,
  "best_post_max": 0.001977809704570177
}