{
  "mode": "free",
  "trial": 37,
  "x0trial": 12,
  "metrics": {
    "pre_max": 2.88334354210812,
    "post_max": 0.001977809704570177,
    "mse": 1.571650419381879e-08
  },
  "theta": {
    "Gamma_p": 852517547053.0243,
    "Gamma_n": 281.0950744183405,
    "K_e": 33.60216369632225,
    "R0": 5.827000306318569e-07
  },
  "ab": {
    "sDn": 0.7645237390532884,
    "sDp": 1.2369175512744317,
    "sDe": 9.342516438984486,
    "gn": 1.5763879460659074,
    "gp": 0.6088105996621913,
    "ge": 103.4854492364961
  },
  "x0": [
    28724.08792513056,
    28724.08792513056,
    28724.08792513056,
    28724.08792513056,
    25357.077939083887,
    25357.077939083887,
    25357.077939083887,
    25357.077939083887,
    0.0,
    0.0,
    0.0,
    0.0,
    0.0,
    0.0
  ]
}