{
  "trial": 48,
  "x0trial": 10,
  "metrics": {
    "pre_max": 0.8792068193236693,
    "post_max": 0.13839936809391507,
    "mse": 0.0010470150418273347
  },
  "theta": {
    "Gamma_p": 0.7618292631280876,
    "Gamma_n": 1.3517365880764647,
    "K_e": 79.48083246596156,
    "R0": 1.6840958558669967e-05,
    "V0": -4.926638441883994
  },
  "ab": {
    "sDn": 1.0592588109811567,
    "sDp": 0.0008275014331267859,
    "sDe": 1.0362118664371451,
    "gn": 0.9331187477611778,
    "gp": 3235.0476130062175,
    "ge": 0.9227326043549362
  },
  "x0": [
    3565.7565545805724,
    3565.7565545805724,
    3565.7565545805724,
    3565.7565545805724,
    14491.043790779984,
    14491.043790779984,
    14491.043790779984,
    14491.043790779984,
    0.0,
    0.0,
    0.0,
    0.0,
    0.0,
    0.0
  ]
}