{
  "trial_start": 48,
  "trial_end_exclusive": 49,
  "total_configs": 16,
  "runs_completed": 11,
  "best_mse": 0.0010470150418273347,
  "best_post_max": 0.13839936809391507
}