{
  "mode": "free",
  "trial_start": 31,
  "trial_end_exclusive": 32,
  "total_configs": 16,
  "runs_completed": 14,
  "best_mse": 3.1916729852502047e-09,
  "best_post_max": 0.0007329672003884014
}