{
  "mode": "free",
  "trial": 31,
  "x0trial": 9,
  "metrics": {
    "pre_max": 0.2601691659094989,
    "post_max": 0.0007329672003884014,
    "mse": 3.1916729852502047e-09
  },
  "theta": {
    "Gamma_p": 1158.991238018821,
    "Gamma_n": 1.7562959030656844e-10,
    "K_e": 0.4286975956769808,
    "R0": 0.01095295269072216
  },
  "ab": {
    "sDn": 0.937953371618799,
    "sDp": 1.0255873811546532,
    "sDe": 1.073789762889105,
    "gn": 1.0684499409017496,
    "gp": 0.21967048113038634,
    "ge": 0.9311700189314298
  },
  "x0": [
    7948.524060972993,
    7948.524060972993,
    7948.524060972993,
    7948.524060972993,
    14342.769701062452,
    14342.769701062452,
    14342.769701062452,
    14342.769701062452,
    0.0,
    0.0,
    0.0,
    0.0,
    0.0,
    0.0
  ]
}