{
  "mode": "free",
  "trial_start": 6,
  "trial_end_exclusive": 7,
  "total_configs": 16,
  "runs_completed": 4,
  "best_mse": 9.19817577407465e-09,
  "best_post_max": 0.000611998893424115
}