{
  "trial": 29,
  "x0trial": 9,
  "metrics": {
    "pre_max": 0.8613172869820707,
    "post_max": 0.13606002634766412,
    "mse": 0.0009793729409186065
  },
  "theta": {
    "Gamma_p": 0.7939032405385532,
    "Gamma_n": 1.1506274726862415,
    "K_e": 31.72954220055765,
    "R0": 0.002523965095148494,
    "V0": -4.927187825952955
  },
  "ab": {
    "sDn": 1.3647839154119088,
    "sDp": 0.5765221017184342,
    "sDe": 1.0044563043324528,
    "gn": 0.009908184618769144,
    "gp": 5549.541855939217,
    "ge": 1.0826649250357407
  },
  "x0": [
    9029.821358738895,
    9029.821358738895,
    9029.821358738895,
    9029.821358738895,
    9029.821358738895,
    9029.821358738895,
    9029.821358738895,
    9029.821358738895,
    9029.821358738895,
    9029.821358738895,
    9029.821358738895,
    9029.821358738895,
    9029.821358738895,
    9029.821358738895,
    9029.821358738895,
    9029.821358738895,
    12190.90249403755,
    12190.90249403755,
    12190.90249403755,
    12190.90249403755,
    12190.90249403755,
    12190.90249403755,
    12190.90249403755,
    12190.90249403755,
    12190.90249403755,
    12190.90249403755,
    12190.90249403755,
    12190.90249403755,
    12190.90249403755,
    12190.90249403755,
    12190.90249403755,
    12190.90249403755,
    0.0,
    0.0,
    0.0,
    0.0,
    0.0,
    0.0,
    0.0,
    0.0,
    0.0,
    0.0,
    0.0,
    0.0,
    0.0,
    0.0,
    0.0,
    0.0,
    0.0,
    0.0,
    0.0,
    0.0,
    0.0,
    0.0,
    0.0,
    0.0
  ]
}