{
  "mode": "free",
  "trial_start": 4,
  "trial_end_exclusive": 5,
  "total_configs": 16,
  "runs_completed": 10,
  "best_mse": 4.160585224748912e-09,
  "best_post_max": 0.0005939766861970952
}