{
  "mode": "free",
  "trial": 4,
  "x0trial": 7,
  "metrics": {
    "pre_max": 0.049144485914460745,
    "post_max": 0.0005939766861970952,
    "mse": 4.160585224748912e-09
  },
  "theta": {
    "Gamma_p": 26881.022977350513,
    "Gamma_n": 2.246525433893576e-09,
    "K_e": 0.32529950436188504,
    "R0": 0.0047637230969256785
  },
  "ab": {
    "sDn": 1.2264304474882513,
    "sDp": 1.0227008134952171,
    "sDe": 1.0218878905629667,
    "gn": 0.036786789563826854,
    "gp": 1.3717250822962601,
    "ge": 1.0207047310673922
  },
  "x0": [
    13278.911876559678,
    13278.911876559678,
    13278.911876559678,
    13278.911876559678,
    13393.88749965629,
    13393.88749965629,
    13393.88749965629,
    13393.88749965629,
    0.0,
    0.0,
    0.0,
    0.0,
    0.0,
    0.0
  ]
}