{
  "mode": "locked",
  "trial": 18,
  "x0trial": 0,
  "metrics": {
    "pre_max": 2.0640054082095602,
    "post_max": 0.0005260949356724609,
    "mse": 5.5843685812611445e-09
  },
  "theta": {
    "Gamma_p": 1191351593542.58,
    "Gamma_n": 1.0203850380788082e-09,
    "K_e": 0.1027201366596648,
    "R0": 7.704682836694126e-07
  },
  "ab": {
    "sDn": 0.7621893633694554,
    "sDp": 1.6977176244893664,
    "sDe": 0.5344155969658022,
    "gn": 1.571950703507484,
    "gp": 0.7384304618616325,
    "ge": 1.7228139967585876
  },
  "x0": [
    24800.0,
    24800.0,
    24800.0,
    24800.0,
    24800.0,
    24800.0,
    24800.0,
    24800.0,
    24800.0,
    24800.0,
    24800.0,
    24800.0,
    24800.0,
    24800.0,
    24800.0,
    24800.0,
    12400.0,
    12400.0,
    12400.0,
    12400.0,
    12400.0,
    12400.0,
    12400.0,
    12400.0,
    12400.0,
    12400.0,
    12400.0,
    12400.0,
    12400.0,
    12400.0,
    12400.0,
    12400.0,
    0.0,
    0.0,
    0.0,
    0.0,
    0.0,
    0.0,
    0.0,
    0.0,
    0.0,
    0.0,
    0.0,
    0.0,
    0.0,
    0.0,
    0.0,
    0.0,
    0.0,
    0.0,
    0.0,
    0.0,
    0.0,
    0.0,
    0.0,
    0.0
  ]
}