{
  "mode": "locked",
  "trial_start": 18,
  "trial_end_exclusive": 19,
  "total_configs": 1,
  "runs_completed": 1,
  "best_mse": 5.5843685812611445e-09,
  "best_post_max": 0.0005260949356724609
}