mode,trial,x0trial,ok_run,pre_max,post_max,mse,wall_s,err,Gamma_p,Gamma_n,K_e,R0,sDn,sDp,sDe,gn,gp,ge
locked,12,0,1,2.130997919765081,0.00026341074147140375,1.0037929155317723e-09,24.993202686309814,,906213103956.1871,1.0228536404894123e-09,0.06943058082868707,4.475952564828492e-07,0.7357078678199778,1.3822452409858608,0.7207042234170619,1.2624829476616288,0.8256735812144594,1.4525052749540452
