{
  "mode": "locked",
  "trial": 12,
  "x0trial": 0,
  "metrics": {
    "pre_max": 2.130997919765081,
    "post_max": 0.00026341074147140375,
    "mse": 1.0037929155317723e-09
  },
  "theta": {
    "Gamma_p": 906213103956.1871,
    "Gamma_n": 1.0228536404894123e-09,
    "K_e": 0.06943058082868707,
    "R0": 4.475952564828492e-07
  },
  "ab": {
    "sDn": 0.7357078678199778,
    "sDp": 1.3822452409858608,
    "sDe": 0.7207042234170619,
    "gn": 1.2624829476616288,
    "gp": 0.8256735812144594,
    "ge": 1.4525052749540452
  },
  "x0": [
    24800.0,
    24800.0,
    24800.0,
    24800.0,
    12400.0,
    12400.0,
    12400.0,
    12400.0,
    0.0,
    0.0,
    0.0,
    0.0,
    0.0,
    0.0
  ]
}