{
  "mode": "locked",
  "trial_start": 12,
  "trial_end_exclusive": 13,
  "total_configs": 1,
  "runs_completed": 1,
  "best_mse": 1.0037929155317723e-09,
  "best_post_max": 0.00026341074147140375
}