{
  "mode": "locked",
  "trial": 28,
  "x0trial": 0,
  "metrics": {
    "pre_max": 2.1308034687055386,
    "post_max": 0.0001679383150534619,
    "mse": 6.214559975353679e-10
  },
  "theta": {
    "Gamma_p": 964370074834.6459,
    "Gamma_n": 1.0237694958274606e-09,
    "K_e": 0.05627894583380376,
    "R0": 6.317764041443127e-07
  },
  "ab": {
    "sDn": 0.7882161233061705,
    "sDp": 1.3304482630504952,
    "sDe": 0.7819757712481654,
    "gn": 1.3438539154664038,
    "gp": 0.7724738674918588,
    "ge": 1.3260306592626077
  },
  "x0": [
    24800.0,
    24800.0,
    24800.0,
    24800.0,
    12400.0,
    12400.0,
    12400.0,
    12400.0,
    0.0,
    0.0,
    0.0,
    0.0,
    0.0,
    0.0
  ]
}