{
  "trial": 9,
  "x0trial": 14,
  "metrics": {
    "pre_max": 0.7419879037261055,
    "post_max": 0.13624305414532056,
    "mse": 0.0009805869973808854
  },
  "theta": {
    "Gamma_p": 0.7830841585974131,
    "Gamma_n": 1.1780743816810535,
    "K_e": 46.403075330742396,
    "R0": 0.04166279354584,
    "V0": -4.93060827053113
  },
  "ab": {
    "sDn": 1.436307596517716,
    "sDp": 0.49831530053167145,
    "sDe": 1.1740994426747797,
    "gn": 0.0974834321286693,
    "gp": 5388.240993070887,
    "ge": 0.9496340452936484
  },
  "x0": [
    7858.14333343248,
    7858.14333343248,
    7858.14333343248,
    7858.14333343248,
    7858.14333343248,
    7858.14333343248,
    7858.14333343248,
    7858.14333343248,
    7858.14333343248,
    7858.14333343248,
    7858.14333343248,
    7858.14333343248,
    7858.14333343248,
    7858.14333343248,
    7858.14333343248,
    7858.14333343248,
    12069.8727496785,
    12069.8727496785,
    12069.8727496785,
    12069.8727496785,
    12069.8727496785,
    12069.8727496785,
    12069.8727496785,
    12069.8727496785,
    12069.8727496785,
    12069.8727496785,
    12069.8727496785,
    12069.8727496785,
    12069.8727496785,
    12069.8727496785,
    12069.8727496785,
    12069.8727496785,
    0.0,
    0.0,
    0.0,
    0.0,
    0.0,
    0.0,
    0.0,
    0.0,
    0.0,
    0.0,
    0.0,
    0.0,
    0.0,
    0.0,
    0.0,
    0.0,
    0.0,
    0.0,
    0.0,
    0.0,
    0.0,
    0.0,
    0.0,
    0.0
  ]
}