{
  "mode": "locked",
  "trial_start": 22,
  "trial_end_exclusive": 23,
  "total_configs": 1,
  "runs_completed": 1,
  "best_mse": 2.280571622072321e-09,
  "best_post_max": 0.00036803985761224567
}