{
  "mode": "locked",
  "trial": 22,
  "x0trial": 0,
  "metrics": {
    "pre_max": 2.1794554820425134,
    "post_max": 0.00036803985761224567,
    "mse": 2.280571622072321e-09
  },
  "theta": {
    "Gamma_p": 779783874845.3542,
    "Gamma_n": 1.0218666571099578e-09,
    "K_e": 0.12091076511285098,
    "R0": 5.233035108735227e-07
  },
  "ab": {
    "sDn": 0.7474261944328504,
    "sDp": 1.8603546294357354,
    "sDe": 1.062300002164469,
    "gn": 1.1598676202899958,
    "gp": 0.4568327980251003,
    "ge": 1.989744122422113
  },
  "x0": [
    24800.0,
    24800.0,
    24800.0,
    24800.0,
    24800.0,
    24800.0,
    24800.0,
    24800.0,
    24800.0,
    24800.0,
    24800.0,
    24800.0,
    24800.0,
    24800.0,
    24800.0,
    24800.0,
    12400.0,
    12400.0,
    12400.0,
    12400.0,
    12400.0,
    12400.0,
    12400.0,
    12400.0,
    12400.0,
    12400.0,
    12400.0,
    12400.0,
    12400.0,
    12400.0,
    12400.0,
    12400.0,
    0.0,
    0.0,
    0.0,
    0.0,
    0.0,
    0.0,
    0.0,
    0.0,
    0.0,
    0.0,
    0.0,
    0.0,
    0.0,
    0.0,
    0.0,
    0.0,
    0.0,
    0.0,
    0.0,
    0.0,
    0.0,
    0.0,
    0.0,
    0.0
  ]
}