{
  "mode": "locked",
  "trial": 2,
  "x0trial": 0,
  "metrics": {
    "pre_max": 2.14725871699517,
    "post_max": 0.00026083901816953414,
    "mse": 1.0410669904857788e-09
  },
  "theta": {
    "Gamma_p": 953899976261.3452,
    "Gamma_n": 1.0228850814801222e-09,
    "K_e": 0.06756410489467579,
    "R0": 5.717922202883335e-07
  },
  "ab": {
    "sDn": 0.7129881003110661,
    "sDp": 1.3520565124942474,
    "sDe": 0.6661185081917534,
    "gn": 1.2593463014785824,
    "gp": 0.8011191667283927,
    "ge": 1.3689851623606035
  },
  "x0": [
    24800.0,
    24800.0,
    24800.0,
    24800.0,
    12400.0,
    12400.0,
    12400.0,
    12400.0,
    0.0,
    0.0,
    0.0,
    0.0,
    0.0,
    0.0
  ]
}