{
  "trial": 5,
  "x0trial": 0,
  "metrics": {
    "pre_max": 0.7798505941925651,
    "post_max": 0.13808149875629372,
    "mse": 0.0010195348522379424
  },
  "theta": {
    "Gamma_p": 0.7127390704498211,
    "Gamma_n": 1.1881189797183838,
    "K_e": 46.30895985286434,
    "R0": 0.00013151626334791388,
    "V0": -4.928527178604974
  },
  "ab": {
    "sDn": 1.6247249218143214,
    "sDp": 0.11348039371808473,
    "sDe": 1.0210735572874634,
    "gn": 0.11551249411991463,
    "gp": 4099.475049545408,
    "ge": 0.9421798246027894
  },
  "x0": [
    8092.834626588087,
    8092.834626588087,
    8092.834626588087,
    8092.834626588087,
    13685.036707081461,
    13685.036707081461,
    13685.036707081461,
    13685.036707081461,
    0.0,
    0.0,
    0.0,
    0.0,
    0.0,
    0.0
  ]
}