{
  "mode": "free",
  "trial_start": 8,
  "trial_end_exclusive": 9,
  "total_configs": 16,
  "runs_completed": 12,
  "best_mse": 3.2738954028301135e-09,
  "best_post_max": 0.0006572187206437263
}