{
  "mode": "free",
  "trial": 8,
  "x0trial": 1,
  "metrics": {
    "pre_max": 0.46601817521593425,
    "post_max": 0.0006572187206437263,
    "mse": 3.2738954028301135e-09
  },
  "theta": {
    "Gamma_p": 4.839320930133645,
    "Gamma_n": 1.3008191999549097e-07,
    "K_e": 0.7525206772615636,
    "R0": 0.011574373786810732
  },
  "ab": {
    "sDn": 1.1805253588169529,
    "sDp": 1.006987227414021,
    "sDe": 1.25729375494805,
    "gn": 0.024200415173582453,
    "gp": 1.1255552876423758,
    "ge": 0.8935147758812838
  },
  "x0": [
    10043.987452184836,
    10043.987452184836,
    10043.987452184836,
    10043.987452184836,
    25832.185846587126,
    25832.185846587126,
    25832.185846587126,
    25832.185846587126,
    0.0,
    0.0,
    0.0,
    0.0,
    0.0,
    0.0
  ]
}