{
  "mode": "locked",
  "trial": 39,
  "x0trial": 0,
  "metrics": {
    "pre_max": 2.141937377910022,
    "post_max": 0.0001948815280812255,
    "mse": 7.261985224592956e-10
  },
  "theta": {
    "Gamma_p": 862353756842.1681,
    "Gamma_n": 1.0235064974616377e-09,
    "K_e": 0.058651062230811415,
    "R0": 5.015627174688635e-07
  },
  "ab": {
    "sDn": 0.7957609012023521,
    "sDp": 1.3830110493123835,
    "sDe": 0.7327765343482411,
    "gn": 1.4323298665615152,
    "gp": 0.7472614915991886,
    "ge": 1.3497085789848067
  },
  "x0": [
    24800.0,
    24800.0,
    24800.0,
    24800.0,
    12400.0,
    12400.0,
    12400.0,
    12400.0,
    0.0,
    0.0,
    0.0,
    0.0,
    0.0,
    0.0
  ]
}