{
  "mode": "locked",
  "trial_start": 39,
  "trial_end_exclusive": 40,
  "total_configs": 1,
  "runs_completed": 1,
  "best_mse": 7.261985224592956e-10,
  "best_post_max": 0.0001948815280812255
}