{
  "trial": 0,
  "x0trial": 12,
  "metrics": {
    "pre_max": 0.9650712838184194,
    "post_max": 0.13833912070814058,
    "mse": 0.0011477304420429448
  },
  "theta": {
    "Gamma_p": 0.7063320032418009,
    "Gamma_n": 1.1628524151014674,
    "K_e": 85.80350673752022,
    "R0": 2.7354083740877886e-05,
    "V0": -4.910069567624807
  },
  "ab": {
    "sDn": 1.81028939722131,
    "sDp": 0.0003242801837831502,
    "sDe": 1.286220700186055,
    "gn": 0.019803639419384143,
    "gp": 2931.737895674646,
    "ge": 1.0207183491486411
  },
  "x0": [
    10205.748328094862,
    10205.748328094862,
    10205.748328094862,
    10205.748328094862,
    15104.806511406914,
    15104.806511406914,
    15104.806511406914,
    15104.806511406914,
    0.0,
    0.0,
    0.0,
    0.0,
    0.0,
    0.0
  ]
}