{
  "mode": "locked",
  "trial": 42,
  "x0trial": 0,
  "metrics": {
    "pre_max": 2.2698099099742404,
    "post_max": 6.617898198513217e-05,
    "mse": 1.0213047594631415e-09
  },
  "theta": {
    "Gamma_p": 2105788113537.9001,
    "Gamma_n": 1.0247692452968675e-09,
    "K_e": 0.03528291599169491,
    "R0": 1.0347123207079904e-06
  },
  "ab": {
    "sDn": 0.47433781857275414,
    "sDp": 1.495505976930307,
    "sDe": 0.747508025301818,
    "gn": 1.5782510966861434,
    "gp": 0.5437847667383484,
    "ge": 0.7164836909262303
  },
  "x0": [
    24800.0,
    24800.0,
    24800.0,
    24800.0,
    24800.0,
    24800.0,
    24800.0,
    24800.0,
    24800.0,
    24800.0,
    24800.0,
    24800.0,
    24800.0,
    24800.0,
    24800.0,
    24800.0,
    12400.0,
    12400.0,
    12400.0,
    12400.0,
    12400.0,
    12400.0,
    12400.0,
    12400.0,
    12400.0,
    12400.0,
    12400.0,
    12400.0,
    12400.0,
    12400.0,
    12400.0,
    12400.0,
    0.0,
    0.0,
    0.0,
    0.0,
    0.0,
    0.0,
    0.0,
    0.0,
    0.0,
    0.0,
    0.0,
    0.0,
    0.0,
    0.0,
    0.0,
    0.0,
    0.0,
    0.0,
    0.0,
    0.0,
    0.0,
    0.0,
    0.0,
    0.0
  ]
}