{
  "mode": "locked",
  "trial_start": 38,
  "trial_end_exclusive": 39,
  "total_configs": 1,
  "runs_completed": 1,
  "best_mse": 1.1062060052021139e-09,
  "best_post_max": 0.00011376566992282733
}