{
  "mode": "free",
  "trial": 20,
  "x0trial": 12,
  "metrics": {
    "pre_max": 0.2501565370715877,
    "post_max": 0.0009097249134413232,
    "mse": 1.010559225289771e-08
  },
  "theta": {
    "Gamma_p": 1649.7101280209176,
    "Gamma_n": 1.96516881989829e-10,
    "K_e": 0.5060416001252409,
    "R0": 0.010116694241269103
  },
  "ab": {
    "sDn": 6.066938632011708,
    "sDp": 4.586009853240407,
    "sDe": 1.0039250149216352,
    "gn": 0.0014113263866723604,
    "gp": 0.017616110764366307,
    "ge": 0.9603553133104318
  },
  "x0": [
    3479.0069500358322,
    3479.0069500358322,
    3479.0069500358322,
    3479.0069500358322,
    3479.0069500358322,
    3479.0069500358322,
    3479.0069500358322,
    3479.0069500358322,
    3479.0069500358322,
    3479.0069500358322,
    3479.0069500358322,
    3479.0069500358322,
    3479.0069500358322,
    3479.0069500358322,
    3479.0069500358322,
    3479.0069500358322,
    13317.01657704192,
    13317.01657704192,
    13317.01657704192,
    13317.01657704192,
    13317.01657704192,
    13317.01657704192,
    13317.01657704192,
    13317.01657704192,
    13317.01657704192,
    13317.01657704192,
    13317.01657704192,
    13317.01657704192,
    13317.01657704192,
    13317.01657704192,
    13317.01657704192,
    13317.01657704192,
    0.0,
    0.0,
    0.0,
    0.0,
    0.0,
    0.0,
    0.0,
    0.0,
    0.0,
    0.0,
    0.0,
    0.0,
    0.0,
    0.0,
    0.0,
    0.0,
    0.0,
    0.0,
    0.0,
    0.0,
    0.0,
    0.0,
    0.0,
    0.0
  ]
}