{
  "mode": "free",
  "trial": 49,
  "x0trial": 15,
  "metrics": {
    "pre_max": 1.7182602268534612,
    "post_max": 0.0008453654365911945,
    "mse": 1.3121019463263827e-08
  },
  "theta": {
    "Gamma_p": 13590.073561542404,
    "Gamma_n": 0.007499872970490239,
    "K_e": 0.3833359474861344,
    "R0": 0.0043137805763138375
  },
  "ab": {
    "sDn": 0.08059709912553742,
    "sDp": 1.4492344326890936,
    "sDe": 0.7761562023284179,
    "gn": 0.008974598486907136,
    "gp": 1.064529829360815,
    "ge": 1.00815868060863
  },
  "x0": [
    17406.544669114082,
    17406.544669114082,
    17406.544669114082,
    17406.544669114082,
    17406.544669114082,
    17406.544669114082,
    17406.544669114082,
    17406.544669114082,
    17406.544669114082,
    17406.544669114082,
    17406.544669114082,
    17406.544669114082,
    17406.544669114082,
    17406.544669114082,
    17406.544669114082,
    17406.544669114082,
    11294.874841861156,
    11294.874841861156,
    11294.874841861156,
    11294.874841861156,
    11294.874841861156,
    11294.874841861156,
    11294.874841861156,
    11294.874841861156,
    11294.874841861156,
    11294.874841861156,
    11294.874841861156,
    11294.874841861156,
    11294.874841861156,
    11294.874841861156,
    11294.874841861156,
    11294.874841861156,
    0.0,
    0.0,
    0.0,
    0.0,
    0.0,
    0.0,
    0.0,
    0.0,
    0.0,
    0.0,
    0.0,
    0.0,
    0.0,
    0.0,
    0.0,
    0.0,
    0.0,
    0.0,
    0.0,
    0.0,
    0.0,
    0.0,
    0.0,
    0.0
  ]
}