{
  "trial": 27,
  "x0trial": 15,
  "metrics": {
    "pre_max": 1.255626023483329,
    "post_max": 0.13589136917461309,
    "mse": 0.0010030186028716637
  },
  "theta": {
    "Gamma_p": 1.476506279139263,
    "Gamma_n": 1.326145471247105,
    "K_e": 31.47246363779051,
    "R0": 6.094224091826155e-05,
    "V0": -4.1306818214256165
  },
  "ab": {
    "sDn": 1.218787680675292,
    "sDp": 0.07003601193457817,
    "sDe": 0.671573388094201,
    "gn": 0.8765380023273603,
    "gp": 2602.8868841151325,
    "ge": 1.0135550761196204
  },
  "x0": [
    29301.560910877062,
    29301.560910877062,
    29301.560910877062,
    29301.560910877062,
    29301.560910877062,
    29301.560910877062,
    29301.560910877062,
    29301.560910877062,
    29301.560910877062,
    29301.560910877062,
    29301.560910877062,
    29301.560910877062,
    29301.560910877062,
    29301.560910877062,
    29301.560910877062,
    29301.560910877062,
    12796.386387537097,
    12796.386387537097,
    12796.386387537097,
    12796.386387537097,
    12796.386387537097,
    12796.386387537097,
    12796.386387537097,
    12796.386387537097,
    12796.386387537097,
    12796.386387537097,
    12796.386387537097,
    12796.386387537097,
    12796.386387537097,
    12796.386387537097,
    12796.386387537097,
    12796.386387537097,
    0.0,
    0.0,
    0.0,
    0.0,
    0.0,
    0.0,
    0.0,
    0.0,
    0.0,
    0.0,
    0.0,
    0.0,
    0.0,
    0.0,
    0.0,
    0.0,
    0.0,
    0.0,
    0.0,
    0.0,
    0.0,
    0.0,
    0.0,
    0.0
  ]
}