{
  "trial_start": 27,
  "trial_end_exclusive": 28,
  "total_configs": 16,
  "runs_completed": 11,
  "best_mse": 0.0010030186028716637,
  "best_post_max": 0.13589136917461309
}