{
  "trial_start": 22,
  "trial_end_exclusive": 23,
  "total_configs": 16,
  "runs_completed": 11,
  "best_mse": 0.000978743634195206,
  "best_post_max": 0.1357006923305386
}