{
  "trial": 22,
  "x0trial": 4,
  "metrics": {
    "pre_max": 0.9648745072098817,
    "post_max": 0.1357006923305386,
    "mse": 0.000978743634195206
  },
  "theta": {
    "Gamma_p": 0.6334221225099107,
    "Gamma_n": 0.9309266062938023,
    "K_e": 37.874482202804344,
    "R0": 0.10353407648894986,
    "V0": -4.1317742089145
  },
  "ab": {
    "sDn": 1.1037099957995455,
    "sDp": 0.7528352196580392,
    "sDe": 1.0751242817755038,
    "gn": 0.8220348428672797,
    "gp": 5829.892712864132,
    "ge": 1.0000791056707143
  },
  "x0": [
    27074.15950486056,
    27074.15950486056,
    27074.15950486056,
    27074.15950486056,
    27074.15950486056,
    27074.15950486056,
    27074.15950486056,
    27074.15950486056,
    27074.15950486056,
    27074.15950486056,
    27074.15950486056,
    27074.15950486056,
    27074.15950486056,
    27074.15950486056,
    27074.15950486056,
    27074.15950486056,
    12419.760617258667,
    12419.760617258667,
    12419.760617258667,
    12419.760617258667,
    12419.760617258667,
    12419.760617258667,
    12419.760617258667,
    12419.760617258667,
    12419.760617258667,
    12419.760617258667,
    12419.760617258667,
    12419.760617258667,
    12419.760617258667,
    12419.760617258667,
    12419.760617258667,
    12419.760617258667,
    0.0,
    0.0,
    0.0,
    0.0,
    0.0,
    0.0,
    0.0,
    0.0,
    0.0,
    0.0,
    0.0,
    0.0,
    0.0,
    0.0,
    0.0,
    0.0,
    0.0,
    0.0,
    0.0,
    0.0,
    0.0,
    0.0,
    0.0,
    0.0
  ]
}