{
  "mode": "free",
  "trial": 37,
  "x0trial": 15,
  "metrics": {
    "pre_max": 0.36848484338827703,
    "post_max": 0.0011884917485680546,
    "mse": 1.2767998369070526e-08
  },
  "theta": {
    "Gamma_p": 3.6723813301629384,
    "Gamma_n": 5.995583097918589e-08,
    "K_e": 0.8934646207159798,
    "R0": 0.007480290017067767
  },
  "ab": {
    "sDn": 0.8418532559755385,
    "sDp": 1.1941905195355236,
    "sDe": 0.9797971378751626,
    "gn": 0.8230795847672704,
    "gp": 0.9994105211234746,
    "ge": 1.030885318359939
  },
  "x0": [
    12195.687913878144,
    12195.687913878144,
    12195.687913878144,
    12195.687913878144,
    12195.687913878144,
    12195.687913878144,
    12195.687913878144,
    12195.687913878144,
    12195.687913878144,
    12195.687913878144,
    12195.687913878144,
    12195.687913878144,
    12195.687913878144,
    12195.687913878144,
    12195.687913878144,
    12195.687913878144,
    19932.889677112395,
    19932.889677112395,
    19932.889677112395,
    19932.889677112395,
    19932.889677112395,
    19932.889677112395,
    19932.889677112395,
    19932.889677112395,
    19932.889677112395,
    19932.889677112395,
    19932.889677112395,
    19932.889677112395,
    19932.889677112395,
    19932.889677112395,
    19932.889677112395,
    19932.889677112395,
    0.0,
    0.0,
    0.0,
    0.0,
    0.0,
    0.0,
    0.0,
    0.0,
    0.0,
    0.0,
    0.0,
    0.0,
    0.0,
    0.0,
    0.0,
    0.0,
    0.0,
    0.0,
    0.0,
    0.0,
    0.0,
    0.0,
    0.0,
    0.0
  ]
}