{
  "mode": "free",
  "trial_start": 43,
  "trial_end_exclusive": 44,
  "total_configs": 16,
  "runs_completed": 13,
  "best_mse": 1.6627621024245464e-09,
  "best_post_max": 0.0002680636222791577
}