{
  "mode": "free",
  "trial": 43,
  "x0trial": 12,
  "metrics": {
    "pre_max": 0.26579146375085116,
    "post_max": 0.0002680636222791577,
    "mse": 1.6627621024245464e-09
  },
  "theta": {
    "Gamma_p": 0.11442446825061156,
    "Gamma_n": 1.474046266690561e-10,
    "K_e": 1.254584677792451,
    "R0": 0.020063396862618814
  },
  "ab": {
    "sDn": 1.0334540338224862,
    "sDp": 1.0263835236483245,
    "sDe": 1.1335190951132135,
    "gn": 0.8244957452155421,
    "gp": 0.8319887231681976,
    "ge": 0.9722538041179631
  },
  "x0": [
    6582.404172253225,
    6582.404172253225,
    6582.404172253225,
    6582.404172253225,
    12442.724641413824,
    12442.724641413824,
    12442.724641413824,
    12442.724641413824,
    0.0,
    0.0,
    0.0,
    0.0,
    0.0,
    0.0
  ]
}