{
  "mode": "free",
  "trial_start": 33,
  "trial_end_exclusive": 34,
  "total_configs": 16,
  "runs_completed": 6,
  "best_mse": 4.1772900754942555e-09,
  "best_post_max": 0.00012181909968234095
}