{
  "mode": "locked",
  "trial": 2,
  "x0trial": 0,
  "metrics": {
    "pre_max": 2.21771450840519,
    "post_max": 0.0004895878761814743,
    "mse": 5.606601206581348e-09
  },
  "theta": {
    "Gamma_p": 823280979043.8687,
    "Gamma_n": 1.020720120158177e-09,
    "K_e": 0.11586717327731418,
    "R0": 5.909809645909409e-07
  },
  "ab": {
    "sDn": 0.5854431092887744,
    "sDp": 1.4349778680236467,
    "sDe": 0.46103794240138296,
    "gn": 0.8083379082946117,
    "gp": 1.2090065468969908,
    "ge": 1.228967197520219
  },
  "x0": [
    24800.0,
    24800.0,
    24800.0,
    24800.0,
    24800.0,
    24800.0,
    24800.0,
    24800.0,
    24800.0,
    24800.0,
    24800.0,
    24800.0,
    24800.0,
    24800.0,
    24800.0,
    24800.0,
    12400.0,
    12400.0,
    12400.0,
    12400.0,
    12400.0,
    12400.0,
    12400.0,
    12400.0,
    12400.0,
    12400.0,
    12400.0,
    12400.0,
    12400.0,
    12400.0,
    12400.0,
    12400.0,
    0.0,
    0.0,
    0.0,
    0.0,
    0.0,
    0.0,
    0.0,
    0.0,
    0.0,
    0.0,
    0.0,
    0.0,
    0.0,
    0.0,
    0.0,
    0.0,
    0.0,
    0.0,
    0.0,
    0.0,
    0.0,
    0.0,
    0.0,
    0.0
  ]
}