{
  "trial": 42,
  "x0trial": 14,
  "metrics": {
    "pre_max": 2.65000511908751,
    "post_max": 0.13654291855274003,
    "mse": 0.001017490625944178
  },
  "theta": {
    "Gamma_p": 1.084348381414774,
    "Gamma_n": 0.6942513862838104,
    "K_e": 31.407883283395186,
    "R0": 0.0001809631298404991,
    "V0": -4.144530323928577
  },
  "ab": {
    "sDn": 13.424027368668513,
    "sDp": 3.039041788043066,
    "sDe": 1.0891802576115046,
    "gn": 6.015971100873461e-09,
    "gp": 6427.897093134754,
    "ge": 1.063439032301296
  },
  "x0": [
    20237.81045164204,
    20237.81045164204,
    20237.81045164204,
    20237.81045164204,
    20237.81045164204,
    20237.81045164204,
    20237.81045164204,
    20237.81045164204,
    20237.81045164204,
    20237.81045164204,
    20237.81045164204,
    20237.81045164204,
    20237.81045164204,
    20237.81045164204,
    20237.81045164204,
    20237.81045164204,
    13746.538536538026,
    13746.538536538026,
    13746.538536538026,
    13746.538536538026,
    13746.538536538026,
    13746.538536538026,
    13746.538536538026,
    13746.538536538026,
    13746.538536538026,
    13746.538536538026,
    13746.538536538026,
    13746.538536538026,
    13746.538536538026,
    13746.538536538026,
    13746.538536538026,
    13746.538536538026,
    0.0,
    0.0,
    0.0,
    0.0,
    0.0,
    0.0,
    0.0,
    0.0,
    0.0,
    0.0,
    0.0,
    0.0,
    0.0,
    0.0,
    0.0,
    0.0,
    0.0,
    0.0,
    0.0,
    0.0,
    0.0,
    0.0,
    0.0,
    0.0
  ]
}