{
  "mode": "locked",
  "trial_start": 24,
  "trial_end_exclusive": 25,
  "total_configs": 1,
  "runs_completed": 1,
  "best_mse": 1.5800562906186104e-09,
  "best_post_max": 0.00026174794701816495
}