{
  "trial": 43,
  "x0trial": 1,
  "metrics": {
    "pre_max": 1.8916755481855718,
    "post_max": 0.13616352269307264,
    "mse": 0.0009965391092267562
  },
  "theta": {
    "Gamma_p": 0.9702147828782087,
    "Gamma_n": 1.171512950170524,
    "K_e": 40.05427357676909,
    "R0": 0.001335461582901913,
    "V0": -4.923311084991911
  },
  "ab": {
    "sDn": 56.53336430071405,
    "sDp": 1.8965294663602081,
    "sDe": 0.817468443116801,
    "gn": 1.377342657947444e-07,
    "gp": 6374.171263761464,
    "ge": 1.4166270655486985
  },
  "x0": [
    9321.10690804458,
    9321.10690804458,
    9321.10690804458,
    9321.10690804458,
    9321.10690804458,
    9321.10690804458,
    9321.10690804458,
    9321.10690804458,
    9321.10690804458,
    9321.10690804458,
    9321.10690804458,
    9321.10690804458,
    9321.10690804458,
    9321.10690804458,
    9321.10690804458,
    9321.10690804458,
    13323.788138238631,
    13323.788138238631,
    13323.788138238631,
    13323.788138238631,
    13323.788138238631,
    13323.788138238631,
    13323.788138238631,
    13323.788138238631,
    13323.788138238631,
    13323.788138238631,
    13323.788138238631,
    13323.788138238631,
    13323.788138238631,
    13323.788138238631,
    13323.788138238631,
    13323.788138238631,
    0.0,
    0.0,
    0.0,
    0.0,
    0.0,
    0.0,
    0.0,
    0.0,
    0.0,
    0.0,
    0.0,
    0.0,
    0.0,
    0.0,
    0.0,
    0.0,
    0.0,
    0.0,
    0.0,
    0.0,
    0.0,
    0.0,
    0.0,
    0.0
  ]
}