{
  "mode": "locked",
  "trial": 45,
  "x0trial": 0,
  "metrics": {
    "pre_max": 2.204748879939446,
    "post_max": 0.0003345906112706132,
    "mse": 2.872969629702688e-09
  },
  "theta": {
    "Gamma_p": 377206113850.9873,
    "Gamma_n": 1.0221938632020153e-09,
    "K_e": 0.07454161962370755,
    "R0": 7.063192588097073e-07
  },
  "ab": {
    "sDn": 1.0417159219797552,
    "sDp": 1.42201168596165,
    "sDe": 0.5781414736167363,
    "gn": 0.7963699037890657,
    "gp": 0.4273338745076237,
    "ge": 1.608224212518
  },
  "x0": [
    24800.0,
    24800.0,
    24800.0,
    24800.0,
    24800.0,
    24800.0,
    24800.0,
    24800.0,
    24800.0,
    24800.0,
    24800.0,
    24800.0,
    24800.0,
    24800.0,
    24800.0,
    24800.0,
    12400.0,
    12400.0,
    12400.0,
    12400.0,
    12400.0,
    12400.0,
    12400.0,
    12400.0,
    12400.0,
    12400.0,
    12400.0,
    12400.0,
    12400.0,
    12400.0,
    12400.0,
    12400.0,
    0.0,
    0.0,
    0.0,
    0.0,
    0.0,
    0.0,
    0.0,
    0.0,
    0.0,
    0.0,
    0.0,
    0.0,
    0.0,
    0.0,
    0.0,
    0.0,
    0.0,
    0.0,
    0.0,
    0.0,
    0.0,
    0.0,
    0.0,
    0.0
  ]
}