{
  "trial": 46,
  "x0trial": 3,
  "metrics": {
    "pre_max": 1.4733722582224225,
    "post_max": 0.13581573030201888,
    "mse": 0.000978634613811728
  },
  "theta": {
    "Gamma_p": 0.8727376568686804,
    "Gamma_n": 1.3177321461001612,
    "K_e": 31.743472351270977,
    "R0": 0.0031397262274023455,
    "V0": -4.930683017376902
  },
  "ab": {
    "sDn": 0.8057138627252652,
    "sDp": 0.767627452753141,
    "sDe": 1.1085119436854525,
    "gn": 0.7324810910902269,
    "gp": 5848.090174596615,
    "ge": 1.351852130540202
  },
  "x0": [
    4481.150606781764,
    4481.150606781764,
    4481.150606781764,
    4481.150606781764,
    4481.150606781764,
    4481.150606781764,
    4481.150606781764,
    4481.150606781764,
    4481.150606781764,
    4481.150606781764,
    4481.150606781764,
    4481.150606781764,
    4481.150606781764,
    4481.150606781764,
    4481.150606781764,
    4481.150606781764,
    12433.641041300956,
    12433.641041300956,
    12433.641041300956,
    12433.641041300956,
    12433.641041300956,
    12433.641041300956,
    12433.641041300956,
    12433.641041300956,
    12433.641041300956,
    12433.641041300956,
    12433.641041300956,
    12433.641041300956,
    12433.641041300956,
    12433.641041300956,
    12433.641041300956,
    12433.641041300956,
    0.0,
    0.0,
    0.0,
    0.0,
    0.0,
    0.0,
    0.0,
    0.0,
    0.0,
    0.0,
    0.0,
    0.0,
    0.0,
    0.0,
    0.0,
    0.0,
    0.0,
    0.0,
    0.0,
    0.0,
    0.0,
    0.0,
    0.0,
    0.0
  ]
}