{
  "mode": "free",
  "trial_start": 13,
  "trial_end_exclusive": 14,
  "total_configs": 16,
  "runs_completed": 10,
  "best_mse": 9.4113368900114e-09,
  "best_post_max": 0.0007351717364478816
}