{
  "mode": "free",
  "trial": 44,
  "x0trial": 6,
  "metrics": {
    "pre_max": 0.45452114672375465,
    "post_max": 0.0008337191770824148,
    "mse": 1.0378755972371218e-08
  },
  "theta": {
    "Gamma_p": 4.149063342777681,
    "Gamma_n": 1.243526619108114e-07,
    "K_e": 0.8232087779758559,
    "R0": 0.010813306198835844
  },
  "ab": {
    "sDn": 2.2821865456825847,
    "sDp": 0.8948687057334386,
    "sDe": 1.114000631455966,
    "gn": 0.09384497111697117,
    "gp": 1.4807936098370673,
    "ge": 0.9939465845840864
  },
  "x0": [
    10093.692762366602,
    10093.692762366602,
    10093.692762366602,
    10093.692762366602,
    10093.692762366602,
    10093.692762366602,
    10093.692762366602,
    10093.692762366602,
    10093.692762366602,
    10093.692762366602,
    10093.692762366602,
    10093.692762366602,
    10093.692762366602,
    10093.692762366602,
    10093.692762366602,
    10093.692762366602,
    25300.80619051001,
    25300.80619051001,
    25300.80619051001,
    25300.80619051001,
    25300.80619051001,
    25300.80619051001,
    25300.80619051001,
    25300.80619051001,
    25300.80619051001,
    25300.80619051001,
    25300.80619051001,
    25300.80619051001,
    25300.80619051001,
    25300.80619051001,
    25300.80619051001,
    25300.80619051001,
    0.0,
    0.0,
    0.0,
    0.0,
    0.0,
    0.0,
    0.0,
    0.0,
    0.0,
    0.0,
    0.0,
    0.0,
    0.0,
    0.0,
    0.0,
    0.0,
    0.0,
    0.0,
    0.0,
    0.0,
    0.0,
    0.0,
    0.0,
    0.0
  ]
}