{
  "trial": 34,
  "x0trial": 3,
  "metrics": {
    "pre_max": 0.8242986418104792,
    "post_max": 0.13799486995108534,
    "mse": 0.0010008803967127345
  },
  "theta": {
    "Gamma_p": 0.7959073892225336,
    "Gamma_n": 1.1422785497875516,
    "K_e": 30.809916698965118,
    "R0": 0.0003416432606130451,
    "V0": -4.933421228779172
  },
  "ab": {
    "sDn": 1.09906441555585,
    "sDp": 1.485720939690315,
    "sDe": 1.069229615824817,
    "gn": 0.7524150289154615,
    "gp": 7823.671466369105,
    "ge": 0.9646150148218887
  },
  "x0": [
    4801.73614779911,
    4801.73614779911,
    4801.73614779911,
    4801.73614779911,
    12365.538756781289,
    12365.538756781289,
    12365.538756781289,
    12365.538756781289,
    0.0,
    0.0,
    0.0,
    0.0,
    0.0,
    0.0
  ]
}