{
  "mode": "locked",
  "trial": 7,
  "x0trial": 0,
  "metrics": {
    "pre_max": 2.1433844007967,
    "post_max": 0.0001962963874966306,
    "mse": 7.474087285729227e-10
  },
  "theta": {
    "Gamma_p": 847591774176.0862,
    "Gamma_n": 1.023499528890716e-09,
    "K_e": 0.05996128290993962,
    "R0": 6.149221830792776e-07
  },
  "ab": {
    "sDn": 0.7498470629417437,
    "sDp": 1.4474077403125296,
    "sDe": 0.7023415236454442,
    "gn": 1.2792338140396815,
    "gp": 0.7272288082464498,
    "ge": 1.2736556361136375
  },
  "x0": [
    24800.0,
    24800.0,
    24800.0,
    24800.0,
    12400.0,
    12400.0,
    12400.0,
    12400.0,
    0.0,
    0.0,
    0.0,
    0.0,
    0.0,
    0.0
  ]
}