{
  "mode": "locked",
  "trial": 17,
  "x0trial": 0,
  "metrics": {
    "pre_max": 2.2501014524108918,
    "post_max": 6.90616353598017e-05,
    "mse": 1.0191506940676686e-09
  },
  "theta": {
    "Gamma_p": 1346901996147.198,
    "Gamma_n": 1.0247259497939787e-09,
    "K_e": 0.034932617759220345,
    "R0": 9.46743183137221e-07
  },
  "ab": {
    "sDn": 0.4041960687414673,
    "sDp": 1.1859675241356873,
    "sDe": 0.8323796089634942,
    "gn": 1.314056613812487,
    "gp": 0.5834426118985598,
    "ge": 0.8657165037780943
  },
  "x0": [
    24800.0,
    24800.0,
    24800.0,
    24800.0,
    24800.0,
    24800.0,
    24800.0,
    24800.0,
    24800.0,
    24800.0,
    24800.0,
    24800.0,
    24800.0,
    24800.0,
    24800.0,
    24800.0,
    12400.0,
    12400.0,
    12400.0,
    12400.0,
    12400.0,
    12400.0,
    12400.0,
    12400.0,
    12400.0,
    12400.0,
    12400.0,
    12400.0,
    12400.0,
    12400.0,
    12400.0,
    12400.0,
    0.0,
    0.0,
    0.0,
    0.0,
    0.0,
    0.0,
    0.0,
    0.0,
    0.0,
    0.0,
    0.0,
    0.0,
    0.0,
    0.0,
    0.0,
    0.0,
    0.0,
    0.0,
    0.0,
    0.0,
    0.0,
    0.0,
    0.0,
    0.0
  ]
}