{
  "trial": 38,
  "x0trial": 12,
  "metrics": {
    "pre_max": 1.4700003756307631,
    "post_max": 0.13833104126442342,
    "mse": 0.00105575895457022
  },
  "theta": {
    "Gamma_p": 1.5576589409387152,
    "Gamma_n": 1.0452864727017874,
    "K_e": 38.67565458111105,
    "R0": 0.00020355107761806183,
    "V0": -4.126956482798458
  },
  "ab": {
    "sDn": 1.00961857512805,
    "sDp": 0.0016304287705196,
    "sDe": 0.8615131178439261,
    "gn": 0.3692608950272681,
    "gp": 1156.2817307264036,
    "ge": 1.420663140259507
  },
  "x0": [
    24304.822950124653,
    24304.822950124653,
    24304.822950124653,
    24304.822950124653,
    24304.822950124653,
    24304.822950124653,
    24304.822950124653,
    24304.822950124653,
    24304.822950124653,
    24304.822950124653,
    24304.822950124653,
    24304.822950124653,
    24304.822950124653,
    24304.822950124653,
    24304.822950124653,
    24304.822950124653,
    14522.675876868008,
    14522.675876868008,
    14522.675876868008,
    14522.675876868008,
    14522.675876868008,
    14522.675876868008,
    14522.675876868008,
    14522.675876868008,
    14522.675876868008,
    14522.675876868008,
    14522.675876868008,
    14522.675876868008,
    14522.675876868008,
    14522.675876868008,
    14522.675876868008,
    14522.675876868008,
    0.0,
    0.0,
    0.0,
    0.0,
    0.0,
    0.0,
    0.0,
    0.0,
    0.0,
    0.0,
    0.0,
    0.0,
    0.0,
    0.0,
    0.0,
    0.0,
    0.0,
    0.0,
    0.0,
    0.0,
    0.0,
    0.0,
    0.0,
    0.0
  ]
}