{
  "trial_start": 38,
  "trial_end_exclusive": 39,
  "total_configs": 16,
  "runs_completed": 11,
  "best_mse": 0.00105575895457022,
  "best_post_max": 0.13833104126442342
}