{
  "mode": "free",
  "trial": 3,
  "x0trial": 0,
  "metrics": {
    "pre_max": 0.0019358936126785409,
    "post_max": 0.000184963226152135,
    "mse": 1.6665119558830886e-08
  },
  "theta": {
    "Gamma_p": 993928616743.2393,
    "Gamma_n": 7.936249954515757e-10,
    "K_e": 0.046171139703968606,
    "R0": 9.043374847625334e-07
  },
  "ab": {
    "sDn": 0.972283999744996,
    "sDp": 0.9475970789497401,
    "sDe": 1.002852999328804,
    "gn": 0.5022374017739988,
    "gp": 1.4083251881872516,
    "ge": 0.9121799277724983
  },
  "x0": [
    12465.26651482897,
    12465.26651482897,
    12465.26651482897,
    12465.26651482897,
    15967.051095136045,
    15967.051095136045,
    15967.051095136045,
    15967.051095136045,
    0.0,
    0.0,
    0.0,
    0.0,
    0.0,
    0.0
  ]
}