{
  "mode": "free",
  "trial_start": 0,
  "trial_end_exclusive": 1,
  "total_configs": 16,
  "runs_completed": 11,
  "best_mse": 4.366511904764572e-09,
  "best_post_max": 0.00019129128252970418
}