{
  "mode": "free",
  "trial": 0,
  "x0trial": 8,
  "metrics": {
    "pre_max": 0.2628082722173275,
    "post_max": 0.00019129128252970418,
    "mse": 4.366511904764572e-09
  },
  "theta": {
    "Gamma_p": 322718.97065697797,
    "Gamma_n": 2.1764233359326102e-10,
    "K_e": 0.20026893303689974,
    "R0": 0.00817384381611362
  },
  "ab": {
    "sDn": 1.5399099010197665,
    "sDp": 1.2886395995826438,
    "sDe": 1.5490573470410605,
    "gn": 0.43658793942932267,
    "gp": 0.17641351559219878,
    "ge": 0.6596656795113801
  },
  "x0": [
    9948.61817114333,
    9948.61817114333,
    9948.61817114333,
    9948.61817114333,
    9948.61817114333,
    9948.61817114333,
    9948.61817114333,
    9948.61817114333,
    9948.61817114333,
    9948.61817114333,
    9948.61817114333,
    9948.61817114333,
    9948.61817114333,
    9948.61817114333,
    9948.61817114333,
    9948.61817114333,
    15313.328455712184,
    15313.328455712184,
    15313.328455712184,
    15313.328455712184,
    15313.328455712184,
    15313.328455712184,
    15313.328455712184,
    15313.328455712184,
    15313.328455712184,
    15313.328455712184,
    15313.328455712184,
    15313.328455712184,
    15313.328455712184,
    15313.328455712184,
    15313.328455712184,
    15313.328455712184,
    0.0,
    0.0,
    0.0,
    0.0,
    0.0,
    0.0,
    0.0,
    0.0,
    0.0,
    0.0,
    0.0,
    0.0,
    0.0,
    0.0,
    0.0,
    0.0,
    0.0,
    0.0,
    0.0,
    0.0,
    0.0,
    0.0,
    0.0,
    0.0
  ]
}