{
  "mode": "locked",
  "trial": 21,
  "x0trial": 0,
  "metrics": {
    "pre_max": 2.1139411706098805,
    "post_max": 0.00017657523856406954,
    "mse": 6.721707308440772e-10
  },
  "theta": {
    "Gamma_p": 1079148525265.1614,
    "Gamma_n": 1.023683076181275e-09,
    "K_e": 0.04855479900134427,
    "R0": 5.530448304974321e-07
  },
  "ab": {
    "sDn": 0.8065468174713758,
    "sDp": 1.3928718890609226,
    "sDe": 0.7204838883325931,
    "gn": 1.3415084962779917,
    "gp": 0.7848081915180076,
    "ge": 1.476927091694709
  },
  "x0": [
    24800.0,
    24800.0,
    24800.0,
    24800.0,
    12400.0,
    12400.0,
    12400.0,
    12400.0,
    0.0,
    0.0,
    0.0,
    0.0,
    0.0,
    0.0
  ]
}