mode,trial,x0trial,ok_run,pre_max,post_max,mse,wall_s,err,Gamma_p,Gamma_n,K_e,R0,sDn,sDp,sDe,gn,gp,ge
locked,21,0,1,2.1139411706098805,0.00017657523856406954,6.721707308440772e-10,23.88801336288452,,1079148525265.1614,1.023683076181275e-09,0.04855479900134427,5.530448304974321e-07,0.8065468174713758,1.3928718890609226,0.7204838883325931,1.3415084962779917,0.7848081915180076,1.476927091694709
