{
  "mode": "locked",
  "trial_start": 21,
  "trial_end_exclusive": 22,
  "total_configs": 1,
  "runs_completed": 1,
  "best_mse": 6.721707308440772e-10,
  "best_post_max": 0.00017657523856406954
}