{
  "trial": 26,
  "x0trial": 8,
  "metrics": {
    "pre_max": 0.8799583196187886,
    "post_max": 0.1947287157842288,
    "mse": 0.0052982072164041655
  },
  "theta": {
    "Gamma_p": 0.28616135435689255,
    "Gamma_n": 0.9928950081890737,
    "K_e": 70.40784704871014,
    "R0": 2.1410790500835648e-05,
    "V0": -4.863836657140502
  },
  "ab": {
    "sDn": 1.3328501156882164,
    "sDp": 3.5347067939159e-12,
    "sDe": 0.9190642228971139,
    "gn": 0.3615176955617322,
    "gp": 1539.0256635354153,
    "ge": 0.9627629453507158
  },
  "x0": [
    8239.231687476968,
    8239.231687476968,
    8239.231687476968,
    8239.231687476968,
    18675.954897588843,
    18675.954897588843,
    18675.954897588843,
    18675.954897588843,
    0.0,
    0.0,
    0.0,
    0.0,
    0.0,
    0.0
  ]
}