{
  "mode": "locked",
  "trial": 48,
  "x0trial": 0,
  "metrics": {
    "pre_max": 2.184959870793202,
    "post_max": 0.0004946925788633649,
    "mse": 6.777759031963872e-09
  },
  "theta": {
    "Gamma_p": 1101337441094.3276,
    "Gamma_n": 1.020694487584594e-09,
    "K_e": 0.10400047399760605,
    "R0": 9.901202326543016e-07
  },
  "ab": {
    "sDn": 0.9892669952493757,
    "sDp": 0.7660044214427426,
    "sDe": 0.36894027402939467,
    "gn": 0.7070861984222464,
    "gp": 0.643311981472641,
    "ge": 1.1155805260928222
  },
  "x0": [
    24800.0,
    24800.0,
    24800.0,
    24800.0,
    24800.0,
    24800.0,
    24800.0,
    24800.0,
    24800.0,
    24800.0,
    24800.0,
    24800.0,
    24800.0,
    24800.0,
    24800.0,
    24800.0,
    12400.0,
    12400.0,
    12400.0,
    12400.0,
    12400.0,
    12400.0,
    12400.0,
    12400.0,
    12400.0,
    12400.0,
    12400.0,
    12400.0,
    12400.0,
    12400.0,
    12400.0,
    12400.0,
    0.0,
    0.0,
    0.0,
    0.0,
    0.0,
    0.0,
    0.0,
    0.0,
    0.0,
    0.0,
    0.0,
    0.0,
    0.0,
    0.0,
    0.0,
    0.0,
    0.0,
    0.0,
    0.0,
    0.0,
    0.0,
    0.0,
    0.0,
    0.0
  ]
}