{
  "mode": "locked",
  "trial_start": 32,
  "trial_end_exclusive": 33,
  "total_configs": 1,
  "runs_completed": 1,
  "best_mse": 8.071214347227267e-10,
  "best_post_max": 0.00020280699025043702
}