{
  "mode": "locked",
  "trial": 32,
  "x0trial": 0,
  "metrics": {
    "pre_max": 2.111232569251497,
    "post_max": 0.00020280699025043702,
    "mse": 8.071214347227267e-10
  },
  "theta": {
    "Gamma_p": 946610086515.6368,
    "Gamma_n": 1.0234368124340344e-09,
    "K_e": 0.04951704045178287,
    "R0": 5.979431616200083e-07
  },
  "ab": {
    "sDn": 0.7517557177912046,
    "sDp": 1.3002139167462166,
    "sDe": 0.6464126786386648,
    "gn": 1.2922955622921757,
    "gp": 0.7857195582025718,
    "ge": 1.460443259485495
  },
  "x0": [
    24800.0,
    24800.0,
    24800.0,
    24800.0,
    12400.0,
    12400.0,
    12400.0,
    12400.0,
    0.0,
    0.0,
    0.0,
    0.0,
    0.0,
    0.0
  ]
}