{
  "mode": "locked",
  "trial": 38,
  "x0trial": 0,
  "metrics": {
    "pre_max": 2.214647706042803,
    "post_max": 0.00011376566992282733,
    "mse": 1.1062060052021139e-09
  },
  "theta": {
    "Gamma_p": 609739145196.5079,
    "Gamma_n": 1.0242811956520575e-09,
    "K_e": 0.07164450271822599,
    "R0": 5.899105894152986e-07
  },
  "ab": {
    "sDn": 0.7933041746597524,
    "sDp": 1.576373169055104,
    "sDe": 1.007191830319405,
    "gn": 2.5220957931959003,
    "gp": 1.2659849986689973,
    "ge": 0.909581910375339
  },
  "x0": [
    24800.0,
    24800.0,
    24800.0,
    24800.0,
    24800.0,
    24800.0,
    24800.0,
    24800.0,
    24800.0,
    24800.0,
    24800.0,
    24800.0,
    24800.0,
    24800.0,
    24800.0,
    24800.0,
    12400.0,
    12400.0,
    12400.0,
    12400.0,
    12400.0,
    12400.0,
    12400.0,
    12400.0,
    12400.0,
    12400.0,
    12400.0,
    12400.0,
    12400.0,
    12400.0,
    12400.0,
    12400.0,
    0.0,
    0.0,
    0.0,
    0.0,
    0.0,
    0.0,
    0.0,
    0.0,
    0.0,
    0.0,
    0.0,
    0.0,
    0.0,
    0.0,
    0.0,
    0.0,
    0.0,
    0.0,
    0.0,
    0.0,
    0.0,
    0.0,
    0.0,
    0.0
  ]
}