{
  "mode": "locked",
  "trial_start": 36,
  "trial_end_exclusive": 37,
  "total_configs": 1,
  "runs_completed": 1,
  "best_mse": 1.1707317387748908e-09,
  "best_post_max": 0.00028492183106010316
}