{
  "mode": "locked",
  "trial": 36,
  "x0trial": 0,
  "metrics": {
    "pre_max": 2.132220933341152,
    "post_max": 0.00028492183106010316,
    "mse": 1.1707317387748908e-09
  },
  "theta": {
    "Gamma_p": 902126374713.436,
    "Gamma_n": 1.0226555925337147e-09,
    "K_e": 0.0639884015508945,
    "R0": 5.501683282853581e-07
  },
  "ab": {
    "sDn": 0.7034282411224579,
    "sDp": 1.303264912601609,
    "sDe": 0.6563828643836218,
    "gn": 1.4429922438183156,
    "gp": 0.7738756544740406,
    "ge": 1.5396518841193816
  },
  "x0": [
    24800.0,
    24800.0,
    24800.0,
    24800.0,
    12400.0,
    12400.0,
    12400.0,
    12400.0,
    0.0,
    0.0,
    0.0,
    0.0,
    0.0,
    0.0
  ]
}