{
  "trial": 27,
  "x0trial": 11,
  "metrics": {
    "pre_max": 1.0392851618507373,
    "post_max": 0.27315249906630656,
    "mse": 0.007788060876174639
  },
  "theta": {
    "Gamma_p": 0.0016848233445542632,
    "Gamma_n": 1.0381892816101017,
    "K_e": 44.42228451338723,
    "R0": 0.1755278361853236,
    "V0": -4.824974466359338
  },
  "ab": {
    "sDn": 1.024608284291407,
    "sDp": 3.091708523664511e-15,
    "sDe": 0.383697292900663,
    "gn": 0.9093517116538068,
    "gp": 3147.8538020202063,
    "ge": 0.9976889872407547
  },
  "x0": [
    2707.7073060339394,
    2707.7073060339394,
    2707.7073060339394,
    2707.7073060339394,
    25405.388622332597,
    25405.388622332597,
    25405.388622332597,
    25405.388622332597,
    0.0,
    0.0,
    0.0,
    0.0,
    0.0,
    0.0
  ]
}