{
  "mode": "locked",
  "trial": 9,
  "x0trial": 0,
  "metrics": {
    "pre_max": 2.065099513272802,
    "post_max": 0.00016050461848138298,
    "mse": 1.3463500287190506e-09
  },
  "theta": {
    "Gamma_p": 1122997336231.2114,
    "Gamma_n": 1.0238352069735875e-09,
    "K_e": 0.08523459826259212,
    "R0": 5.471534617311542e-07
  },
  "ab": {
    "sDn": 1.1495826133715465,
    "sDp": 1.5466833997270082,
    "sDe": 0.7779485869655651,
    "gn": 1.366611019875582,
    "gp": 0.3920603103996597,
    "ge": 0.8655363287352968
  },
  "x0": [
    24800.0,
    24800.0,
    24800.0,
    24800.0,
    24800.0,
    24800.0,
    24800.0,
    24800.0,
    24800.0,
    24800.0,
    24800.0,
    24800.0,
    24800.0,
    24800.0,
    24800.0,
    24800.0,
    12400.0,
    12400.0,
    12400.0,
    12400.0,
    12400.0,
    12400.0,
    12400.0,
    12400.0,
    12400.0,
    12400.0,
    12400.0,
    12400.0,
    12400.0,
    12400.0,
    12400.0,
    12400.0,
    0.0,
    0.0,
    0.0,
    0.0,
    0.0,
    0.0,
    0.0,
    0.0,
    0.0,
    0.0,
    0.0,
    0.0,
    0.0,
    0.0,
    0.0,
    0.0,
    0.0,
    0.0,
    0.0,
    0.0,
    0.0,
    0.0,
    0.0,
    0.0
  ]
}