{
  "trial": 39,
  "x0trial": 15,
  "metrics": {
    "pre_max": 1.8383184320155666,
    "post_max": 0.15523146486703432,
    "mse": 0.0025456649751976414
  },
  "theta": {
    "Gamma_p": 0.8708887525697424,
    "Gamma_n": 1.0155895956441898,
    "K_e": 105.2008996667821,
    "R0": 4.7204161762573896e-06,
    "V0": -4.115744827242129
  },
  "ab": {
    "sDn": 3.3533794571976263,
    "sDp": 5.23146410972338e-13,
    "sDe": 0.7300325220315189,
    "gn": 0.001971750334548301,
    "gp": 2042.6305109981831,
    "ge": 1.3554362143141385
  },
  "x0": [
    20010.769061833158,
    20010.769061833158,
    20010.769061833158,
    20010.769061833158,
    17093.89561270537,
    17093.89561270537,
    17093.89561270537,
    17093.89561270537,
    0.0,
    0.0,
    0.0,
    0.0,
    0.0,
    0.0
  ]
}