{
  "mode": "locked",
  "trial": 25,
  "x0trial": 0,
  "metrics": {
    "pre_max": 2.132181251760187,
    "post_max": 0.0006565574995196499,
    "mse": 2.550333079852893e-08
  },
  "theta": {
    "Gamma_p": 709077.5368550335,
    "Gamma_n": 1.0579629615093464e-09,
    "K_e": 0.21075452220159632,
    "R0": 0.0006729651402889365
  },
  "ab": {
    "sDn": 0.7256121745478077,
    "sDp": 1.2791976650794656,
    "sDe": 0.9918802582753852,
    "gn": 0.8279181990734148,
    "gp": 0.9329962501250497,
    "ge": 1.4839857770894422
  },
  "x0": [
    24800.0,
    24800.0,
    24800.0,
    24800.0,
    24800.0,
    24800.0,
    24800.0,
    24800.0,
    24800.0,
    24800.0,
    24800.0,
    24800.0,
    24800.0,
    24800.0,
    24800.0,
    24800.0,
    12400.0,
    12400.0,
    12400.0,
    12400.0,
    12400.0,
    12400.0,
    12400.0,
    12400.0,
    12400.0,
    12400.0,
    12400.0,
    12400.0,
    12400.0,
    12400.0,
    12400.0,
    12400.0,
    0.0,
    0.0,
    0.0,
    0.0,
    0.0,
    0.0,
    0.0,
    0.0,
    0.0,
    0.0,
    0.0,
    0.0,
    0.0,
    0.0,
    0.0,
    0.0,
    0.0,
    0.0,
    0.0,
    0.0,
    0.0,
    0.0,
    0.0,
    0.0
  ]
}