{
  "mode": "locked",
  "trial_start": 36,
  "trial_end_exclusive": 37,
  "total_configs": 1,
  "runs_completed": 1,
  "best_mse": 1.6894579361757407e-08,
  "best_post_max": 0.000913337023234817
}