{
  "trial": 26,
  "x0trial": 9,
  "metrics": {
    "pre_max": 0.8267803970323593,
    "post_max": 0.1385235676446337,
    "mse": 0.0010430405831426243
  },
  "theta": {
    "Gamma_p": 0.30409516845905493,
    "Gamma_n": 0.4844490654735499,
    "K_e": 44.7457753455909,
    "R0": 8.174750805677841e-05,
    "V0": -4.923956499569237
  },
  "ab": {
    "sDn": 1.8562561347288251,
    "sDp": 0.0006656928907239269,
    "sDe": 0.8660961446986585,
    "gn": 0.05080682997531848,
    "gp": 1162.173105460056,
    "ge": 0.8245821549726521
  },
  "x0": [
    8677.173943494188,
    8677.173943494188,
    8677.173943494188,
    8677.173943494188,
    8677.173943494188,
    8677.173943494188,
    8677.173943494188,
    8677.173943494188,
    8677.173943494188,
    8677.173943494188,
    8677.173943494188,
    8677.173943494188,
    8677.173943494188,
    8677.173943494188,
    8677.173943494188,
    8677.173943494188,
    14411.885100063277,
    14411.885100063277,
    14411.885100063277,
    14411.885100063277,
    14411.885100063277,
    14411.885100063277,
    14411.885100063277,
    14411.885100063277,
    14411.885100063277,
    14411.885100063277,
    14411.885100063277,
    14411.885100063277,
    14411.885100063277,
    14411.885100063277,
    14411.885100063277,
    14411.885100063277,
    0.0,
    0.0,
    0.0,
    0.0,
    0.0,
    0.0,
    0.0,
    0.0,
    0.0,
    0.0,
    0.0,
    0.0,
    0.0,
    0.0,
    0.0,
    0.0,
    0.0,
    0.0,
    0.0,
    0.0,
    0.0,
    0.0,
    0.0,
    0.0
  ]
}