{
  "mode": "free",
  "trial": 25,
  "x0trial": 11,
  "metrics": {
    "pre_max": 0.19439375708904727,
    "post_max": 0.0007320085476951732,
    "mse": 4.968412173513556e-09
  },
  "theta": {
    "Gamma_p": 1.6169894110699552,
    "Gamma_n": 2.680420192364685e-10,
    "K_e": 0.9053860758630285,
    "R0": 0.009179198504652026
  },
  "ab": {
    "sDn": 1.2783020838451296,
    "sDp": 1.0846438148775617,
    "sDe": 1.1409517163526195,
    "gn": 0.034926192989279015,
    "gp": 0.15949124719864954,
    "ge": 0.9638629714200369
  },
  "x0": [
    9303.631732990621,
    9303.631732990621,
    9303.631732990621,
    9303.631732990621,
    15991.640751220397,
    15991.640751220397,
    15991.640751220397,
    15991.640751220397,
    0.0,
    0.0,
    0.0,
    0.0,
    0.0,
    0.0
  ]
}