{
  "mode": "locked",
  "trial_start": 9,
  "trial_end_exclusive": 10,
  "total_configs": 1,
  "runs_completed": 1,
  "best_mse": 1.3463500287190506e-09,
  "best_post_max": 0.00016050461848138298
}