{
  "mode": "free",
  "trial": 27,
  "x0trial": 6,
  "metrics": {
    "pre_max": 0.4621180933251594,
    "post_max": 0.0010863296943544043,
    "mse": 1.656856858767639e-08
  },
  "theta": {
    "Gamma_p": 1726.9241160364313,
    "Gamma_n": 1.405282467749203e-07,
    "K_e": 0.4545640584002888,
    "R0": 0.011848853699959642
  },
  "ab": {
    "sDn": 1.0874929554640107,
    "sDp": 1.0832368547979225,
    "sDe": 0.9029636187253375,
    "gn": 0.8450673914305772,
    "gp": 0.9270120113148598,
    "ge": 1.0672207165775194
  },
  "x0": [
    4391.670071358288,
    4391.670071358288,
    4391.670071358288,
    4391.670071358288,
    28607.69810839795,
    28607.69810839795,
    28607.69810839795,
    28607.69810839795,
    0.0,
    0.0,
    0.0,
    0.0,
    0.0,
    0.0
  ]
}