{
  "mode": "free",
  "trial_start": 27,
  "trial_end_exclusive": 28,
  "total_configs": 16,
  "runs_completed": 9,
  "best_mse": 1.656856858767639e-08,
  "best_post_max": 0.0010863296943544043
}