{
  "trial": 22,
  "x0trial": 12,
  "metrics": {
    "pre_max": 1.5403777830139203,
    "post_max": 0.13608901771570991,
    "mse": 0.000985752101943878
  },
  "theta": {
    "Gamma_p": 0.8992892570422735,
    "Gamma_n": 0.9316258410389543,
    "K_e": 38.674909410340234,
    "R0": 0.0005871091528199613,
    "V0": -4.134666753584177
  },
  "ab": {
    "sDn": 13.924639590460574,
    "sDp": 2.210962868809682,
    "sDe": 0.9422622593964208,
    "gn": 1.047101918272733e-05,
    "gp": 7528.9958780172565,
    "ge": 1.1168448537257027
  },
  "x0": [
    21778.285660935086,
    21778.285660935086,
    21778.285660935086,
    21778.285660935086,
    13255.890719887482,
    13255.890719887482,
    13255.890719887482,
    13255.890719887482,
    0.0,
    0.0,
    0.0,
    0.0,
    0.0,
    0.0
  ]
}