{
  "mode": "free",
  "trial_start": 16,
  "trial_end_exclusive": 17,
  "total_configs": 16,
  "runs_completed": 14,
  "best_mse": 3.052986547223223e-09,
  "best_post_max": 0.0003604839489401712
}