{
  "trial_start": 25,
  "trial_end_exclusive": 26,
  "total_configs": 16,
  "runs_completed": 9,
  "best_mse": 0.01060068158925709,
  "best_post_max": 0.2649734555909866
}