{
  "trial": 25,
  "x0trial": 9,
  "metrics": {
    "pre_max": 0.9592343382020214,
    "post_max": 0.2649734555909866,
    "mse": 0.01060068158925709
  },
  "theta": {
    "Gamma_p": 1.0061813164334386,
    "Gamma_n": 0.989723496098805,
    "K_e": 22.30981626860066,
    "R0": 1.9732954239266292,
    "V0": -5.004807654040658
  },
  "ab": {
    "sDn": 0.06260365070926927,
    "sDp": 0.9693368786363215,
    "sDe": 1.016032481992576,
    "gn": 1.0203816322677751e-35,
    "gp": 1.0729420448783213,
    "ge": 0.9590995445657164
  },
  "x0": [
    12803.132598628845,
    12803.132598628845,
    12803.132598628845,
    12803.132598628845,
    12803.132598628845,
    12803.132598628845,
    12803.132598628845,
    12803.132598628845,
    12803.132598628845,
    12803.132598628845,
    12803.132598628845,
    12803.132598628845,
    12803.132598628845,
    12803.132598628845,
    12803.132598628845,
    12803.132598628845,
    6804.133194678766,
    6804.133194678766,
    6804.133194678766,
    6804.133194678766,
    6804.133194678766,
    6804.133194678766,
    6804.133194678766,
    6804.133194678766,
    6804.133194678766,
    6804.133194678766,
    6804.133194678766,
    6804.133194678766,
    6804.133194678766,
    6804.133194678766,
    6804.133194678766,
    6804.133194678766,
    0.0,
    0.0,
    0.0,
    0.0,
    0.0,
    0.0,
    0.0,
    0.0,
    0.0,
    0.0,
    0.0,
    0.0,
    0.0,
    0.0,
    0.0,
    0.0,
    0.0,
    0.0,
    0.0,
    0.0,
    0.0,
    0.0,
    0.0,
    0.0
  ]
}