{
  "mode": "locked",
  "trial": 17,
  "x0trial": 0,
  "metrics": {
    "pre_max": 2.1537335573584375,
    "post_max": 0.000167881341747389,
    "mse": 6.432458339278461e-10
  },
  "theta": {
    "Gamma_p": 1052592934504.644,
    "Gamma_n": 1.0237698384969758e-09,
    "K_e": 0.05318923776637789,
    "R0": 6.283006085378836e-07
  },
  "ab": {
    "sDn": 0.6756454852853436,
    "sDp": 1.3151365630309009,
    "sDe": 0.7252542795366096,
    "gn": 1.351173849213836,
    "gp": 0.720948077716088,
    "ge": 1.301922362591042
  },
  "x0": [
    24800.0,
    24800.0,
    24800.0,
    24800.0,
    12400.0,
    12400.0,
    12400.0,
    12400.0,
    0.0,
    0.0,
    0.0,
    0.0,
    0.0,
    0.0
  ]
}