mode,trial,x0trial,ok_run,pre_max,post_max,mse,wall_s,err,Gamma_p,Gamma_n,K_e,R0,sDn,sDp,sDe,gn,gp,ge
locked,17,0,1,2.1537335573584375,0.000167881341747389,6.432458339278461e-10,23.706908702850342,,1052592934504.644,1.0237698384969758e-09,0.05318923776637789,6.283006085378836e-07,0.6756454852853436,1.3151365630309009,0.7252542795366096,1.351173849213836,0.720948077716088,1.301922362591042
