{
  "mode": "locked",
  "trial": 11,
  "x0trial": 0,
  "metrics": {
    "pre_max": 2.1071457404682743,
    "post_max": 9.788403696830983e-05,
    "mse": 1.1540993549406158e-09
  },
  "theta": {
    "Gamma_p": 560392217624.554,
    "Gamma_n": 1.024435963772509e-09,
    "K_e": 0.02442669443805557,
    "R0": 6.60257083723914e-07
  },
  "ab": {
    "sDn": 0.4237538523753377,
    "sDp": 1.1546714797633972,
    "sDe": 0.6373748175615224,
    "gn": 2.671857305896961,
    "gp": 1.481095846483103,
    "ge": 1.4353564300395196
  },
  "x0": [
    24800.0,
    24800.0,
    24800.0,
    24800.0,
    24800.0,
    24800.0,
    24800.0,
    24800.0,
    24800.0,
    24800.0,
    24800.0,
    24800.0,
    24800.0,
    24800.0,
    24800.0,
    24800.0,
    12400.0,
    12400.0,
    12400.0,
    12400.0,
    12400.0,
    12400.0,
    12400.0,
    12400.0,
    12400.0,
    12400.0,
    12400.0,
    12400.0,
    12400.0,
    12400.0,
    12400.0,
    12400.0,
    0.0,
    0.0,
    0.0,
    0.0,
    0.0,
    0.0,
    0.0,
    0.0,
    0.0,
    0.0,
    0.0,
    0.0,
    0.0,
    0.0,
    0.0,
    0.0,
    0.0,
    0.0,
    0.0,
    0.0,
    0.0,
    0.0,
    0.0,
    0.0
  ]
}