{
  "trial_start": 33,
  "trial_end_exclusive": 34,
  "total_configs": 16,
  "runs_completed": 12,
  "best_mse": 0.0016796889105220464,
  "best_post_max": 0.14328924142237565
}