{
  "trial": 33,
  "x0trial": 3,
  "metrics": {
    "pre_max": 1.0749752903631826,
    "post_max": 0.14328924142237565,
    "mse": 0.0016796889105220464
  },
  "theta": {
    "Gamma_p": 0.8928058632859222,
    "Gamma_n": 1.0374887275647944,
    "K_e": 109.73649849521951,
    "R0": 7.558264398279241e-06,
    "V0": -4.907760592279924
  },
  "ab": {
    "sDn": 0.9843881887738233,
    "sDp": 9.610470544915486e-05,
    "sDe": 0.9223599924979068,
    "gn": 0.9606254391733021,
    "gp": 2415.7272358889095,
    "ge": 1.0449740432429746
  },
  "x0": [
    2124.6867737857324,
    2124.6867737857324,
    2124.6867737857324,
    2124.6867737857324,
    16230.277934319085,
    16230.277934319085,
    16230.277934319085,
    16230.277934319085,
    0.0,
    0.0,
    0.0,
    0.0,
    0.0,
    0.0
  ]
}