{
  "trial": 3,
  "x0trial": 9,
  "metrics": {
    "pre_max": 1.7258419597649324,
    "post_max": 0.13891799451852904,
    "mse": 0.0010244583625555435
  },
  "theta": {
    "Gamma_p": 1.0344826769044253,
    "Gamma_n": 0.9473694176522475,
    "K_e": 37.40021616530652,
    "R0": 0.06802907691627533,
    "V0": -4.143190228904082
  },
  "ab": {
    "sDn": 2.461258006147052,
    "sDp": 1.3922686617854136,
    "sDe": 2.8093793426002778,
    "gn": 0.003378986557882688,
    "gp": 8081.1421274534905,
    "ge": 1.0329769087760359
  },
  "x0": [
    21274.326168791897,
    21274.326168791897,
    21274.326168791897,
    21274.326168791897,
    11991.402954049334,
    11991.402954049334,
    11991.402954049334,
    11991.402954049334,
    0.0,
    0.0,
    0.0,
    0.0,
    0.0,
    0.0
  ]
}