{
  "mode": "free",
  "trial": 46,
  "x0trial": 10,
  "metrics": {
    "pre_max": 0.11982134312608039,
    "post_max": 0.0016613359296506758,
    "mse": 1.8407189374584887e-08
  },
  "theta": {
    "Gamma_p": 9.773632370737579,
    "Gamma_n": 4.311080749095269e-10,
    "K_e": 0.790885626458347,
    "R0": 0.0033584035121623943
  },
  "ab": {
    "sDn": 3.7231576890894114,
    "sDp": 1.184670912301313,
    "sDe": 0.9710810053381244,
    "gn": 8.260505896878357e-07,
    "gp": 0.020220736648691676,
    "ge": 1.023284472558123
  },
  "x0": [
    12273.857343373735,
    12273.857343373735,
    12273.857343373735,
    12273.857343373735,
    14103.761116435686,
    14103.761116435686,
    14103.761116435686,
    14103.761116435686,
    0.0,
    0.0,
    0.0,
    0.0,
    0.0,
    0.0
  ]
}