{
  "mode": "free",
  "trial_start": 46,
  "trial_end_exclusive": 47,
  "total_configs": 16,
  "runs_completed": 10,
  "best_mse": 1.8407189374584887e-08,
  "best_post_max": 0.0016613359296506758
}