{
  "mode": "free",
  "trial": 47,
  "x0trial": 0,
  "metrics": {
    "pre_max": 0.13309041252796128,
    "post_max": 0.0003250810462809284,
    "mse": 9.960772427525663e-09
  },
  "theta": {
    "Gamma_p": 3337.7167583561722,
    "Gamma_n": 3.613218707143919e-10,
    "K_e": 0.38157171435116183,
    "R0": 0.003950300333034322
  },
  "ab": {
    "sDn": 1.0871271920141246,
    "sDp": 0.9605976900387232,
    "sDe": 1.1125663306381737,
    "gn": 0.9145541681491974,
    "gp": 0.5361636267768572,
    "ge": 0.9196106857095655
  },
  "x0": [
    10430.236663165531,
    10430.236663165531,
    10430.236663165531,
    10430.236663165531,
    16559.28423315796,
    16559.28423315796,
    16559.28423315796,
    16559.28423315796,
    0.0,
    0.0,
    0.0,
    0.0,
    0.0,
    0.0
  ]
}