{
  "mode": "free",
  "trial": 10,
  "x0trial": 0,
  "metrics": {
    "pre_max": 0.14734248553402907,
    "post_max": 0.0004136225188151599,
    "mse": 3.534823491401881e-09
  },
  "theta": {
    "Gamma_p": 2156.9440591880543,
    "Gamma_n": 2.721580136413542e-10,
    "K_e": 0.3972355872291098,
    "R0": 0.006008509495405167
  },
  "ab": {
    "sDn": 6.51752504160282,
    "sDp": 0.9286021397745822,
    "sDe": 1.2294911160368334,
    "gn": 0.0301295859143231,
    "gp": 0.9709246009373738,
    "ge": 0.8263212159107007
  },
  "x0": [
    11805.021146199908,
    11805.021146199908,
    11805.021146199908,
    11805.021146199908,
    11805.021146199908,
    11805.021146199908,
    11805.021146199908,
    11805.021146199908,
    11805.021146199908,
    11805.021146199908,
    11805.021146199908,
    11805.021146199908,
    11805.021146199908,
    11805.021146199908,
    11805.021146199908,
    11805.021146199908,
    6915.434663112017,
    6915.434663112017,
    6915.434663112017,
    6915.434663112017,
    6915.434663112017,
    6915.434663112017,
    6915.434663112017,
    6915.434663112017,
    6915.434663112017,
    6915.434663112017,
    6915.434663112017,
    6915.434663112017,
    6915.434663112017,
    6915.434663112017,
    6915.434663112017,
    6915.434663112017,
    0.0,
    0.0,
    0.0,
    0.0,
    0.0,
    0.0,
    0.0,
    0.0,
    0.0,
    0.0,
    0.0,
    0.0,
    0.0,
    0.0,
    0.0,
    0.0,
    0.0,
    0.0,
    0.0,
    0.0,
    0.0,
    0.0,
    0.0,
    0.0
  ]
}