{
  "mode": "free",
  "trial_start": 3,
  "trial_end_exclusive": 4,
  "total_configs": 16,
  "runs_completed": 13,
  "best_mse": 1.5001629119721144e-09,
  "best_post_max": 6.297871495775098e-05
}