{
  "mode": "free",
  "trial": 32,
  "x0trial": 9,
  "metrics": {
    "pre_max": 0.48984649524167345,
    "post_max": 0.0002563369202341903,
    "mse": 5.527239451680825e-09
  },
  "theta": {
    "Gamma_p": 22.064697009349537,
    "Gamma_n": 1.2187424432377298e-07,
    "K_e": 0.5938002967819226,
    "R0": 0.007548929064897384
  },
  "ab": {
    "sDn": 1.4197737569244362,
    "sDp": 1.0204730857157762,
    "sDe": 1.4124187303806706,
    "gn": 0.00032151212583473774,
    "gp": 0.9764411408154954,
    "ge": 0.8438456327126563
  },
  "x0": [
    10563.47020387635,
    10563.47020387635,
    10563.47020387635,
    10563.47020387635,
    28856.92975260921,
    28856.92975260921,
    28856.92975260921,
    28856.92975260921,
    0.0,
    0.0,
    0.0,
    0.0,
    0.0,
    0.0
  ]
}