{
  "mode": "free",
  "trial_start": 32,
  "trial_end_exclusive": 33,
  "total_configs": 16,
  "runs_completed": 14,
  "best_mse": 5.527239451680825e-09,
  "best_post_max": 0.0002563369202341903
}