{
  "trial": 45,
  "x0trial": 12,
  "metrics": {
    "pre_max": 1.7623021130293477,
    "post_max": 0.1364220353806318,
    "mse": 0.000982091851985534
  },
  "theta": {
    "Gamma_p": 0.8912911569039537,
    "Gamma_n": 0.8597439637363482,
    "K_e": 37.73963345746692,
    "R0": 0.004182650113274957,
    "V0": -4.132324452217526
  },
  "ab": {
    "sDn": 1.1132985565957323,
    "sDp": 0.4463425871902637,
    "sDe": 0.9623068837361666,
    "gn": 0.9814489551013771,
    "gp": 5273.63709182959,
    "ge": 1.1857424289074954
  },
  "x0": [
    28345.058362650354,
    28345.058362650354,
    28345.058362650354,
    28345.058362650354,
    28345.058362650354,
    28345.058362650354,
    28345.058362650354,
    28345.058362650354,
    28345.058362650354,
    28345.058362650354,
    28345.058362650354,
    28345.058362650354,
    28345.058362650354,
    28345.058362650354,
    28345.058362650354,
    28345.058362650354,
    11965.804091572732,
    11965.804091572732,
    11965.804091572732,
    11965.804091572732,
    11965.804091572732,
    11965.804091572732,
    11965.804091572732,
    11965.804091572732,
    11965.804091572732,
    11965.804091572732,
    11965.804091572732,
    11965.804091572732,
    11965.804091572732,
    11965.804091572732,
    11965.804091572732,
    11965.804091572732,
    0.0,
    0.0,
    0.0,
    0.0,
    0.0,
    0.0,
    0.0,
    0.0,
    0.0,
    0.0,
    0.0,
    0.0,
    0.0,
    0.0,
    0.0,
    0.0,
    0.0,
    0.0,
    0.0,
    0.0,
    0.0,
    0.0,
    0.0,
    0.0
  ]
}