{
  "mode": "free",
  "trial": 43,
  "x0trial": 14,
  "metrics": {
    "pre_max": 0.24194938292196966,
    "post_max": 0.0006770166575158498,
    "mse": 1.3458256986955037e-08
  },
  "theta": {
    "Gamma_p": 377.3768018711663,
    "Gamma_n": 1.713965472839931e-10,
    "K_e": 0.4971049248925312,
    "R0": 0.011333169868592192
  },
  "ab": {
    "sDn": 1.0595622087051397,
    "sDp": 1.1190781056111085,
    "sDe": 1.1437922906872768,
    "gn": 0.6637893554595857,
    "gp": 0.9090605314603738,
    "ge": 1.082550869143065
  },
  "x0": [
    4833.964899782204,
    4833.964899782204,
    4833.964899782204,
    4833.964899782204,
    4833.964899782204,
    4833.964899782204,
    4833.964899782204,
    4833.964899782204,
    4833.964899782204,
    4833.964899782204,
    4833.964899782204,
    4833.964899782204,
    4833.964899782204,
    4833.964899782204,
    4833.964899782204,
    4833.964899782204,
    11614.741517684019,
    11614.741517684019,
    11614.741517684019,
    11614.741517684019,
    11614.741517684019,
    11614.741517684019,
    11614.741517684019,
    11614.741517684019,
    11614.741517684019,
    11614.741517684019,
    11614.741517684019,
    11614.741517684019,
    11614.741517684019,
    11614.741517684019,
    11614.741517684019,
    11614.741517684019,
    0.0,
    0.0,
    0.0,
    0.0,
    0.0,
    0.0,
    0.0,
    0.0,
    0.0,
    0.0,
    0.0,
    0.0,
    0.0,
    0.0,
    0.0,
    0.0,
    0.0,
    0.0,
    0.0,
    0.0,
    0.0,
    0.0,
    0.0,
    0.0
  ]
}