{
  "mode": "free",
  "trial_start": 43,
  "trial_end_exclusive": 44,
  "total_configs": 16,
  "runs_completed": 14,
  "best_mse": 1.3458256986955037e-08,
  "best_post_max": 0.0006770166575158498
}