{
  "mode": "locked",
  "trial": 32,
  "x0trial": 0,
  "metrics": {
    "pre_max": 2.037584092590139,
    "post_max": 0.00020494482031985228,
    "mse": 2.219221990021818e-09
  },
  "theta": {
    "Gamma_p": 792299859797.7727,
    "Gamma_n": 1.0234245679471384e-09,
    "K_e": 0.024473903503953856,
    "R0": 7.390751169369083e-07
  },
  "ab": {
    "sDn": 0.8432514886268445,
    "sDp": 1.095949726093976,
    "sDe": 0.37454964902146504,
    "gn": 0.9664835199984682,
    "gp": 1.057170640430887,
    "ge": 1.921699707037334
  },
  "x0": [
    24800.0,
    24800.0,
    24800.0,
    24800.0,
    24800.0,
    24800.0,
    24800.0,
    24800.0,
    24800.0,
    24800.0,
    24800.0,
    24800.0,
    24800.0,
    24800.0,
    24800.0,
    24800.0,
    12400.0,
    12400.0,
    12400.0,
    12400.0,
    12400.0,
    12400.0,
    12400.0,
    12400.0,
    12400.0,
    12400.0,
    12400.0,
    12400.0,
    12400.0,
    12400.0,
    12400.0,
    12400.0,
    0.0,
    0.0,
    0.0,
    0.0,
    0.0,
    0.0,
    0.0,
    0.0,
    0.0,
    0.0,
    0.0,
    0.0,
    0.0,
    0.0,
    0.0,
    0.0,
    0.0,
    0.0,
    0.0,
    0.0,
    0.0,
    0.0,
    0.0,
    0.0
  ]
}