{
  "mode": "locked",
  "trial": 33,
  "x0trial": 0,
  "metrics": {
    "pre_max": 2.263014601932068,
    "post_max": 0.00018806983788799414,
    "mse": 1.4463198870579485e-09
  },
  "theta": {
    "Gamma_p": 1444926459508.446,
    "Gamma_n": 1.0235747935118646e-09,
    "K_e": 0.09802348914218145,
    "R0": 5.663224314694488e-07
  },
  "ab": {
    "sDn": 0.7911458794002705,
    "sDp": 2.2676549800807577,
    "sDe": 0.8230955988859847,
    "gn": 1.0212884550591483,
    "gp": 0.653818009665127,
    "ge": 0.9433814492709824
  },
  "x0": [
    24800.0,
    24800.0,
    24800.0,
    24800.0,
    24800.0,
    24800.0,
    24800.0,
    24800.0,
    24800.0,
    24800.0,
    24800.0,
    24800.0,
    24800.0,
    24800.0,
    24800.0,
    24800.0,
    12400.0,
    12400.0,
    12400.0,
    12400.0,
    12400.0,
    12400.0,
    12400.0,
    12400.0,
    12400.0,
    12400.0,
    12400.0,
    12400.0,
    12400.0,
    12400.0,
    12400.0,
    12400.0,
    0.0,
    0.0,
    0.0,
    0.0,
    0.0,
    0.0,
    0.0,
    0.0,
    0.0,
    0.0,
    0.0,
    0.0,
    0.0,
    0.0,
    0.0,
    0.0,
    0.0,
    0.0,
    0.0,
    0.0,
    0.0,
    0.0,
    0.0,
    0.0
  ]
}