{
  "mode": "locked",
  "trial": 25,
  "x0trial": 0,
  "metrics": {
    "pre_max": 2.1301520657001483,
    "post_max": 0.00021635688765542227,
    "mse": 8.033412672840856e-10
  },
  "theta": {
    "Gamma_p": 781330174253.7627,
    "Gamma_n": 1.023306814609001e-09,
    "K_e": 0.057361206521150516,
    "R0": 5.716688398272733e-07
  },
  "ab": {
    "sDn": 0.7032806941680002,
    "sDp": 1.3762325195730076,
    "sDe": 0.7313615217772804,
    "gn": 1.230889684844593,
    "gp": 0.7641947528623663,
    "ge": 1.5047859571384032
  },
  "x0": [
    24800.0,
    24800.0,
    24800.0,
    24800.0,
    12400.0,
    12400.0,
    12400.0,
    12400.0,
    0.0,
    0.0,
    0.0,
    0.0,
    0.0,
    0.0
  ]
}