{
  "mode": "locked",
  "trial_start": 25,
  "trial_end_exclusive": 26,
  "total_configs": 1,
  "runs_completed": 1,
  "best_mse": 8.033412672840856e-10,
  "best_post_max": 0.00021635688765542227
}