{
  "mode": "free",
  "trial_start": 4,
  "trial_end_exclusive": 5,
  "total_configs": 16,
  "runs_completed": 9,
  "best_mse": 3.503788578595575e-09,
  "best_post_max": 0.00021279223982872963
}