{
  "mode": "locked",
  "trial": 31,
  "x0trial": 0,
  "metrics": {
    "pre_max": 2.1117842701924943,
    "post_max": 0.00026919518106183205,
    "mse": 2.9002596547985264e-09
  },
  "theta": {
    "Gamma_p": 530591115008.6413,
    "Gamma_n": 1.0228157591617618e-09,
    "K_e": 0.09070375475227695,
    "R0": 7.455899355723183e-07
  },
  "ab": {
    "sDn": 0.4835098657683525,
    "sDp": 1.7777615728205316,
    "sDe": 0.38472141696191886,
    "gn": 1.0285108778146794,
    "gp": 1.2307696995490072,
    "ge": 0.7094218915855588
  },
  "x0": [
    24800.0,
    24800.0,
    24800.0,
    24800.0,
    24800.0,
    24800.0,
    24800.0,
    24800.0,
    24800.0,
    24800.0,
    24800.0,
    24800.0,
    24800.0,
    24800.0,
    24800.0,
    24800.0,
    12400.0,
    12400.0,
    12400.0,
    12400.0,
    12400.0,
    12400.0,
    12400.0,
    12400.0,
    12400.0,
    12400.0,
    12400.0,
    12400.0,
    12400.0,
    12400.0,
    12400.0,
    12400.0,
    0.0,
    0.0,
    0.0,
    0.0,
    0.0,
    0.0,
    0.0,
    0.0,
    0.0,
    0.0,
    0.0,
    0.0,
    0.0,
    0.0,
    0.0,
    0.0,
    0.0,
    0.0,
    0.0,
    0.0,
    0.0,
    0.0,
    0.0,
    0.0
  ]
}