{
  "mode": "locked",
  "trial_start": 26,
  "trial_end_exclusive": 27,
  "total_configs": 1,
  "runs_completed": 1,
  "best_mse": 2.221469708454132e-09,
  "best_post_max": 0.00028175389909357307
}