{
  "mode": "locked",
  "trial": 26,
  "x0trial": 0,
  "metrics": {
    "pre_max": 2.0994032802418303,
    "post_max": 0.00028175389909357307,
    "mse": 2.221469708454132e-09
  },
  "theta": {
    "Gamma_p": 484077010020.29785,
    "Gamma_n": 1.0226929026488573e-09,
    "K_e": 0.0905368407582482,
    "R0": 6.783174142943026e-07
  },
  "ab": {
    "sDn": 0.8074993066508771,
    "sDp": 1.3143021215832724,
    "sDe": 0.6510356584553157,
    "gn": 0.8703062395717823,
    "gp": 0.9868453774534245,
    "ge": 1.2434741327014542
  },
  "x0": [
    24800.0,
    24800.0,
    24800.0,
    24800.0,
    24800.0,
    24800.0,
    24800.0,
    24800.0,
    24800.0,
    24800.0,
    24800.0,
    24800.0,
    24800.0,
    24800.0,
    24800.0,
    24800.0,
    12400.0,
    12400.0,
    12400.0,
    12400.0,
    12400.0,
    12400.0,
    12400.0,
    12400.0,
    12400.0,
    12400.0,
    12400.0,
    12400.0,
    12400.0,
    12400.0,
    12400.0,
    12400.0,
    0.0,
    0.0,
    0.0,
    0.0,
    0.0,
    0.0,
    0.0,
    0.0,
    0.0,
    0.0,
    0.0,
    0.0,
    0.0,
    0.0,
    0.0,
    0.0,
    0.0,
    0.0,
    0.0,
    0.0,
    0.0,
    0.0,
    0.0,
    0.0
  ]
}