{
  "mode": "free",
  "trial": 9,
  "x0trial": 9,
  "metrics": {
    "pre_max": 2.220378159190256,
    "post_max": 0.0007902725053909876,
    "mse": 9.990820462484126e-09
  },
  "theta": {
    "Gamma_p": 34500933974.877556,
    "Gamma_n": 1.2141007350378723,
    "K_e": 67.63319740864816,
    "R0": 2.889095516021733e-06
  },
  "ab": {
    "sDn": 0.6783960604551593,
    "sDp": 0.8505432692253112,
    "sDe": 3.998191322666816,
    "gn": 0.7458998426015795,
    "gp": 1.14616834646357,
    "ge": 3.6667925458228443
  },
  "x0": [
    24320.02792912226,
    24320.02792912226,
    24320.02792912226,
    24320.02792912226,
    24320.02792912226,
    24320.02792912226,
    24320.02792912226,
    24320.02792912226,
    24320.02792912226,
    24320.02792912226,
    24320.02792912226,
    24320.02792912226,
    24320.02792912226,
    24320.02792912226,
    24320.02792912226,
    24320.02792912226,
    11456.332082447401,
    11456.332082447401,
    11456.332082447401,
    11456.332082447401,
    11456.332082447401,
    11456.332082447401,
    11456.332082447401,
    11456.332082447401,
    11456.332082447401,
    11456.332082447401,
    11456.332082447401,
    11456.332082447401,
    11456.332082447401,
    11456.332082447401,
    11456.332082447401,
    11456.332082447401,
    0.0,
    0.0,
    0.0,
    0.0,
    0.0,
    0.0,
    0.0,
    0.0,
    0.0,
    0.0,
    0.0,
    0.0,
    0.0,
    0.0,
    0.0,
    0.0,
    0.0,
    0.0,
    0.0,
    0.0,
    0.0,
    0.0,
    0.0,
    0.0
  ]
}