{
  "mode": "locked",
  "trial": 27,
  "x0trial": 0,
  "metrics": {
    "pre_max": 2.1220627998670416,
    "post_max": 0.0008242721190452329,
    "mse": 4.164778482947339e-08
  },
  "theta": {
    "Gamma_p": 538288.1609530714,
    "Gamma_n": 1.0783681361471381e-09,
    "K_e": 0.23547371155622324,
    "R0": 0.00104449994620322
  },
  "ab": {
    "sDn": 0.898275130744324,
    "sDp": 1.2043187491831706,
    "sDe": 0.8850910541777613,
    "gn": 1.1156039973191643,
    "gp": 0.8331398560658594,
    "ge": 1.1601198564807669
  },
  "x0": [
    24800.0,
    24800.0,
    24800.0,
    24800.0,
    12400.0,
    12400.0,
    12400.0,
    12400.0,
    0.0,
    0.0,
    0.0,
    0.0,
    0.0,
    0.0
  ]
}