{
  "mode": "free",
  "trial": 38,
  "x0trial": 8,
  "metrics": {
    "pre_max": 0.5377568049955972,
    "post_max": 0.00041922527064741644,
    "mse": 2.608309339554656e-09
  },
  "theta": {
    "Gamma_p": 1.5743519449078998,
    "Gamma_n": 8.97766117167847e-08,
    "K_e": 0.7100591574877615,
    "R0": 0.00898713430804455
  },
  "ab": {
    "sDn": 1.011308944341653,
    "sDp": 0.9878525210104417,
    "sDe": 1.3988075123501127,
    "gn": 0.996308313600344,
    "gp": 1.0487627280279788,
    "ge": 0.7184782076796286
  },
  "x0": [
    7835.000506648063,
    7835.000506648063,
    7835.000506648063,
    7835.000506648063,
    7835.000506648063,
    7835.000506648063,
    7835.000506648063,
    7835.000506648063,
    7835.000506648063,
    7835.000506648063,
    7835.000506648063,
    7835.000506648063,
    7835.000506648063,
    7835.000506648063,
    7835.000506648063,
    7835.000506648063,
    24204.863374186218,
    24204.863374186218,
    24204.863374186218,
    24204.863374186218,
    24204.863374186218,
    24204.863374186218,
    24204.863374186218,
    24204.863374186218,
    24204.863374186218,
    24204.863374186218,
    24204.863374186218,
    24204.863374186218,
    24204.863374186218,
    24204.863374186218,
    24204.863374186218,
    24204.863374186218,
    0.0,
    0.0,
    0.0,
    0.0,
    0.0,
    0.0,
    0.0,
    0.0,
    0.0,
    0.0,
    0.0,
    0.0,
    0.0,
    0.0,
    0.0,
    0.0,
    0.0,
    0.0,
    0.0,
    0.0,
    0.0,
    0.0,
    0.0,
    0.0
  ]
}