{
  "mode": "locked",
  "trial": 20,
  "x0trial": 0,
  "metrics": {
    "pre_max": 2.1332924458821054,
    "post_max": 0.0008016742160226187,
    "mse": 2.2368325818814696e-08
  },
  "theta": {
    "Gamma_p": 171700.6737043239,
    "Gamma_n": 1.1291244232348202e-09,
    "K_e": 0.26663071561229823,
    "R0": 0.0018679904469327008
  },
  "ab": {
    "sDn": 0.8446862593307889,
    "sDp": 1.1282584557700672,
    "sDe": 0.9032398937933842,
    "gn": 1.14714034648406,
    "gp": 0.897206046979708,
    "ge": 1.1021207383447855
  },
  "x0": [
    24800.0,
    24800.0,
    24800.0,
    24800.0,
    12400.0,
    12400.0,
    12400.0,
    12400.0,
    0.0,
    0.0,
    0.0,
    0.0,
    0.0,
    0.0
  ]
}