{
  "mode": "locked",
  "trial_start": 20,
  "trial_end_exclusive": 21,
  "total_configs": 1,
  "runs_completed": 1,
  "best_mse": 2.2368325818814696e-08,
  "best_post_max": 0.0008016742160226187
}