mode,trial,x0trial,ok_run,pre_max,post_max,mse,wall_s,err,Gamma_p,Gamma_n,K_e,R0,sDn,sDp,sDe,gn,gp,ge
locked,20,0,1,2.1332924458821054,0.0008016742160226187,2.2368325818814696e-08,28.471288919448853,,171700.6737043239,1.1291244232348202e-09,0.26663071561229823,0.0018679904469327008,0.8446862593307889,1.1282584557700672,0.9032398937933842,1.14714034648406,0.897206046979708,1.1021207383447855
