{
  "trial": 15,
  "x0trial": 4,
  "metrics": {
    "pre_max": 1.6433945270728798,
    "post_max": 0.13833225166735774,
    "mse": 0.0010565851097750145
  },
  "theta": {
    "Gamma_p": 0.8534489803424348,
    "Gamma_n": 0.9248454451275796,
    "K_e": 51.75637357890408,
    "R0": 5.867367778480435e-05,
    "V0": -4.1259931978076
  },
  "ab": {
    "sDn": 0.8853601916290318,
    "sDp": 0.0006427116393650836,
    "sDe": 0.8876061307988243,
    "gn": 1.1029375387206632,
    "gp": 3185.747360020304,
    "ge": 1.208414093411306
  },
  "x0": [
    26900.530952374505,
    26900.530952374505,
    26900.530952374505,
    26900.530952374505,
    14588.551988891886,
    14588.551988891886,
    14588.551988891886,
    14588.551988891886,
    0.0,
    0.0,
    0.0,
    0.0,
    0.0,
    0.0
  ]
}