{
  "trial": 1,
  "x0trial": 9,
  "metrics": {
    "pre_max": 1.621688738617995,
    "post_max": 0.1411876341821725,
    "mse": 0.0014914025668069594
  },
  "theta": {
    "Gamma_p": 0.9852946718759412,
    "Gamma_n": 1.0575752592139227,
    "K_e": 66.68727950701734,
    "R0": 2.0635881210456945e-05,
    "V0": -4.111575148224529
  },
  "ab": {
    "sDn": 0.9473665633626263,
    "sDp": 4.758557204669264e-06,
    "sDe": 0.8032738350126901,
    "gn": 1.1211679779852803,
    "gp": 2538.889437292744,
    "ge": 1.2708105242801593
  },
  "x0": [
    28610.919028730095,
    28610.919028730095,
    28610.919028730095,
    28610.919028730095,
    15948.313536785814,
    15948.313536785814,
    15948.313536785814,
    15948.313536785814,
    0.0,
    0.0,
    0.0,
    0.0,
    0.0,
    0.0
  ]
}