{
  "trial_start": 1,
  "trial_end_exclusive": 2,
  "total_configs": 16,
  "runs_completed": 11,
  "best_mse": 0.0014914025668069594,
  "best_post_max": 0.1411876341821725
}