{
  "trial": 11,
  "x0trial": 11,
  "metrics": {
    "pre_max": 1.8398362512297135,
    "post_max": 0.1375478705792057,
    "mse": 0.0010175338689537503
  },
  "theta": {
    "Gamma_p": 0.9820383388005841,
    "Gamma_n": 1.6871930429827464,
    "K_e": 38.138210179234115,
    "R0": 2.4229538727506745e-05,
    "V0": -4.130625075745863
  },
  "ab": {
    "sDn": 1.3424074804909107,
    "sDp": 0.014956321239339543,
    "sDe": 0.5557030290778086,
    "gn": 1.6003488967722368,
    "gp": 1613.9179696326948,
    "ge": 1.0388078597744517
  },
  "x0": [
    26546.846200185253,
    26546.846200185253,
    26546.846200185253,
    26546.846200185253,
    26546.846200185253,
    26546.846200185253,
    26546.846200185253,
    26546.846200185253,
    26546.846200185253,
    26546.846200185253,
    26546.846200185253,
    26546.846200185253,
    26546.846200185253,
    26546.846200185253,
    26546.846200185253,
    26546.846200185253,
    13545.568508134606,
    13545.568508134606,
    13545.568508134606,
    13545.568508134606,
    13545.568508134606,
    13545.568508134606,
    13545.568508134606,
    13545.568508134606,
    13545.568508134606,
    13545.568508134606,
    13545.568508134606,
    13545.568508134606,
    13545.568508134606,
    13545.568508134606,
    13545.568508134606,
    13545.568508134606,
    0.0,
    0.0,
    0.0,
    0.0,
    0.0,
    0.0,
    0.0,
    0.0,
    0.0,
    0.0,
    0.0,
    0.0,
    0.0,
    0.0,
    0.0,
    0.0,
    0.0,
    0.0,
    0.0,
    0.0,
    0.0,
    0.0,
    0.0,
    0.0
  ]
}