{
  "mode": "free",
  "trial": 2,
  "x0trial": 11,
  "metrics": {
    "pre_max": 0.2518591667932828,
    "post_max": 0.0011392906759599697,
    "mse": 1.0141395985853145e-08
  },
  "theta": {
    "Gamma_p": 145.31228382468382,
    "Gamma_n": 1.8934708792000915e-10,
    "K_e": 0.564594810330698,
    "R0": 0.014084038388494785
  },
  "ab": {
    "sDn": 0.9682251997504028,
    "sDp": 0.9391663094433204,
    "sDe": 0.99414203529772,
    "gn": 0.8042551968798302,
    "gp": 1.0391055510185756,
    "ge": 0.9913646167230262
  },
  "x0": [
    5276.884173383031,
    5276.884173383031,
    5276.884173383031,
    5276.884173383031,
    10348.953958528506,
    10348.953958528506,
    10348.953958528506,
    10348.953958528506,
    0.0,
    0.0,
    0.0,
    0.0,
    0.0,
    0.0
  ]
}