{
  "mode": "free",
  "trial_start": 2,
  "trial_end_exclusive": 3,
  "total_configs": 16,
  "runs_completed": 12,
  "best_mse": 1.0141395985853145e-08,
  "best_post_max": 0.0011392906759599697
}