{
  "trial": 47,
  "x0trial": 0,
  "metrics": {
    "pre_max": 2.4429726329106667,
    "post_max": 0.13891491658186084,
    "mse": 0.0026095220906860454
  },
  "theta": {
    "Gamma_p": 0.49250008907911247,
    "Gamma_n": 1.0199007522529093,
    "K_e": 80.33347908582303,
    "R0": 4.460947570610448e-05,
    "V0": -4.082125878236348
  },
  "ab": {
    "sDn": 1.0478655526608036,
    "sDp": 9.675101965005188e-23,
    "sDe": 1.1752167741646398,
    "gn": 0.2258469544919947,
    "gp": 921.49309246779,
    "ge": 1.5388231439989863
  },
  "x0": [
    23674.09233475964,
    23674.09233475964,
    23674.09233475964,
    23674.09233475964,
    23674.09233475964,
    23674.09233475964,
    23674.09233475964,
    23674.09233475964,
    23674.09233475964,
    23674.09233475964,
    23674.09233475964,
    23674.09233475964,
    23674.09233475964,
    23674.09233475964,
    23674.09233475964,
    23674.09233475964,
    17001.826452040536,
    17001.826452040536,
    17001.826452040536,
    17001.826452040536,
    17001.826452040536,
    17001.826452040536,
    17001.826452040536,
    17001.826452040536,
    17001.826452040536,
    17001.826452040536,
    17001.826452040536,
    17001.826452040536,
    17001.826452040536,
    17001.826452040536,
    17001.826452040536,
    17001.826452040536,
    0.0,
    0.0,
    0.0,
    0.0,
    0.0,
    0.0,
    0.0,
    0.0,
    0.0,
    0.0,
    0.0,
    0.0,
    0.0,
    0.0,
    0.0,
    0.0,
    0.0,
    0.0,
    0.0,
    0.0,
    0.0,
    0.0,
    0.0,
    0.0
  ]
}