{
  "trial_start": 47,
  "trial_end_exclusive": 48,
  "total_configs": 16,
  "runs_completed": 11,
  "best_mse": 0.0026095220906860454,
  "best_post_max": 0.13891491658186084
}