{
  "mode": "locked",
  "trial": 8,
  "x0trial": 0,
  "metrics": {
    "pre_max": 2.140239173849764,
    "post_max": 0.0002752576808653373,
    "mse": 1.0816267843676568e-09
  },
  "theta": {
    "Gamma_p": 905262889943.1179,
    "Gamma_n": 1.0227538965767172e-09,
    "K_e": 0.07434444948313142,
    "R0": 6.682053667167203e-07
  },
  "ab": {
    "sDn": 0.8114734784832429,
    "sDp": 1.4326763047021311,
    "sDe": 0.6951563578696507,
    "gn": 1.235165277566381,
    "gp": 0.7144121557113803,
    "ge": 1.3604829470522712
  },
  "x0": [
    24800.0,
    24800.0,
    24800.0,
    24800.0,
    12400.0,
    12400.0,
    12400.0,
    12400.0,
    0.0,
    0.0,
    0.0,
    0.0,
    0.0,
    0.0
  ]
}