mode,trial,x0trial,ok_run,pre_max,post_max,mse,wall_s,err,Gamma_p,Gamma_n,K_e,R0,sDn,sDp,sDe,gn,gp,ge
locked,4,0,1,2.130327888844599,0.00025740816210628736,1.0325858544660325e-09,23.162256240844727,,945037296873.9292,1.0229174966306695e-09,0.06066580761145863,5.699109627357625e-07,0.754641921663812,1.4306109207707634,0.658200930387373,1.3758526682173207,0.7151076563035791,1.4894063683819905
