{
  "mode": "locked",
  "trial": 4,
  "x0trial": 0,
  "metrics": {
    "pre_max": 2.130327888844599,
    "post_max": 0.00025740816210628736,
    "mse": 1.0325858544660325e-09
  },
  "theta": {
    "Gamma_p": 945037296873.9292,
    "Gamma_n": 1.0229174966306695e-09,
    "K_e": 0.06066580761145863,
    "R0": 5.699109627357625e-07
  },
  "ab": {
    "sDn": 0.754641921663812,
    "sDp": 1.4306109207707634,
    "sDe": 0.658200930387373,
    "gn": 1.3758526682173207,
    "gp": 0.7151076563035791,
    "ge": 1.4894063683819905
  },
  "x0": [
    24800.0,
    24800.0,
    24800.0,
    24800.0,
    12400.0,
    12400.0,
    12400.0,
    12400.0,
    0.0,
    0.0,
    0.0,
    0.0,
    0.0,
    0.0
  ]
}