{
  "mode": "locked",
  "trial_start": 4,
  "trial_end_exclusive": 5,
  "total_configs": 1,
  "runs_completed": 1,
  "best_mse": 1.0325858544660325e-09,
  "best_post_max": 0.00025740816210628736
}