{
  "mode": "free",
  "trial_start": 44,
  "trial_end_exclusive": 45,
  "total_configs": 16,
  "runs_completed": 9,
  "best_mse": 1.0378755972371218e-08,
  "best_post_max": 0.0008337191770824148
}