{
  "trial": 48,
  "x0trial": 10,
  "metrics": {
    "pre_max": 0.8143313692679923,
    "post_max": 0.1383937533280939,
    "mse": 0.0010470063806380541
  },
  "theta": {
    "Gamma_p": 0.6826975699100907,
    "Gamma_n": 2.041891040889362,
    "K_e": 45.006822839039714,
    "R0": 0.00014335628185592266,
    "V0": -4.926459092610956
  },
  "ab": {
    "sDn": 1.3151421852392822,
    "sDp": 7.11692256790988e-05,
    "sDe": 1.0520772302282473,
    "gn": 1.071866400647301,
    "gp": 1139.362673912699,
    "ge": 0.7366489409449715
  },
  "x0": [
    3565.7565545805724,
    3565.7565545805724,
    3565.7565545805724,
    3565.7565545805724,
    3565.7565545805724,
    3565.7565545805724,
    3565.7565545805724,
    3565.7565545805724,
    3565.7565545805724,
    3565.7565545805724,
    3565.7565545805724,
    3565.7565545805724,
    3565.7565545805724,
    3565.7565545805724,
    3565.7565545805724,
    3565.7565545805724,
    14491.043790779984,
    14491.043790779984,
    14491.043790779984,
    14491.043790779984,
    14491.043790779984,
    14491.043790779984,
    14491.043790779984,
    14491.043790779984,
    14491.043790779984,
    14491.043790779984,
    14491.043790779984,
    14491.043790779984,
    14491.043790779984,
    14491.043790779984,
    14491.043790779984,
    14491.043790779984,
    0.0,
    0.0,
    0.0,
    0.0,
    0.0,
    0.0,
    0.0,
    0.0,
    0.0,
    0.0,
    0.0,
    0.0,
    0.0,
    0.0,
    0.0,
    0.0,
    0.0,
    0.0,
    0.0,
    0.0,
    0.0,
    0.0,
    0.0,
    0.0
  ]
}