{
  "mode": "locked",
  "trial_start": 16,
  "trial_end_exclusive": 17,
  "total_configs": 1,
  "runs_completed": 1,
  "best_mse": 1.472617280439937e-09,
  "best_post_max": 0.0002448195520976526
}