{
  "mode": "locked",
  "trial": 16,
  "x0trial": 0,
  "metrics": {
    "pre_max": 2.0792924193329494,
    "post_max": 0.0002448195520976526,
    "mse": 1.472617280439937e-09
  },
  "theta": {
    "Gamma_p": 458061948337.5867,
    "Gamma_n": 1.0230589258417725e-09,
    "K_e": 0.10075763052269257,
    "R0": 9.582278395950342e-07
  },
  "ab": {
    "sDn": 0.6518592942178459,
    "sDp": 1.301246833651894,
    "sDe": 1.308740318221878,
    "gn": 1.5257489969207176,
    "gp": 0.9943898001886817,
    "ge": 1.9186379758060639
  },
  "x0": [
    24800.0,
    24800.0,
    24800.0,
    24800.0,
    24800.0,
    24800.0,
    24800.0,
    24800.0,
    24800.0,
    24800.0,
    24800.0,
    24800.0,
    24800.0,
    24800.0,
    24800.0,
    24800.0,
    12400.0,
    12400.0,
    12400.0,
    12400.0,
    12400.0,
    12400.0,
    12400.0,
    12400.0,
    12400.0,
    12400.0,
    12400.0,
    12400.0,
    12400.0,
    12400.0,
    12400.0,
    12400.0,
    0.0,
    0.0,
    0.0,
    0.0,
    0.0,
    0.0,
    0.0,
    0.0,
    0.0,
    0.0,
    0.0,
    0.0,
    0.0,
    0.0,
    0.0,
    0.0,
    0.0,
    0.0,
    0.0,
    0.0,
    0.0,
    0.0,
    0.0,
    0.0
  ]
}