{
  "mode": "locked",
  "trial_start": 22,
  "trial_end_exclusive": 23,
  "total_configs": 1,
  "runs_completed": 1,
  "best_mse": 9.177408556410997e-10,
  "best_post_max": 0.00024886369116394746
}