{
  "mode": "locked",
  "trial": 22,
  "x0trial": 0,
  "metrics": {
    "pre_max": 2.139606910086547,
    "post_max": 0.00024886369116394746,
    "mse": 9.177408556410997e-10
  },
  "theta": {
    "Gamma_p": 943600278376.2396,
    "Gamma_n": 1.0229978222277474e-09,
    "K_e": 0.06815241042290174,
    "R0": 5.580514600399127e-07
  },
  "ab": {
    "sDn": 0.7387083731171888,
    "sDp": 1.4037930309201738,
    "sDe": 0.751635793749681,
    "gn": 1.3268872505097449,
    "gp": 0.695861510464493,
    "ge": 1.4679689220052872
  },
  "x0": [
    24800.0,
    24800.0,
    24800.0,
    24800.0,
    12400.0,
    12400.0,
    12400.0,
    12400.0,
    0.0,
    0.0,
    0.0,
    0.0,
    0.0,
    0.0
  ]
}