{
  "trial": 7,
  "x0trial": 15,
  "metrics": {
    "pre_max": 1.7545388027074105,
    "post_max": 0.14058187560819047,
    "mse": 0.0013949908780026006
  },
  "theta": {
    "Gamma_p": 0.9571138573157387,
    "Gamma_n": 1.0134390704496472,
    "K_e": 67.96804582672993,
    "R0": 2.3166470729964084e-05,
    "V0": -4.114256177459713
  },
  "ab": {
    "sDn": 0.9169386317162347,
    "sDp": 1.2829518358437224e-06,
    "sDe": 0.851542249626495,
    "gn": 1.0880183679936968,
    "gp": 2613.510873648129,
    "ge": 1.1890602367159024
  },
  "x0": [
    26111.26709606512,
    26111.26709606512,
    26111.26709606512,
    26111.26709606512,
    15773.163595329008,
    15773.163595329008,
    15773.163595329008,
    15773.163595329008,
    0.0,
    0.0,
    0.0,
    0.0,
    0.0,
    0.0
  ]
}