{
  "mode": "free",
  "trial": 40,
  "x0trial": 8,
  "metrics": {
    "pre_max": 1.0501550761436818,
    "post_max": 0.00040848608676036235,
    "mse": 6.858835812170599e-09
  },
  "theta": {
    "Gamma_p": 42283.357196536264,
    "Gamma_n": 1.3292348478397372e-05,
    "K_e": 0.2550860777414526,
    "R0": 0.0021732359854748163
  },
  "ab": {
    "sDn": 0.004935238184545129,
    "sDp": 1.1551456118527712,
    "sDe": 1.2956827396836388,
    "gn": 0.0001635844483066212,
    "gp": 0.8991458989061357,
    "ge": 1.2511454930905077
  },
  "x0": [
    15722.766324390619,
    15722.766324390619,
    15722.766324390619,
    15722.766324390619,
    15722.766324390619,
    15722.766324390619,
    15722.766324390619,
    15722.766324390619,
    15722.766324390619,
    15722.766324390619,
    15722.766324390619,
    15722.766324390619,
    15722.766324390619,
    15722.766324390619,
    15722.766324390619,
    15722.766324390619,
    6174.470829811245,
    6174.470829811245,
    6174.470829811245,
    6174.470829811245,
    6174.470829811245,
    6174.470829811245,
    6174.470829811245,
    6174.470829811245,
    6174.470829811245,
    6174.470829811245,
    6174.470829811245,
    6174.470829811245,
    6174.470829811245,
    6174.470829811245,
    6174.470829811245,
    6174.470829811245,
    0.0,
    0.0,
    0.0,
    0.0,
    0.0,
    0.0,
    0.0,
    0.0,
    0.0,
    0.0,
    0.0,
    0.0,
    0.0,
    0.0,
    0.0,
    0.0,
    0.0,
    0.0,
    0.0,
    0.0,
    0.0,
    0.0,
    0.0,
    0.0
  ]
}