{
  "mode": "free",
  "trial_start": 40,
  "trial_end_exclusive": 41,
  "total_configs": 16,
  "runs_completed": 13,
  "best_mse": 6.858835812170599e-09,
  "best_post_max": 0.00040848608676036235
}