{
  "mode": "free",
  "trial_start": 12,
  "trial_end_exclusive": 13,
  "total_configs": 16,
  "runs_completed": 10,
  "best_mse": 1.7967085076252654e-08,
  "best_post_max": 0.0007083869112349817
}