{
  "mode": "free",
  "trial_start": 20,
  "trial_end_exclusive": 21,
  "total_configs": 16,
  "runs_completed": 8,
  "best_mse": 1.010559225289771e-08,
  "best_post_max": 0.0009097249134413232
}