{
  "mode": "locked",
  "trial": 46,
  "x0trial": 0,
  "metrics": {
    "pre_max": 2.081552522041015,
    "post_max": 0.0005547637138221262,
    "mse": 7.358738651994966e-09
  },
  "theta": {
    "Gamma_p": 621690093145.1145,
    "Gamma_n": 1.020085316488494e-09,
    "K_e": 0.06351206580008091,
    "R0": 2.6507647842887504e-07
  },
  "ab": {
    "sDn": 0.5657728070815577,
    "sDp": 1.195501802737091,
    "sDe": 0.41565912999907295,
    "gn": 2.287752133725848,
    "gp": 0.9356479331225322,
    "ge": 2.3047008293953497
  },
  "x0": [
    24800.0,
    24800.0,
    24800.0,
    24800.0,
    24800.0,
    24800.0,
    24800.0,
    24800.0,
    24800.0,
    24800.0,
    24800.0,
    24800.0,
    24800.0,
    24800.0,
    24800.0,
    24800.0,
    12400.0,
    12400.0,
    12400.0,
    12400.0,
    12400.0,
    12400.0,
    12400.0,
    12400.0,
    12400.0,
    12400.0,
    12400.0,
    12400.0,
    12400.0,
    12400.0,
    12400.0,
    12400.0,
    0.0,
    0.0,
    0.0,
    0.0,
    0.0,
    0.0,
    0.0,
    0.0,
    0.0,
    0.0,
    0.0,
    0.0,
    0.0,
    0.0,
    0.0,
    0.0,
    0.0,
    0.0,
    0.0,
    0.0,
    0.0,
    0.0,
    0.0,
    0.0
  ]
}