{
  "mode": "locked",
  "trial_start": 46,
  "trial_end_exclusive": 47,
  "total_configs": 1,
  "runs_completed": 1,
  "best_mse": 7.358738651994966e-09,
  "best_post_max": 0.0005547637138221262
}