{
  "mode": "free",
  "trial_start": 3,
  "trial_end_exclusive": 4,
  "total_configs": 16,
  "runs_completed": 13,
  "best_mse": 1.3945929087094006e-08,
  "best_post_max": 0.001124808913564479
}