{
  "mode": "free",
  "trial": 3,
  "x0trial": 4,
  "metrics": {
    "pre_max": 0.45679916030999834,
    "post_max": 0.001124808913564479,
    "mse": 1.3945929087094006e-08
  },
  "theta": {
    "Gamma_p": 0.1451097440753575,
    "Gamma_n": 9.34766526076221e-08,
    "K_e": 1.1103636277098197,
    "R0": 0.016785494739876932
  },
  "ab": {
    "sDn": 1.188112501157507,
    "sDp": 0.9823183424965146,
    "sDe": 1.2822070443295197,
    "gn": 0.05978622642707265,
    "gp": 1.071516205662236,
    "ge": 0.8877598868620171
  },
  "x0": [
    9942.549429040002,
    9942.549429040002,
    9942.549429040002,
    9942.549429040002,
    27251.252949084737,
    27251.252949084737,
    27251.252949084737,
    27251.252949084737,
    0.0,
    0.0,
    0.0,
    0.0,
    0.0,
    0.0
  ]
}