{
  "mode": "locked",
  "trial": 6,
  "x0trial": 0,
  "metrics": {
    "pre_max": 2.2374784204657976,
    "post_max": 0.00033228294105391853,
    "mse": 2.718777473357548e-09
  },
  "theta": {
    "Gamma_p": 1399928559047.9832,
    "Gamma_n": 1.0222548091831579e-09,
    "K_e": 0.09262773161812163,
    "R0": 1.3939786170872488e-06
  },
  "ab": {
    "sDn": 1.108848760263652,
    "sDp": 1.0592986627243735,
    "sDe": 0.6241852555750803,
    "gn": 1.1231709486236285,
    "gp": 0.9608285933095022,
    "ge": 1.3849149422416258
  },
  "x0": [
    24800.0,
    24800.0,
    24800.0,
    24800.0,
    24800.0,
    24800.0,
    24800.0,
    24800.0,
    24800.0,
    24800.0,
    24800.0,
    24800.0,
    24800.0,
    24800.0,
    24800.0,
    24800.0,
    12400.0,
    12400.0,
    12400.0,
    12400.0,
    12400.0,
    12400.0,
    12400.0,
    12400.0,
    12400.0,
    12400.0,
    12400.0,
    12400.0,
    12400.0,
    12400.0,
    12400.0,
    12400.0,
    0.0,
    0.0,
    0.0,
    0.0,
    0.0,
    0.0,
    0.0,
    0.0,
    0.0,
    0.0,
    0.0,
    0.0,
    0.0,
    0.0,
    0.0,
    0.0,
    0.0,
    0.0,
    0.0,
    0.0,
    0.0,
    0.0,
    0.0,
    0.0
  ]
}