{
  "mode": "locked",
  "trial_start": 6,
  "trial_end_exclusive": 7,
  "total_configs": 1,
  "runs_completed": 1,
  "best_mse": 2.718777473357548e-09,
  "best_post_max": 0.00033228294105391853
}