{
  "trial": 9,
  "x0trial": 7,
  "metrics": {
    "pre_max": 1.7882585130481043,
    "post_max": 0.2516412495260556,
    "mse": 0.009534098540516523
  },
  "theta": {
    "Gamma_p": 0.4382709366204437,
    "Gamma_n": 1.0063714218971689,
    "K_e": 87.60480152289571,
    "R0": 7.65584052872499e-05,
    "V0": -4.033277942926514
  },
  "ab": {
    "sDn": 0.9487375278423139,
    "sDp": 0.001054757168362649,
    "sDe": 0.6141036527640132,
    "gn": 1.022726527501853,
    "gp": 1234.383449617463,
    "ge": 1.2032112921329092
  },
  "x0": [
    27017.40044477131,
    27017.40044477131,
    27017.40044477131,
    27017.40044477131,
    21308.972903478512,
    21308.972903478512,
    21308.972903478512,
    21308.972903478512,
    0.0,
    0.0,
    0.0,
    0.0,
    0.0,
    0.0
  ]
}