{
  "trial_start": 9,
  "trial_end_exclusive": 10,
  "total_configs": 16,
  "runs_completed": 12,
  "best_mse": 0.009534098540516523,
  "best_post_max": 0.2516412495260556
}