{
  "mode": "free",
  "trial": 29,
  "x0trial": 1,
  "metrics": {
    "pre_max": 0.22698896815474257,
    "post_max": 0.0007868069156469204,
    "mse": 7.066906483767664e-09
  },
  "theta": {
    "Gamma_p": 36.48315837487468,
    "Gamma_n": 2.845963679240464e-10,
    "K_e": 0.6076887732549948,
    "R0": 0.008886378440674646
  },
  "ab": {
    "sDn": 99.00124882190599,
    "sDp": 0.9523320642153865,
    "sDe": 1.0371097894988603,
    "gn": 2.151965153964908e-06,
    "gp": 1.0417448414377493,
    "ge": 0.9573964490221516
  },
  "x0": [
    11664.106669292416,
    11664.106669292416,
    11664.106669292416,
    11664.106669292416,
    11664.106669292416,
    11664.106669292416,
    11664.106669292416,
    11664.106669292416,
    11664.106669292416,
    11664.106669292416,
    11664.106669292416,
    11664.106669292416,
    11664.106669292416,
    11664.106669292416,
    11664.106669292416,
    11664.106669292416,
    3528.696523404089,
    3528.696523404089,
    3528.696523404089,
    3528.696523404089,
    3528.696523404089,
    3528.696523404089,
    3528.696523404089,
    3528.696523404089,
    3528.696523404089,
    3528.696523404089,
    3528.696523404089,
    3528.696523404089,
    3528.696523404089,
    3528.696523404089,
    3528.696523404089,
    3528.696523404089,
    0.0,
    0.0,
    0.0,
    0.0,
    0.0,
    0.0,
    0.0,
    0.0,
    0.0,
    0.0,
    0.0,
    0.0,
    0.0,
    0.0,
    0.0,
    0.0,
    0.0,
    0.0,
    0.0,
    0.0,
    0.0,
    0.0,
    0.0,
    0.0
  ]
}