{
  "mode": "locked",
  "trial": 5,
  "x0trial": 0,
  "metrics": {
    "pre_max": 2.1394704078925653,
    "post_max": 0.00018591798307632246,
    "mse": 1.85483713493838e-09
  },
  "theta": {
    "Gamma_p": 546933788648.4189,
    "Gamma_n": 1.02359281242122e-09,
    "K_e": 0.044705787633431304,
    "R0": 5.242799303730455e-07
  },
  "ab": {
    "sDn": 1.1638516140501416,
    "sDp": 2.5709015178613717,
    "sDe": 0.4464886818821598,
    "gn": 1.3644585781407441,
    "gp": 1.0189856436029867,
    "ge": 1.1236982362376062
  },
  "x0": [
    24800.0,
    24800.0,
    24800.0,
    24800.0,
    24800.0,
    24800.0,
    24800.0,
    24800.0,
    24800.0,
    24800.0,
    24800.0,
    24800.0,
    24800.0,
    24800.0,
    24800.0,
    24800.0,
    12400.0,
    12400.0,
    12400.0,
    12400.0,
    12400.0,
    12400.0,
    12400.0,
    12400.0,
    12400.0,
    12400.0,
    12400.0,
    12400.0,
    12400.0,
    12400.0,
    12400.0,
    12400.0,
    0.0,
    0.0,
    0.0,
    0.0,
    0.0,
    0.0,
    0.0,
    0.0,
    0.0,
    0.0,
    0.0,
    0.0,
    0.0,
    0.0,
    0.0,
    0.0,
    0.0,
    0.0,
    0.0,
    0.0,
    0.0,
    0.0,
    0.0,
    0.0
  ]
}