{
  "mode": "locked",
  "trial_start": 5,
  "trial_end_exclusive": 6,
  "total_configs": 1,
  "runs_completed": 1,
  "best_mse": 1.85483713493838e-09,
  "best_post_max": 0.00018591798307632246
}