{
  "trial": 36,
  "x0trial": 7,
  "metrics": {
    "pre_max": 0.7256227462169083,
    "post_max": 0.1355517431635409,
    "mse": 0.0010000220295877022
  },
  "theta": {
    "Gamma_p": 0.5774656697501869,
    "Gamma_n": 1.208071394358082,
    "K_e": 33.52591672901731,
    "R0": 0.0017750502001278546,
    "V0": -4.925479270603612
  },
  "ab": {
    "sDn": 2.5156879722852103,
    "sDp": 0.0989716790260213,
    "sDe": 1.3709484833000096,
    "gn": 0.001975361072678905,
    "gp": 2944.67273142901,
    "ge": 0.8200992724539802
  },
  "x0": [
    9200.940555470776,
    9200.940555470776,
    9200.940555470776,
    9200.940555470776,
    9200.940555470776,
    9200.940555470776,
    9200.940555470776,
    9200.940555470776,
    9200.940555470776,
    9200.940555470776,
    9200.940555470776,
    9200.940555470776,
    9200.940555470776,
    9200.940555470776,
    9200.940555470776,
    9200.940555470776,
    12680.239827532307,
    12680.239827532307,
    12680.239827532307,
    12680.239827532307,
    12680.239827532307,
    12680.239827532307,
    12680.239827532307,
    12680.239827532307,
    12680.239827532307,
    12680.239827532307,
    12680.239827532307,
    12680.239827532307,
    12680.239827532307,
    12680.239827532307,
    12680.239827532307,
    12680.239827532307,
    0.0,
    0.0,
    0.0,
    0.0,
    0.0,
    0.0,
    0.0,
    0.0,
    0.0,
    0.0,
    0.0,
    0.0,
    0.0,
    0.0,
    0.0,
    0.0,
    0.0,
    0.0,
    0.0,
    0.0,
    0.0,
    0.0,
    0.0,
    0.0
  ]
}