{
  "trial_start": 36,
  "trial_end_exclusive": 37,
  "total_configs": 16,
  "runs_completed": 11,
  "best_mse": 0.0010000220295877022,
  "best_post_max": 0.1355517431635409
}