{
  "trial": 24,
  "x0trial": 1,
  "metrics": {
    "pre_max": 1.2935320759478635,
    "post_max": 0.2613730381822461,
    "mse": 0.00724622586325302
  },
  "theta": {
    "Gamma_p": 0.000881847606289451,
    "Gamma_n": 1.0829566564143414,
    "K_e": 56.551769947247614,
    "R0": 0.01303689212102367,
    "V0": -4.806055879765189
  },
  "ab": {
    "sDn": 1.0238309658456985,
    "sDp": 1.4080870640987784,
    "sDe": 0.8375227601323937,
    "gn": 1.021907055737596,
    "gp": 5388.22184232616,
    "ge": 1.092062340968663
  },
  "x0": [
    2413.4809028849663,
    2413.4809028849663,
    2413.4809028849663,
    2413.4809028849663,
    2413.4809028849663,
    2413.4809028849663,
    2413.4809028849663,
    2413.4809028849663,
    2413.4809028849663,
    2413.4809028849663,
    2413.4809028849663,
    2413.4809028849663,
    2413.4809028849663,
    2413.4809028849663,
    2413.4809028849663,
    2413.4809028849663,
    23952.025129342426,
    23952.025129342426,
    23952.025129342426,
    23952.025129342426,
    23952.025129342426,
    23952.025129342426,
    23952.025129342426,
    23952.025129342426,
    23952.025129342426,
    23952.025129342426,
    23952.025129342426,
    23952.025129342426,
    23952.025129342426,
    23952.025129342426,
    23952.025129342426,
    23952.025129342426,
    0.0,
    0.0,
    0.0,
    0.0,
    0.0,
    0.0,
    0.0,
    0.0,
    0.0,
    0.0,
    0.0,
    0.0,
    0.0,
    0.0,
    0.0,
    0.0,
    0.0,
    0.0,
    0.0,
    0.0,
    0.0,
    0.0,
    0.0,
    0.0
  ]
}