{
  "trial": 40,
  "x0trial": 9,
  "metrics": {
    "pre_max": 0.9982912921030662,
    "post_max": 0.13622487883291345,
    "mse": 0.0009851296829102734
  },
  "theta": {
    "Gamma_p": 0.7679241690761377,
    "Gamma_n": 1.0354265653089818,
    "K_e": 38.52737008629669,
    "R0": 0.0008039920516159196,
    "V0": -4.925389879244877
  },
  "ab": {
    "sDn": 3.0376018539207092,
    "sDp": 2.2589017162482423,
    "sDe": 1.0039516626759022,
    "gn": 0.003116040680939632,
    "gp": 7582.295957614767,
    "ge": 0.95059583944627
  },
  "x0": [
    9063.555958167313,
    9063.555958167313,
    9063.555958167313,
    9063.555958167313,
    13229.416087526257,
    13229.416087526257,
    13229.416087526257,
    13229.416087526257,
    0.0,
    0.0,
    0.0,
    0.0,
    0.0,
    0.0
  ]
}