{
  "trial_start": 40,
  "trial_end_exclusive": 41,
  "total_configs": 16,
  "runs_completed": 13,
  "best_mse": 0.0009851296829102734,
  "best_post_max": 0.13622487883291345
}