{
  "mode": "locked",
  "trial": 14,
  "x0trial": 0,
  "metrics": {
    "pre_max": 2.169946421230687,
    "post_max": 0.00015870927246552924,
    "mse": 1.2094530964685527e-09
  },
  "theta": {
    "Gamma_p": 580149260851.661,
    "Gamma_n": 1.023846764194837e-09,
    "K_e": 0.06941514078259069,
    "R0": 4.509434541661324e-07
  },
  "ab": {
    "sDn": 0.7446406612253615,
    "sDp": 0.9200765166928536,
    "sDe": 1.1468045246227725,
    "gn": 1.6806689641483468,
    "gp": 0.8474643188549135,
    "ge": 1.5393142209034532
  },
  "x0": [
    24800.0,
    24800.0,
    24800.0,
    24800.0,
    24800.0,
    24800.0,
    24800.0,
    24800.0,
    24800.0,
    24800.0,
    24800.0,
    24800.0,
    24800.0,
    24800.0,
    24800.0,
    24800.0,
    12400.0,
    12400.0,
    12400.0,
    12400.0,
    12400.0,
    12400.0,
    12400.0,
    12400.0,
    12400.0,
    12400.0,
    12400.0,
    12400.0,
    12400.0,
    12400.0,
    12400.0,
    12400.0,
    0.0,
    0.0,
    0.0,
    0.0,
    0.0,
    0.0,
    0.0,
    0.0,
    0.0,
    0.0,
    0.0,
    0.0,
    0.0,
    0.0,
    0.0,
    0.0,
    0.0,
    0.0,
    0.0,
    0.0,
    0.0,
    0.0,
    0.0,
    0.0
  ]
}