{
  "mode": "free",
  "trial_start": 45,
  "trial_end_exclusive": 46,
  "total_configs": 16,
  "runs_completed": 11,
  "best_mse": 1.7728551283686037e-08,
  "best_post_max": 0.0006506306005036322
}