{
  "mode": "free",
  "trial": 45,
  "x0trial": 1,
  "metrics": {
    "pre_max": 0.32322330917192055,
    "post_max": 0.0006506306005036322,
    "mse": 1.7728551283686037e-08
  },
  "theta": {
    "Gamma_p": 27124.27578600144,
    "Gamma_n": 2.256786677509952e-08,
    "K_e": 0.3175830310580853,
    "R0": 0.0031059688314512843
  },
  "ab": {
    "sDn": 0.7344462327533694,
    "sDp": 1.0319022521033172,
    "sDe": 0.9304524858763425,
    "gn": 0.06014908837752746,
    "gp": 1.610868256928571,
    "ge": 1.0954124579191922
  },
  "x0": [
    14094.430251280726,
    14094.430251280726,
    14094.430251280726,
    14094.430251280726,
    14663.749730993211,
    14663.749730993211,
    14663.749730993211,
    14663.749730993211,
    0.0,
    0.0,
    0.0,
    0.0,
    0.0,
    0.0
  ]
}