{
  "mode": "free",
  "trial": 13,
  "x0trial": 12,
  "metrics": {
    "pre_max": 0.4704717442289432,
    "post_max": 0.000486514014319539,
    "mse": 4.362369423785033e-09
  },
  "theta": {
    "Gamma_p": 2791.213803569355,
    "Gamma_n": 1.3685433007141708e-07,
    "K_e": 0.38764113563160363,
    "R0": 0.009238422598338264
  },
  "ab": {
    "sDn": 1.5265469669723797,
    "sDp": 1.0786960382933466,
    "sDe": 1.189447237237121,
    "gn": 0.00015776733174277356,
    "gp": 1.0314776529698808,
    "ge": 0.9510936166598688
  },
  "x0": [
    10636.42413568469,
    10636.42413568469,
    10636.42413568469,
    10636.42413568469,
    26980.229452309868,
    26980.229452309868,
    26980.229452309868,
    26980.229452309868,
    0.0,
    0.0,
    0.0,
    0.0,
    0.0,
    0.0
  ]
}