{
  "mode": "free",
  "trial_start": 13,
  "trial_end_exclusive": 14,
  "total_configs": 16,
  "runs_completed": 13,
  "best_mse": 4.362369423785033e-09,
  "best_post_max": 0.000486514014319539
}