{
  "trial": 44,
  "x0trial": 3,
  "metrics": {
    "pre_max": 1.6339767983968883,
    "post_max": 0.1427441803215399,
    "mse": 0.0016313817106838
  },
  "theta": {
    "Gamma_p": 1.0724989832375855,
    "Gamma_n": 1.0000471872004155,
    "K_e": 66.61427519444645,
    "R0": 2.34625753756468e-05,
    "V0": -4.108766438179322
  },
  "ab": {
    "sDn": 0.9275478603974294,
    "sDp": 4.7036205495228224e-14,
    "sDe": 0.791661620865906,
    "gn": 1.1416253082909271,
    "gp": 2444.888061322128,
    "ge": 1.3145315002082518
  },
  "x0": [
    26681.06975784187,
    26681.06975784187,
    26681.06975784187,
    26681.06975784187,
    16165.772671849789,
    16165.772671849789,
    16165.772671849789,
    16165.772671849789,
    0.0,
    0.0,
    0.0,
    0.0,
    0.0,
    0.0
  ]
}