{
  "mode": "free",
  "trial": 21,
  "x0trial": 12,
  "metrics": {
    "pre_max": 0.15671358918980438,
    "post_max": 0.0005864770842478606,
    "mse": 1.5600845362211067e-08
  },
  "theta": {
    "Gamma_p": 7868.575918455386,
    "Gamma_n": 4.503630865830705e-09,
    "K_e": 0.3223983346661663,
    "R0": 0.007413584083500354
  },
  "ab": {
    "sDn": 1.962174692472973,
    "sDp": 1.8148192435587926,
    "sDe": 0.8909816248681417,
    "gn": 0.09073737333544786,
    "gp": 0.07793337795533253,
    "ge": 1.1428943246554106
  },
  "x0": [
    10785.005776453867,
    10785.005776453867,
    10785.005776453867,
    10785.005776453867,
    10785.005776453867,
    10785.005776453867,
    10785.005776453867,
    10785.005776453867,
    10785.005776453867,
    10785.005776453867,
    10785.005776453867,
    10785.005776453867,
    10785.005776453867,
    10785.005776453867,
    10785.005776453867,
    10785.005776453867,
    18574.11625483058,
    18574.11625483058,
    18574.11625483058,
    18574.11625483058,
    18574.11625483058,
    18574.11625483058,
    18574.11625483058,
    18574.11625483058,
    18574.11625483058,
    18574.11625483058,
    18574.11625483058,
    18574.11625483058,
    18574.11625483058,
    18574.11625483058,
    18574.11625483058,
    18574.11625483058,
    0.0,
    0.0,
    0.0,
    0.0,
    0.0,
    0.0,
    0.0,
    0.0,
    0.0,
    0.0,
    0.0,
    0.0,
    0.0,
    0.0,
    0.0,
    0.0,
    0.0,
    0.0,
    0.0,
    0.0,
    0.0,
    0.0,
    0.0,
    0.0
  ]
}