{
  "mode": "free",
  "trial": 5,
  "x0trial": 9,
  "metrics": {
    "pre_max": 0.12165356663005156,
    "post_max": 0.0009248184640142654,
    "mse": 7.0245022886399525e-09
  },
  "theta": {
    "Gamma_p": 14260.30750668543,
    "Gamma_n": 4.446106431410597e-09,
    "K_e": 0.37079988827878585,
    "R0": 0.005566445075737045
  },
  "ab": {
    "sDn": 1.0322717292955073,
    "sDp": 3.20516703212274,
    "sDe": 0.911232701429003,
    "gn": 0.03515746977301933,
    "gp": 4.395647992345431e-06,
    "ge": 1.0709522943159167
  },
  "x0": [
    10332.623250479028,
    10332.623250479028,
    10332.623250479028,
    10332.623250479028,
    18744.093961818573,
    18744.093961818573,
    18744.093961818573,
    18744.093961818573,
    0.0,
    0.0,
    0.0,
    0.0,
    0.0,
    0.0
  ]
}