{
  "mode": "free",
  "trial_start": 36,
  "trial_end_exclusive": 37,
  "total_configs": 16,
  "runs_completed": 9,
  "best_mse": 6.174201900731673e-09,
  "best_post_max": 0.00016450366793208104
}