{
  "mode": "free",
  "trial": 36,
  "x0trial": 3,
  "metrics": {
    "pre_max": 2.156866420028644,
    "post_max": 0.00016450366793208104,
    "mse": 6.174201900731673e-09
  },
  "theta": {
    "Gamma_p": 1083396235583.5596,
    "Gamma_n": 0.7853393380855785,
    "K_e": 19.704199757145958,
    "R0": 5.354571817316436e-07
  },
  "ab": {
    "sDn": 0.7228271732622791,
    "sDp": 1.8819265811602868,
    "sDe": 88.10488576500978,
    "gn": 1.541346371786176,
    "gp": 0.6413987527038533,
    "ge": 286.9077275470681
  },
  "x0": [
    25494.139902531813,
    25494.139902531813,
    25494.139902531813,
    25494.139902531813,
    25494.139902531813,
    25494.139902531813,
    25494.139902531813,
    25494.139902531813,
    25494.139902531813,
    25494.139902531813,
    25494.139902531813,
    25494.139902531813,
    25494.139902531813,
    25494.139902531813,
    25494.139902531813,
    25494.139902531813,
    2387.0953724067126,
    2387.0953724067126,
    2387.0953724067126,
    2387.0953724067126,
    2387.0953724067126,
    2387.0953724067126,
    2387.0953724067126,
    2387.0953724067126,
    2387.0953724067126,
    2387.0953724067126,
    2387.0953724067126,
    2387.0953724067126,
    2387.0953724067126,
    2387.0953724067126,
    2387.0953724067126,
    2387.0953724067126,
    0.0,
    0.0,
    0.0,
    0.0,
    0.0,
    0.0,
    0.0,
    0.0,
    0.0,
    0.0,
    0.0,
    0.0,
    0.0,
    0.0,
    0.0,
    0.0,
    0.0,
    0.0,
    0.0,
    0.0,
    0.0,
    0.0,
    0.0,
    0.0
  ]
}