mode,trial,x0trial,ok_run,pre_max,post_max,mse,wall_s,err,Gamma_p,Gamma_n,K_e,R0,sDn,sDp,sDe,gn,gp,ge
locked,13,0,1,2.140352158045463,0.00020224734319818083,7.627020493401805e-10,24.817219018936157,,1011390905098.4208,1.0234462662452433e-09,0.05636079229488866,6.707992498116535e-07,0.7685846343185836,1.269299550348197,0.7127187059789084,1.3784622457873041,0.7888339019708405,1.4098528402389774
