{
  "mode": "locked",
  "trial": 13,
  "x0trial": 0,
  "metrics": {
    "pre_max": 2.140352158045463,
    "post_max": 0.00020224734319818083,
    "mse": 7.627020493401805e-10
  },
  "theta": {
    "Gamma_p": 1011390905098.4208,
    "Gamma_n": 1.0234462662452433e-09,
    "K_e": 0.05636079229488866,
    "R0": 6.707992498116535e-07
  },
  "ab": {
    "sDn": 0.7685846343185836,
    "sDp": 1.269299550348197,
    "sDe": 0.7127187059789084,
    "gn": 1.3784622457873041,
    "gp": 0.7888339019708405,
    "ge": 1.4098528402389774
  },
  "x0": [
    24800.0,
    24800.0,
    24800.0,
    24800.0,
    12400.0,
    12400.0,
    12400.0,
    12400.0,
    0.0,
    0.0,
    0.0,
    0.0,
    0.0,
    0.0
  ]
}