{
  "mode": "free",
  "trial": 2,
  "x0trial": 15,
  "metrics": {
    "pre_max": 2.0918489653748242,
    "post_max": 0.00034069360403421456,
    "mse": 2.1745862678153053e-09
  },
  "theta": {
    "Gamma_p": 231.79375476291838,
    "Gamma_n": 4210.2487900052065,
    "K_e": 6.567322561410807,
    "R0": 0.006536509597297544
  },
  "ab": {
    "sDn": 0.0008792556643352135,
    "sDp": 0.9419383967507992,
    "sDe": 14.441897659831644,
    "gn": 6.0547354209872846e-05,
    "gp": 1.12490121638687,
    "ge": 66.17786376860363
  },
  "x0": [
    19629.188033868657,
    19629.188033868657,
    19629.188033868657,
    19629.188033868657,
    19629.188033868657,
    19629.188033868657,
    19629.188033868657,
    19629.188033868657,
    19629.188033868657,
    19629.188033868657,
    19629.188033868657,
    19629.188033868657,
    19629.188033868657,
    19629.188033868657,
    19629.188033868657,
    19629.188033868657,
    7784.648044511232,
    7784.648044511232,
    7784.648044511232,
    7784.648044511232,
    7784.648044511232,
    7784.648044511232,
    7784.648044511232,
    7784.648044511232,
    7784.648044511232,
    7784.648044511232,
    7784.648044511232,
    7784.648044511232,
    7784.648044511232,
    7784.648044511232,
    7784.648044511232,
    7784.648044511232,
    0.0,
    0.0,
    0.0,
    0.0,
    0.0,
    0.0,
    0.0,
    0.0,
    0.0,
    0.0,
    0.0,
    0.0,
    0.0,
    0.0,
    0.0,
    0.0,
    0.0,
    0.0,
    0.0,
    0.0,
    0.0,
    0.0,
    0.0,
    0.0
  ]
}