{
  "mode": "locked",
  "trial": 21,
  "x0trial": 0,
  "metrics": {
    "pre_max": 2.0511330593707946,
    "post_max": 0.00010322467003831548,
    "mse": 1.122901143286263e-09
  },
  "theta": {
    "Gamma_p": 1525598014809.9048,
    "Gamma_n": 1.0243761497467458e-09,
    "K_e": 0.02219827862844566,
    "R0": 5.002481166142193e-07
  },
  "ab": {
    "sDn": 1.3699810375495942,
    "sDp": 1.7621380876816932,
    "sDe": 0.792264062699056,
    "gn": 1.2514477521521319,
    "gp": 1.048797090142106,
    "ge": 2.077016791669931
  },
  "x0": [
    24800.0,
    24800.0,
    24800.0,
    24800.0,
    24800.0,
    24800.0,
    24800.0,
    24800.0,
    24800.0,
    24800.0,
    24800.0,
    24800.0,
    24800.0,
    24800.0,
    24800.0,
    24800.0,
    12400.0,
    12400.0,
    12400.0,
    12400.0,
    12400.0,
    12400.0,
    12400.0,
    12400.0,
    12400.0,
    12400.0,
    12400.0,
    12400.0,
    12400.0,
    12400.0,
    12400.0,
    12400.0,
    0.0,
    0.0,
    0.0,
    0.0,
    0.0,
    0.0,
    0.0,
    0.0,
    0.0,
    0.0,
    0.0,
    0.0,
    0.0,
    0.0,
    0.0,
    0.0,
    0.0,
    0.0,
    0.0,
    0.0,
    0.0,
    0.0,
    0.0,
    0.0
  ]
}