{
  "mode": "locked",
  "trial_start": 34,
  "trial_end_exclusive": 35,
  "total_configs": 1,
  "runs_completed": 1,
  "best_mse": 1.2643503787890718e-09,
  "best_post_max": 0.0003018191674506454
}