mode,trial,x0trial,ok_run,pre_max,post_max,mse,wall_s,err,Gamma_p,Gamma_n,K_e,R0,sDn,sDp,sDe,gn,gp,ge
locked,34,0,1,2.1255557684491286,0.0003018191674506454,1.2643503787890718e-09,22.63607430458069,,798829543154.5066,1.0224949033947064e-09,0.07138660025387544,5.402294661160932e-07,0.7891149280972116,1.2444542887330547,0.6534058499670903,1.2687618131343372,0.7500632702131828,1.4459337487339594
