{
  "mode": "locked",
  "trial": 34,
  "x0trial": 0,
  "metrics": {
    "pre_max": 2.1255557684491286,
    "post_max": 0.0003018191674506454,
    "mse": 1.2643503787890718e-09
  },
  "theta": {
    "Gamma_p": 798829543154.5066,
    "Gamma_n": 1.0224949033947064e-09,
    "K_e": 0.07138660025387544,
    "R0": 5.402294661160932e-07
  },
  "ab": {
    "sDn": 0.7891149280972116,
    "sDp": 1.2444542887330547,
    "sDe": 0.6534058499670903,
    "gn": 1.2687618131343372,
    "gp": 0.7500632702131828,
    "ge": 1.4459337487339594
  },
  "x0": [
    24800.0,
    24800.0,
    24800.0,
    24800.0,
    12400.0,
    12400.0,
    12400.0,
    12400.0,
    0.0,
    0.0,
    0.0,
    0.0,
    0.0,
    0.0
  ]
}