mode,trial,x0trial,ok_run,pre_max,post_max,mse,wall_s,err,Gamma_p,Gamma_n,K_e,R0,sDn,sDp,sDe,gn,gp,ge
locked,10,0,1,2.12384519369496,0.00021899260506863527,8.353414917683555e-10,23.809293270111084,,796339456977.4221,1.0232782287054896e-09,0.057851010818867975,5.085455491389196e-07,0.7899217588554817,1.404777781378928,0.696808831824029,1.3771070669285432,0.688299381112548,1.4370730638841143
