{
  "mode": "locked",
  "trial": 10,
  "x0trial": 0,
  "metrics": {
    "pre_max": 2.12384519369496,
    "post_max": 0.00021899260506863527,
    "mse": 8.353414917683555e-10
  },
  "theta": {
    "Gamma_p": 796339456977.4221,
    "Gamma_n": 1.0232782287054896e-09,
    "K_e": 0.057851010818867975,
    "R0": 5.085455491389196e-07
  },
  "ab": {
    "sDn": 0.7899217588554817,
    "sDp": 1.404777781378928,
    "sDe": 0.696808831824029,
    "gn": 1.3771070669285432,
    "gp": 0.688299381112548,
    "ge": 1.4370730638841143
  },
  "x0": [
    24800.0,
    24800.0,
    24800.0,
    24800.0,
    12400.0,
    12400.0,
    12400.0,
    12400.0,
    0.0,
    0.0,
    0.0,
    0.0,
    0.0,
    0.0
  ]
}