{
  "mode": "locked",
  "trial": 37,
  "x0trial": 0,
  "metrics": {
    "pre_max": 2.196808592259993,
    "post_max": 6.487837784874273e-05,
    "mse": 9.763769238670375e-10
  },
  "theta": {
    "Gamma_p": 1112302182386.7434,
    "Gamma_n": 1.0247671968120125e-09,
    "K_e": 0.038024071396500464,
    "R0": 9.734390134432841e-07
  },
  "ab": {
    "sDn": 0.8178702997872023,
    "sDp": 1.8945951956604818,
    "sDe": 1.2392996466772854,
    "gn": 2.219703902317569,
    "gp": 0.5891144900345917,
    "ge": 1.0913642335340374
  },
  "x0": [
    24800.0,
    24800.0,
    24800.0,
    24800.0,
    24800.0,
    24800.0,
    24800.0,
    24800.0,
    24800.0,
    24800.0,
    24800.0,
    24800.0,
    24800.0,
    24800.0,
    24800.0,
    24800.0,
    12400.0,
    12400.0,
    12400.0,
    12400.0,
    12400.0,
    12400.0,
    12400.0,
    12400.0,
    12400.0,
    12400.0,
    12400.0,
    12400.0,
    12400.0,
    12400.0,
    12400.0,
    12400.0,
    0.0,
    0.0,
    0.0,
    0.0,
    0.0,
    0.0,
    0.0,
    0.0,
    0.0,
    0.0,
    0.0,
    0.0,
    0.0,
    0.0,
    0.0,
    0.0,
    0.0,
    0.0,
    0.0,
    0.0,
    0.0,
    0.0,
    0.0,
    0.0
  ]
}