{
  "mode": "locked",
  "trial_start": 37,
  "trial_end_exclusive": 38,
  "total_configs": 1,
  "runs_completed": 1,
  "best_mse": 9.763769238670375e-10,
  "best_post_max": 6.487837784874273e-05
}