{
  "trial_start": 41,
  "trial_end_exclusive": 42,
  "total_configs": 16,
  "runs_completed": 11,
  "best_mse": 0.0047966353050692325,
  "best_post_max": 0.21253286247999048
}