{
  "trial": 41,
  "x0trial": 10,
  "metrics": {
    "pre_max": 1.7863637493445705,
    "post_max": 0.21253286247999048,
    "mse": 0.0047966353050692325
  },
  "theta": {
    "Gamma_p": 6.202186157932444e-05,
    "Gamma_n": 1.0087460678858515,
    "K_e": 41.91926402344106,
    "R0": 0.5226951472938981,
    "V0": -4.688667081088147
  },
  "ab": {
    "sDn": 1.0922368232111053,
    "sDp": 0.01560068257599726,
    "sDe": 0.9955060594992542,
    "gn": 0.5213943285382013,
    "gp": 1972.0029867563478,
    "ge": 1.0268561579921003
  },
  "x0": [
    5636.093150208749,
    5636.093150208749,
    5636.093150208749,
    5636.093150208749,
    5636.093150208749,
    5636.093150208749,
    5636.093150208749,
    5636.093150208749,
    5636.093150208749,
    5636.093150208749,
    5636.093150208749,
    5636.093150208749,
    5636.093150208749,
    5636.093150208749,
    5636.093150208749,
    5636.093150208749,
    23579.649822025207,
    23579.649822025207,
    23579.649822025207,
    23579.649822025207,
    23579.649822025207,
    23579.649822025207,
    23579.649822025207,
    23579.649822025207,
    23579.649822025207,
    23579.649822025207,
    23579.649822025207,
    23579.649822025207,
    23579.649822025207,
    23579.649822025207,
    23579.649822025207,
    23579.649822025207,
    0.0,
    0.0,
    0.0,
    0.0,
    0.0,
    0.0,
    0.0,
    0.0,
    0.0,
    0.0,
    0.0,
    0.0,
    0.0,
    0.0,
    0.0,
    0.0,
    0.0,
    0.0,
    0.0,
    0.0,
    0.0,
    0.0,
    0.0,
    0.0
  ]
}