{
  "mode": "free",
  "trial_start": 31,
  "trial_end_exclusive": 32,
  "total_configs": 16,
  "runs_completed": 10,
  "best_mse": 1.5780729642591795e-08,
  "best_post_max": 0.0009201791638666634
}