{
  "mode": "free",
  "trial_start": 36,
  "trial_end_exclusive": 37,
  "total_configs": 16,
  "runs_completed": 10,
  "best_mse": 1.4048006089321313e-08,
  "best_post_max": 0.0006702249913512759
}