{
  "mode": "free",
  "trial": 36,
  "x0trial": 13,
  "metrics": {
    "pre_max": 1.1465121519589925,
    "post_max": 0.0006702249913512759,
    "mse": 1.4048006089321313e-08
  },
  "theta": {
    "Gamma_p": 43863.300081119334,
    "Gamma_n": 4.8116118408624605e-05,
    "K_e": 0.32515471866165224,
    "R0": 0.0034097385223575234
  },
  "ab": {
    "sDn": 1.1100146048940063,
    "sDp": 1.0665464834863938,
    "sDe": 0.9079203561062532,
    "gn": 0.25587082404965245,
    "gp": 2.123133835467803,
    "ge": 1.087504239877826
  },
  "x0": [
    14643.731378297727,
    14643.731378297727,
    14643.731378297727,
    14643.731378297727,
    21136.71332084406,
    21136.71332084406,
    21136.71332084406,
    21136.71332084406,
    0.0,
    0.0,
    0.0,
    0.0,
    0.0,
    0.0
  ]
}