{
  "trial": 10,
  "x0trial": 13,
  "metrics": {
    "pre_max": 0.9160192759753549,
    "post_max": 0.13828404298187813,
    "mse": 0.0010084202348418154
  },
  "theta": {
    "Gamma_p": 0.8273371654308913,
    "Gamma_n": 1.090237862492458,
    "K_e": 32.637346280179464,
    "R0": 0.0014855072271990912,
    "V0": -4.931272888759605
  },
  "ab": {
    "sDn": 2.2219047879309537,
    "sDp": 1.4487262093965325,
    "sDe": 1.090545941307407,
    "gn": 0.013313964733205234,
    "gp": 7913.759223178612,
    "ge": 0.9647441999249985
  },
  "x0": [
    8494.894158802748,
    8494.894158802748,
    8494.894158802748,
    8494.894158802748,
    12230.80819731436,
    12230.80819731436,
    12230.80819731436,
    12230.80819731436,
    0.0,
    0.0,
    0.0,
    0.0,
    0.0,
    0.0
  ]
}