{
  "trial": 16,
  "x0trial": 3,
  "metrics": {
    "pre_max": 0.7074172946365174,
    "post_max": 0.13753396899832193,
    "mse": 0.0009918818671755306
  },
  "theta": {
    "Gamma_p": 0.7253653876532752,
    "Gamma_n": 1.350389130152138,
    "K_e": 32.56642816368071,
    "R0": 0.00047084021746602374,
    "V0": -4.932324780234396
  },
  "ab": {
    "sDn": 1.151101336908221,
    "sDp": 1.5755122804265411,
    "sDe": 1.0885395545480099,
    "gn": 0.49666691781163474,
    "gp": 7717.327353992639,
    "ge": 0.8797906107038145
  },
  "x0": [
    6114.10972879041,
    6114.10972879041,
    6114.10972879041,
    6114.10972879041,
    12568.007058991187,
    12568.007058991187,
    12568.007058991187,
    12568.007058991187,
    0.0,
    0.0,
    0.0,
    0.0,
    0.0,
    0.0
  ]
}