{
  "mode": "free",
  "trial": 28,
  "x0trial": 4,
  "metrics": {
    "pre_max": 0.3785869493949132,
    "post_max": 0.0005446289043327113,
    "mse": 4.424238442704555e-09
  },
  "theta": {
    "Gamma_p": 2355.4457535622096,
    "Gamma_n": 1.052055092409591e-07,
    "K_e": 0.3630838863495978,
    "R0": 0.009760041664558764
  },
  "ab": {
    "sDn": 1.2333028195022384,
    "sDp": 1.0394970985237617,
    "sDe": 1.034686168444033,
    "gn": 0.920798387279971,
    "gp": 0.8880931583241217,
    "ge": 0.9316073624656158
  },
  "x0": [
    7956.16537191012,
    7956.16537191012,
    7956.16537191012,
    7956.16537191012,
    7956.16537191012,
    7956.16537191012,
    7956.16537191012,
    7956.16537191012,
    7956.16537191012,
    7956.16537191012,
    7956.16537191012,
    7956.16537191012,
    7956.16537191012,
    7956.16537191012,
    7956.16537191012,
    7956.16537191012,
    28081.940311898878,
    28081.940311898878,
    28081.940311898878,
    28081.940311898878,
    28081.940311898878,
    28081.940311898878,
    28081.940311898878,
    28081.940311898878,
    28081.940311898878,
    28081.940311898878,
    28081.940311898878,
    28081.940311898878,
    28081.940311898878,
    28081.940311898878,
    28081.940311898878,
    28081.940311898878,
    0.0,
    0.0,
    0.0,
    0.0,
    0.0,
    0.0,
    0.0,
    0.0,
    0.0,
    0.0,
    0.0,
    0.0,
    0.0,
    0.0,
    0.0,
    0.0,
    0.0,
    0.0,
    0.0,
    0.0,
    0.0,
    0.0,
    0.0,
    0.0
  ]
}