{
  "mode": "free",
  "trial_start": 24,
  "trial_end_exclusive": 25,
  "total_configs": 16,
  "runs_completed": 12,
  "best_mse": 6.3771457696606976e-09,
  "best_post_max": 0.0004591389513048938
}