{
  "mode": "free",
  "trial": 24,
  "x0trial": 6,
  "metrics": {
    "pre_max": 0.3571585474195871,
    "post_max": 0.0004591389513048938,
    "mse": 6.3771457696606976e-09
  },
  "theta": {
    "Gamma_p": 1.542301908302266,
    "Gamma_n": 1.0288402924817248e-07,
    "K_e": 0.6555219002279185,
    "R0": 0.009668426444808262
  },
  "ab": {
    "sDn": 1.374711003931467,
    "sDp": 0.9554428922511253,
    "sDe": 1.9646324335336327,
    "gn": 0.4092566942526076,
    "gp": 1.1387503964070829,
    "ge": 0.6521411629139992
  },
  "x0": [
    9307.355052802224,
    9307.355052802224,
    9307.355052802224,
    9307.355052802224,
    9307.355052802224,
    9307.355052802224,
    9307.355052802224,
    9307.355052802224,
    9307.355052802224,
    9307.355052802224,
    9307.355052802224,
    9307.355052802224,
    9307.355052802224,
    9307.355052802224,
    9307.355052802224,
    9307.355052802224,
    25961.323739521646,
    25961.323739521646,
    25961.323739521646,
    25961.323739521646,
    25961.323739521646,
    25961.323739521646,
    25961.323739521646,
    25961.323739521646,
    25961.323739521646,
    25961.323739521646,
    25961.323739521646,
    25961.323739521646,
    25961.323739521646,
    25961.323739521646,
    25961.323739521646,
    25961.323739521646,
    0.0,
    0.0,
    0.0,
    0.0,
    0.0,
    0.0,
    0.0,
    0.0,
    0.0,
    0.0,
    0.0,
    0.0,
    0.0,
    0.0,
    0.0,
    0.0,
    0.0,
    0.0,
    0.0,
    0.0,
    0.0,
    0.0,
    0.0,
    0.0
  ]
}