{
  "mode": "locked",
  "trial": 15,
  "x0trial": 0,
  "metrics": {
    "pre_max": 2.1388497496165915,
    "post_max": 0.00021912264559276196,
    "mse": 8.415295915265761e-10
  },
  "theta": {
    "Gamma_p": 824107525144.3933,
    "Gamma_n": 1.0232841538813327e-09,
    "K_e": 0.06100221205557975,
    "R0": 6.343576309360689e-07
  },
  "ab": {
    "sDn": 0.6705048830501424,
    "sDp": 1.2458707255515176,
    "sDe": 0.6885201421042058,
    "gn": 1.4131054479393765,
    "gp": 0.7205637909669681,
    "ge": 1.3474891891258667
  },
  "x0": [
    24800.0,
    24800.0,
    24800.0,
    24800.0,
    12400.0,
    12400.0,
    12400.0,
    12400.0,
    0.0,
    0.0,
    0.0,
    0.0,
    0.0,
    0.0
  ]
}