mode,trial,x0trial,ok_run,pre_max,post_max,mse,wall_s,err,Gamma_p,Gamma_n,K_e,R0,sDn,sDp,sDe,gn,gp,ge
locked,15,0,1,2.1388497496165915,0.00021912264559276196,8.415295915265761e-10,24.020671129226685,,824107525144.3933,1.0232841538813327e-09,0.06100221205557975,6.343576309360689e-07,0.6705048830501424,1.2458707255515176,0.6885201421042058,1.4131054479393765,0.7205637909669681,1.3474891891258667
