{
  "mode": "locked",
  "trial_start": 15,
  "trial_end_exclusive": 16,
  "total_configs": 1,
  "runs_completed": 1,
  "best_mse": 8.415295915265761e-10,
  "best_post_max": 0.00021912264559276196
}