{
  "trial": 49,
  "x0trial": 15,
  "metrics": {
    "pre_max": 0.8829612595341843,
    "post_max": 0.1386448056755265,
    "mse": 0.001017361077938101
  },
  "theta": {
    "Gamma_p": 0.9045587179090722,
    "Gamma_n": 1.17399713573014,
    "K_e": 31.742717717141883,
    "R0": 0.0013222358473726635,
    "V0": -4.927875340467678
  },
  "ab": {
    "sDn": 2.408685696972598,
    "sDp": 1.4156822850335034,
    "sDe": 1.069245709110206,
    "gn": 0.00010982064081300767,
    "gp": 8015.437827178254,
    "ge": 0.9733510793194932
  },
  "x0": [
    9593.604658936065,
    9593.604658936065,
    9593.604658936065,
    9593.604658936065,
    12090.164110893633,
    12090.164110893633,
    12090.164110893633,
    12090.164110893633,
    0.0,
    0.0,
    0.0,
    0.0,
    0.0,
    0.0
  ]
}