{
  "trial_start": 49,
  "trial_end_exclusive": 50,
  "total_configs": 16,
  "runs_completed": 7,
  "best_mse": 0.001017361077938101,
  "best_post_max": 0.1386448056755265
}