{
  "mode": "locked",
  "trial_start": 20,
  "trial_end_exclusive": 21,
  "total_configs": 1,
  "runs_completed": 1,
  "best_mse": 1.1393936843737044e-09,
  "best_post_max": 0.00010020431935053864
}