{
  "mode": "locked",
  "trial": 20,
  "x0trial": 0,
  "metrics": {
    "pre_max": 2.1478898037804885,
    "post_max": 0.00010020431935053864,
    "mse": 1.1393936843737044e-09
  },
  "theta": {
    "Gamma_p": 1548772093635.9688,
    "Gamma_n": 1.0244000263647398e-09,
    "K_e": 0.032419050996046125,
    "R0": 4.1604934646513637e-07
  },
  "ab": {
    "sDn": 0.4156062538217571,
    "sDp": 1.214559441993668,
    "sDe": 0.7024510988642414,
    "gn": 1.4536389308363873,
    "gp": 0.998896862939233,
    "ge": 1.2217697427898153
  },
  "x0": [
    24800.0,
    24800.0,
    24800.0,
    24800.0,
    24800.0,
    24800.0,
    24800.0,
    24800.0,
    24800.0,
    24800.0,
    24800.0,
    24800.0,
    24800.0,
    24800.0,
    24800.0,
    24800.0,
    12400.0,
    12400.0,
    12400.0,
    12400.0,
    12400.0,
    12400.0,
    12400.0,
    12400.0,
    12400.0,
    12400.0,
    12400.0,
    12400.0,
    12400.0,
    12400.0,
    12400.0,
    12400.0,
    0.0,
    0.0,
    0.0,
    0.0,
    0.0,
    0.0,
    0.0,
    0.0,
    0.0,
    0.0,
    0.0,
    0.0,
    0.0,
    0.0,
    0.0,
    0.0,
    0.0,
    0.0,
    0.0,
    0.0,
    0.0,
    0.0,
    0.0,
    0.0
  ]
}