{
  "trial_start": 41,
  "trial_end_exclusive": 42,
  "total_configs": 16,
  "runs_completed": 11,
  "best_mse": 0.0041411771976957714,
  "best_post_max": 0.1763476802787669
}