{
  "trial": 41,
  "x0trial": 1,
  "metrics": {
    "pre_max": 1.2524399740589955,
    "post_max": 0.1763476802787669,
    "mse": 0.0041411771976957714
  },
  "theta": {
    "Gamma_p": 0.7802396745527527,
    "Gamma_n": 1.0371055848887432,
    "K_e": 54.219417001332694,
    "R0": 5.255718918626094e-05,
    "V0": -4.741164123617012
  },
  "ab": {
    "sDn": 0.5145395332047733,
    "sDp": 7.257985739289142e-96,
    "sDe": 0.8813603888378677,
    "gn": 0.0012417167133934913,
    "gp": 1710.7451970613286,
    "ge": 1.1829022714168884
  },
  "x0": [
    13527.169924044683,
    13527.169924044683,
    13527.169924044683,
    13527.169924044683,
    18127.659418651507,
    18127.659418651507,
    18127.659418651507,
    18127.659418651507,
    0.0,
    0.0,
    0.0,
    0.0,
    0.0,
    0.0
  ]
}