{
  "trial": 5,
  "x0trial": 2,
  "metrics": {
    "pre_max": 1.1203156463778785,
    "post_max": 0.1357662168551248,
    "mse": 0.0009787875472279414
  },
  "theta": {
    "Gamma_p": 0.768876153604745,
    "Gamma_n": 0.7377221992460462,
    "K_e": 34.787827241142885,
    "R0": 0.0013978564541301565,
    "V0": -4.130974079946287
  },
  "ab": {
    "sDn": 0.9999132703778947,
    "sDp": 0.8228714903452818,
    "sDe": 0.7449393169006802,
    "gn": 0.47671759376204914,
    "gp": 5911.974915529196,
    "ge": 1.1040196969743021
  },
  "x0": [
    25104.045949283875,
    25104.045949283875,
    25104.045949283875,
    25104.045949283875,
    25104.045949283875,
    25104.045949283875,
    25104.045949283875,
    25104.045949283875,
    25104.045949283875,
    25104.045949283875,
    25104.045949283875,
    25104.045949283875,
    25104.045949283875,
    25104.045949283875,
    25104.045949283875,
    25104.045949283875,
    12498.09013494031,
    12498.09013494031,
    12498.09013494031,
    12498.09013494031,
    12498.09013494031,
    12498.09013494031,
    12498.09013494031,
    12498.09013494031,
    12498.09013494031,
    12498.09013494031,
    12498.09013494031,
    12498.09013494031,
    12498.09013494031,
    12498.09013494031,
    12498.09013494031,
    12498.09013494031,
    0.0,
    0.0,
    0.0,
    0.0,
    0.0,
    0.0,
    0.0,
    0.0,
    0.0,
    0.0,
    0.0,
    0.0,
    0.0,
    0.0,
    0.0,
    0.0,
    0.0,
    0.0,
    0.0,
    0.0,
    0.0,
    0.0,
    0.0,
    0.0
  ]
}