{
  "mode": "free",
  "trial": 22,
  "x0trial": 2,
  "metrics": {
    "pre_max": 0.47867872249859644,
    "post_max": 8.083755645849067e-05,
    "mse": 3.3290186164752e-09
  },
  "theta": {
    "Gamma_p": 1.8827829854186344,
    "Gamma_n": 1.2153115172614988e-07,
    "K_e": 0.7116513688353213,
    "R0": 0.008584098438685078
  },
  "ab": {
    "sDn": 1.3867267666509364,
    "sDp": 0.9970039269373617,
    "sDe": 1.617230059522284,
    "gn": 0.001952418144331158,
    "gp": 1.1185387094084003,
    "ge": 0.7593294884868251
  },
  "x0": [
    10534.366129239635,
    10534.366129239635,
    10534.366129239635,
    10534.366129239635,
    26418.937025580115,
    26418.937025580115,
    26418.937025580115,
    26418.937025580115,
    0.0,
    0.0,
    0.0,
    0.0,
    0.0,
    0.0
  ]
}