{
  "mode": "free",
  "trial_start": 18,
  "trial_end_exclusive": 19,
  "total_configs": 16,
  "runs_completed": 10,
  "best_mse": 1.2716630114324108e-08,
  "best_post_max": 0.0014065499818141092
}