{
  "mode": "free",
  "trial": 18,
  "x0trial": 12,
  "metrics": {
    "pre_max": 0.4392728165414539,
    "post_max": 0.0014065499818141092,
    "mse": 1.2716630114324108e-08
  },
  "theta": {
    "Gamma_p": 11.532272303754617,
    "Gamma_n": 1.337016389594723e-07,
    "K_e": 0.7597736974889117,
    "R0": 0.014264724972725485
  },
  "ab": {
    "sDn": 1.0182039355478592,
    "sDp": 1.0180442583070972,
    "sDe": 1.020389170642917,
    "gn": 0.9890528159454584,
    "gp": 0.9721942891543841,
    "ge": 1.0126292852046734
  },
  "x0": [
    7284.025465137084,
    7284.025465137084,
    7284.025465137084,
    7284.025465137084,
    27772.54929112957,
    27772.54929112957,
    27772.54929112957,
    27772.54929112957,
    0.0,
    0.0,
    0.0,
    0.0,
    0.0,
    0.0
  ]
}