{
  "trial": 2,
  "x0trial": 3,
  "metrics": {
    "pre_max": 0.7760004934403093,
    "post_max": 0.13606143081922673,
    "mse": 0.0009792107876521775
  },
  "theta": {
    "Gamma_p": 0.7090853427457251,
    "Gamma_n": 1.070927547853378,
    "K_e": 45.04961383671143,
    "R0": 0.0004672106280243952,
    "V0": -4.143798672867351
  },
  "ab": {
    "sDn": 1.5980450037867033,
    "sDp": 0.6922042234274685,
    "sDe": 0.8078998620737734,
    "gn": 2.460871798994178e-05,
    "gp": 5634.556413905897,
    "ge": 0.9702415467838442
  },
  "x0": [
    20607.508542438543,
    20607.508542438543,
    20607.508542438543,
    20607.508542438543,
    20607.508542438543,
    20607.508542438543,
    20607.508542438543,
    20607.508542438543,
    20607.508542438543,
    20607.508542438543,
    20607.508542438543,
    20607.508542438543,
    20607.508542438543,
    20607.508542438543,
    20607.508542438543,
    20607.508542438543,
    12476.332842932728,
    12476.332842932728,
    12476.332842932728,
    12476.332842932728,
    12476.332842932728,
    12476.332842932728,
    12476.332842932728,
    12476.332842932728,
    12476.332842932728,
    12476.332842932728,
    12476.332842932728,
    12476.332842932728,
    12476.332842932728,
    12476.332842932728,
    12476.332842932728,
    12476.332842932728,
    0.0,
    0.0,
    0.0,
    0.0,
    0.0,
    0.0,
    0.0,
    0.0,
    0.0,
    0.0,
    0.0,
    0.0,
    0.0,
    0.0,
    0.0,
    0.0,
    0.0,
    0.0,
    0.0,
    0.0,
    0.0,
    0.0,
    0.0,
    0.0
  ]
}