{
  "mode": "free",
  "trial_start": 41,
  "trial_end_exclusive": 42,
  "total_configs": 16,
  "runs_completed": 11,
  "best_mse": 5.503375583992914e-09,
  "best_post_max": 0.0005603292272482463
}