{
  "mode": "free",
  "trial": 13,
  "x0trial": 12,
  "metrics": {
    "pre_max": 0.45867748350310933,
    "post_max": 0.0007351717364478816,
    "mse": 9.4113368900114e-09
  },
  "theta": {
    "Gamma_p": 118.37397919229511,
    "Gamma_n": 1.0390262304166008e-07,
    "K_e": 0.6440526362786692,
    "R0": 0.004359861623133713
  },
  "ab": {
    "sDn": 4.072166844786677,
    "sDp": 1.0158974285442897,
    "sDe": 1.0408044877947917,
    "gn": 0.09774018039974583,
    "gp": 1.2034707958853492,
    "ge": 1.0690499647951783
  },
  "x0": [
    10636.42413568469,
    10636.42413568469,
    10636.42413568469,
    10636.42413568469,
    10636.42413568469,
    10636.42413568469,
    10636.42413568469,
    10636.42413568469,
    10636.42413568469,
    10636.42413568469,
    10636.42413568469,
    10636.42413568469,
    10636.42413568469,
    10636.42413568469,
    10636.42413568469,
    10636.42413568469,
    26980.229452309868,
    26980.229452309868,
    26980.229452309868,
    26980.229452309868,
    26980.229452309868,
    26980.229452309868,
    26980.229452309868,
    26980.229452309868,
    26980.229452309868,
    26980.229452309868,
    26980.229452309868,
    26980.229452309868,
    26980.229452309868,
    26980.229452309868,
    26980.229452309868,
    26980.229452309868,
    0.0,
    0.0,
    0.0,
    0.0,
    0.0,
    0.0,
    0.0,
    0.0,
    0.0,
    0.0,
    0.0,
    0.0,
    0.0,
    0.0,
    0.0,
    0.0,
    0.0,
    0.0,
    0.0,
    0.0,
    0.0,
    0.0,
    0.0,
    0.0
  ]
}