{
  "mode": "free",
  "trial": 6,
  "x0trial": 7,
  "metrics": {
    "pre_max": 2.175429984009117,
    "post_max": 0.0014837234454283532,
    "mse": 1.4275902518972481e-08
  },
  "theta": {
    "Gamma_p": 472615241846.4579,
    "Gamma_n": 1.9188399870891306,
    "K_e": 6.890552770652128,
    "R0": 9.462523889091446e-07
  },
  "ab": {
    "sDn": 0.712666368038867,
    "sDp": 1.4465518053072268,
    "sDe": 15.120948374346256,
    "gn": 1.3862878732379975,
    "gp": 0.8576352901762773,
    "ge": 101.1035837374585
  },
  "x0": [
    28278.522255501557,
    28278.522255501557,
    28278.522255501557,
    28278.522255501557,
    11481.023600828748,
    11481.023600828748,
    11481.023600828748,
    11481.023600828748,
    0.0,
    0.0,
    0.0,
    0.0,
    0.0,
    0.0
  ]
}