{
  "trial": 8,
  "x0trial": 5,
  "metrics": {
    "pre_max": 2.0446435198517117,
    "post_max": 0.13649419863516066,
    "mse": 0.0009830786221478984
  },
  "theta": {
    "Gamma_p": 0.9129521654397291,
    "Gamma_n": 0.9396920785931683,
    "K_e": 34.46210977548206,
    "R0": 0.254448512215567,
    "V0": -4.9346054281975915
  },
  "ab": {
    "sDn": 1.208887142578308,
    "sDp": 0.42897799534597536,
    "sDe": 0.989733591457885,
    "gn": 0.3600563923218901,
    "gp": 5243.584795889233,
    "ge": 0.9569580156372011
  },
  "x0": [
    5740.750523738919,
    5740.750523738919,
    5740.750523738919,
    5740.750523738919,
    5740.750523738919,
    5740.750523738919,
    5740.750523738919,
    5740.750523738919,
    5740.750523738919,
    5740.750523738919,
    5740.750523738919,
    5740.750523738919,
    5740.750523738919,
    5740.750523738919,
    5740.750523738919,
    5740.750523738919,
    11911.700883542853,
    11911.700883542853,
    11911.700883542853,
    11911.700883542853,
    11911.700883542853,
    11911.700883542853,
    11911.700883542853,
    11911.700883542853,
    11911.700883542853,
    11911.700883542853,
    11911.700883542853,
    11911.700883542853,
    11911.700883542853,
    11911.700883542853,
    11911.700883542853,
    11911.700883542853,
    0.0,
    0.0,
    0.0,
    0.0,
    0.0,
    0.0,
    0.0,
    0.0,
    0.0,
    0.0,
    0.0,
    0.0,
    0.0,
    0.0,
    0.0,
    0.0,
    0.0,
    0.0,
    0.0,
    0.0,
    0.0,
    0.0,
    0.0,
    0.0
  ]
}