{
  "mode": "free",
  "trial_start": 42,
  "trial_end_exclusive": 43,
  "total_configs": 16,
  "runs_completed": 9,
  "best_mse": 8.491335576274146e-09,
  "best_post_max": 0.00023887207157180512
}