{
  "mode": "free",
  "trial_start": 37,
  "trial_end_exclusive": 38,
  "total_configs": 16,
  "runs_completed": 6,
  "best_mse": 1.2767998369070526e-08,
  "best_post_max": 0.0011884917485680546
}