{
  "mode": "free",
  "trial": 3,
  "x0trial": 11,
  "metrics": {
    "pre_max": 0.44679268304079756,
    "post_max": 6.297871495775098e-05,
    "mse": 1.5001629119721144e-09
  },
  "theta": {
    "Gamma_p": 2.0066806446507797,
    "Gamma_n": 1.0517976711147621e-07,
    "K_e": 0.6274374799719906,
    "R0": 0.010643892950202226
  },
  "ab": {
    "sDn": 1.018939132352704,
    "sDp": 0.987564836935105,
    "sDe": 1.7456786860412403,
    "gn": 0.9992118936643918,
    "gp": 1.0091643815802642,
    "ge": 0.6757473977152856
  },
  "x0": [
    7800.106754095385,
    7800.106754095385,
    7800.106754095385,
    7800.106754095385,
    7800.106754095385,
    7800.106754095385,
    7800.106754095385,
    7800.106754095385,
    7800.106754095385,
    7800.106754095385,
    7800.106754095385,
    7800.106754095385,
    7800.106754095385,
    7800.106754095385,
    7800.106754095385,
    7800.106754095385,
    26736.430278606116,
    26736.430278606116,
    26736.430278606116,
    26736.430278606116,
    26736.430278606116,
    26736.430278606116,
    26736.430278606116,
    26736.430278606116,
    26736.430278606116,
    26736.430278606116,
    26736.430278606116,
    26736.430278606116,
    26736.430278606116,
    26736.430278606116,
    26736.430278606116,
    26736.430278606116,
    0.0,
    0.0,
    0.0,
    0.0,
    0.0,
    0.0,
    0.0,
    0.0,
    0.0,
    0.0,
    0.0,
    0.0,
    0.0,
    0.0,
    0.0,
    0.0,
    0.0,
    0.0,
    0.0,
    0.0,
    0.0,
    0.0,
    0.0,
    0.0
  ]
}