{
  "trial": 42,
  "x0trial": 1,
  "metrics": {
    "pre_max": 1.886882155665195,
    "post_max": 0.1382408664600132,
    "mse": 0.0010230116170925542
  },
  "theta": {
    "Gamma_p": 0.9688642409742481,
    "Gamma_n": 0.9273566061788674,
    "K_e": 38.0346427681434,
    "R0": 0.00027051107387918063,
    "V0": -4.130290844545417
  },
  "ab": {
    "sDn": 1.1478442499549713,
    "sDp": 0.09226991128308976,
    "sDe": 0.8982911882010756,
    "gn": 0.39058401029295464,
    "gp": 3872.010584559865,
    "ge": 1.120198982058882
  },
  "x0": [
    24505.049010256156,
    24505.049010256156,
    24505.049010256156,
    24505.049010256156,
    13921.256147282536,
    13921.256147282536,
    13921.256147282536,
    13921.256147282536,
    0.0,
    0.0,
    0.0,
    0.0,
    0.0,
    0.0
  ]
}