{
  "mode": "locked",
  "trial_start": 44,
  "trial_end_exclusive": 45,
  "total_configs": 1,
  "runs_completed": 1,
  "best_mse": 4.46308750570949e-08,
  "best_post_max": 0.0008259641883388014
}