{
  "mode": "locked",
  "trial": 44,
  "x0trial": 0,
  "metrics": {
    "pre_max": 2.1469366946610595,
    "post_max": 0.0008259641883388014,
    "mse": 4.46308750570949e-08
  },
  "theta": {
    "Gamma_p": 441208.1236607828,
    "Gamma_n": 1.0816132595870268e-09,
    "K_e": 0.24941415256792304,
    "R0": 0.0010988295500849064
  },
  "ab": {
    "sDn": 0.8890076544809158,
    "sDp": 1.1789564693510473,
    "sDe": 0.9047438371060761,
    "gn": 1.1721270634592682,
    "gp": 0.8853526977955779,
    "ge": 1.109258819660369
  },
  "x0": [
    24800.0,
    24800.0,
    24800.0,
    24800.0,
    12400.0,
    12400.0,
    12400.0,
    12400.0,
    0.0,
    0.0,
    0.0,
    0.0,
    0.0,
    0.0
  ]
}