{
  "trial_start": 18,
  "trial_end_exclusive": 19,
  "total_configs": 16,
  "runs_completed": 11,
  "best_mse": 0.0009837305789895626,
  "best_post_max": 0.13509352309177913
}