{
  "trial": 18,
  "x0trial": 7,
  "metrics": {
    "pre_max": 1.1787559415332165,
    "post_max": 0.13509352309177913,
    "mse": 0.0009837305789895626
  },
  "theta": {
    "Gamma_p": 1.1870129902701532,
    "Gamma_n": 1.0078232284619326,
    "K_e": 13.317631189566592,
    "R0": 21.830392632728902,
    "V0": -5.148886494793059
  },
  "ab": {
    "sDn": 1.0472368057846766,
    "sDp": 0.35505430903395874,
    "sDe": 0.9631051206929353,
    "gn": 0.48969666587028704,
    "gp": 4892.100166682597,
    "ge": 1.0708667374457155
  },
  "x0": [
    5194.609849824416,
    5194.609849824416,
    5194.609849824416,
    5194.609849824416,
    5194.609849824416,
    5194.609849824416,
    5194.609849824416,
    5194.609849824416,
    5194.609849824416,
    5194.609849824416,
    5194.609849824416,
    5194.609849824416,
    5194.609849824416,
    5194.609849824416,
    5194.609849824416,
    5194.609849824416,
    12032.199428967642,
    12032.199428967642,
    12032.199428967642,
    12032.199428967642,
    12032.199428967642,
    12032.199428967642,
    12032.199428967642,
    12032.199428967642,
    12032.199428967642,
    12032.199428967642,
    12032.199428967642,
    12032.199428967642,
    12032.199428967642,
    12032.199428967642,
    12032.199428967642,
    12032.199428967642,
    0.0,
    0.0,
    0.0,
    0.0,
    0.0,
    0.0,
    0.0,
    0.0,
    0.0,
    0.0,
    0.0,
    0.0,
    0.0,
    0.0,
    0.0,
    0.0,
    0.0,
    0.0,
    0.0,
    0.0,
    0.0,
    0.0,
    0.0,
    0.0
  ]
}