{
  "trial": 32,
  "x0trial": 1,
  "metrics": {
    "pre_max": 1.7544548560955966,
    "post_max": 0.13678492937765618,
    "mse": 0.0009834921192244108
  },
  "theta": {
    "Gamma_p": 1.0239200719332822,
    "Gamma_n": 1.024760494611717,
    "K_e": 30.018944809525,
    "R0": 0.0018304010590434966,
    "V0": -4.131274987067122
  },
  "ab": {
    "sDn": 1.003353163722637,
    "sDp": 1.8531691105776245,
    "sDe": 0.9401543523971826,
    "gn": 0.9391872571820193,
    "gp": 7586.928719019097,
    "ge": 1.0622841708701536
  },
  "x0": [
    27023.45860022919,
    27023.45860022919,
    27023.45860022919,
    27023.45860022919,
    12945.960385519113,
    12945.960385519113,
    12945.960385519113,
    12945.960385519113,
    0.0,
    0.0,
    0.0,
    0.0,
    0.0,
    0.0
  ]
}