{
  "mode": "locked",
  "trial": 5,
  "x0trial": 0,
  "metrics": {
    "pre_max": 2.1316098953571228,
    "post_max": 0.0002071824030522862,
    "mse": 8.125019615645266e-10
  },
  "theta": {
    "Gamma_p": 878982268430.2455,
    "Gamma_n": 1.0233930575401895e-09,
    "K_e": 0.05586112604116451,
    "R0": 5.582595704639242e-07
  },
  "ab": {
    "sDn": 0.7877051167934677,
    "sDp": 1.4711974196593451,
    "sDe": 0.6629622808725597,
    "gn": 1.3584149953142677,
    "gp": 0.7815438610142446,
    "ge": 1.3515092918311629
  },
  "x0": [
    24800.0,
    24800.0,
    24800.0,
    24800.0,
    12400.0,
    12400.0,
    12400.0,
    12400.0,
    0.0,
    0.0,
    0.0,
    0.0,
    0.0,
    0.0
  ]
}