mode,trial,x0trial,ok_run,pre_max,post_max,mse,wall_s,err,Gamma_p,Gamma_n,K_e,R0,sDn,sDp,sDe,gn,gp,ge
locked,5,0,1,2.1316098953571228,0.0002071824030522862,8.125019615645266e-10,22.999061107635498,,878982268430.2455,1.0233930575401895e-09,0.05586112604116451,5.582595704639242e-07,0.7877051167934677,1.4711974196593451,0.6629622808725597,1.3584149953142677,0.7815438610142446,1.3515092918311629
