{
  "mode": "locked",
  "trial_start": 5,
  "trial_end_exclusive": 6,
  "total_configs": 1,
  "runs_completed": 1,
  "best_mse": 8.125019615645266e-10,
  "best_post_max": 0.0002071824030522862
}