mode,trial,x0trial,ok_run,pre_max,post_max,mse,wall_s,err,Gamma_p,Gamma_n,K_e,R0,sDn,sDp,sDe,gn,gp,ge
locked,45,0,1,2.14466557282803,0.00023756085011150674,9.172882860705458e-10,23.303336143493652,,816034602528.6484,1.0231069434806743e-09,0.061869909007443206,5.925476617963364e-07,0.7751542599550476,1.350177402263191,0.6882302274339056,1.2565661450749879,0.6891729002456641,1.4235031573948072
