{
  "mode": "locked",
  "trial_start": 45,
  "trial_end_exclusive": 46,
  "total_configs": 1,
  "runs_completed": 1,
  "best_mse": 9.172882860705458e-10,
  "best_post_max": 0.00023756085011150674
}