{
  "mode": "locked",
  "trial": 45,
  "x0trial": 0,
  "metrics": {
    "pre_max": 2.14466557282803,
    "post_max": 0.00023756085011150674,
    "mse": 9.172882860705458e-10
  },
  "theta": {
    "Gamma_p": 816034602528.6484,
    "Gamma_n": 1.0231069434806743e-09,
    "K_e": 0.061869909007443206,
    "R0": 5.925476617963364e-07
  },
  "ab": {
    "sDn": 0.7751542599550476,
    "sDp": 1.350177402263191,
    "sDe": 0.6882302274339056,
    "gn": 1.2565661450749879,
    "gp": 0.6891729002456641,
    "ge": 1.4235031573948072
  },
  "x0": [
    24800.0,
    24800.0,
    24800.0,
    24800.0,
    12400.0,
    12400.0,
    12400.0,
    12400.0,
    0.0,
    0.0,
    0.0,
    0.0,
    0.0,
    0.0
  ]
}