{
  "mode": "locked",
  "trial": 0,
  "x0trial": 0,
  "metrics": {
    "pre_max": 2.155887720157974,
    "post_max": 0.000957255476585317,
    "mse": 1.5112069449396638e-08
  },
  "theta": {
    "Gamma_p": 664593080328.54,
    "Gamma_n": 1.0163583978748679e-09,
    "K_e": 0.13821106184695642,
    "R0": 1.5185730854541804e-06
  },
  "ab": {
    "sDn": 0.7627224058780311,
    "sDp": 0.8683401289609189,
    "sDe": 0.5268507942559327,
    "gn": 1.9472643904247313,
    "gp": 0.8098276934623242,
    "ge": 2.32214607558131
  },
  "x0": [
    24800.0,
    24800.0,
    24800.0,
    24800.0,
    24800.0,
    24800.0,
    24800.0,
    24800.0,
    24800.0,
    24800.0,
    24800.0,
    24800.0,
    24800.0,
    24800.0,
    24800.0,
    24800.0,
    12400.0,
    12400.0,
    12400.0,
    12400.0,
    12400.0,
    12400.0,
    12400.0,
    12400.0,
    12400.0,
    12400.0,
    12400.0,
    12400.0,
    12400.0,
    12400.0,
    12400.0,
    12400.0,
    0.0,
    0.0,
    0.0,
    0.0,
    0.0,
    0.0,
    0.0,
    0.0,
    0.0,
    0.0,
    0.0,
    0.0,
    0.0,
    0.0,
    0.0,
    0.0,
    0.0,
    0.0,
    0.0,
    0.0,
    0.0,
    0.0,
    0.0,
    0.0
  ]
}