{
  "mode": "free",
  "trial": 34,
  "x0trial": 15,
  "metrics": {
    "pre_max": 0.22597330281425165,
    "post_max": 0.0007806245551762458,
    "mse": 9.054637044154727e-09
  },
  "theta": {
    "Gamma_p": 2413.7008195599233,
    "Gamma_n": 2.3192254623068495e-10,
    "K_e": 0.38346106794572715,
    "R0": 0.010515412691282984
  },
  "ab": {
    "sDn": 0.9900929226826443,
    "sDp": 1.2801928387112977,
    "sDe": 1.0807371061709217,
    "gn": 0.14348264317298629,
    "gp": 0.0034292267058141793,
    "ge": 0.9457683322924819
  },
  "x0": [
    4416.5257836505525,
    4416.5257836505525,
    4416.5257836505525,
    4416.5257836505525,
    14958.27769147274,
    14958.27769147274,
    14958.27769147274,
    14958.27769147274,
    0.0,
    0.0,
    0.0,
    0.0,
    0.0,
    0.0
  ]
}