{
  "mode": "locked",
  "trial": 30,
  "x0trial": 0,
  "metrics": {
    "pre_max": 2.1032929847326685,
    "post_max": 0.00030644906341414924,
    "mse": 2.7153298075488266e-09
  },
  "theta": {
    "Gamma_p": 280807924458.42706,
    "Gamma_n": 1.0224407460534174e-09,
    "K_e": 0.1192919091207139,
    "R0": 3.5927258250598335e-07
  },
  "ab": {
    "sDn": 1.4438593441121514,
    "sDp": 1.7410382504597504,
    "sDe": 0.5376953834862559,
    "gn": 0.7258893867021843,
    "gp": 0.38323502086189204,
    "ge": 0.8545421039014155
  },
  "x0": [
    24800.0,
    24800.0,
    24800.0,
    24800.0,
    24800.0,
    24800.0,
    24800.0,
    24800.0,
    24800.0,
    24800.0,
    24800.0,
    24800.0,
    24800.0,
    24800.0,
    24800.0,
    24800.0,
    12400.0,
    12400.0,
    12400.0,
    12400.0,
    12400.0,
    12400.0,
    12400.0,
    12400.0,
    12400.0,
    12400.0,
    12400.0,
    12400.0,
    12400.0,
    12400.0,
    12400.0,
    12400.0,
    0.0,
    0.0,
    0.0,
    0.0,
    0.0,
    0.0,
    0.0,
    0.0,
    0.0,
    0.0,
    0.0,
    0.0,
    0.0,
    0.0,
    0.0,
    0.0,
    0.0,
    0.0,
    0.0,
    0.0,
    0.0,
    0.0,
    0.0,
    0.0
  ]
}