{
  "trial": 47,
  "x0trial": 10,
  "metrics": {
    "pre_max": 1.0388075740270342,
    "post_max": 0.1358488324224787,
    "mse": 0.0009898363691331308
  },
  "theta": {
    "Gamma_p": 0.3828222801332332,
    "Gamma_n": 1.0213192283757506,
    "K_e": 38.379610062378134,
    "R0": 0.12951431739997366,
    "V0": -4.922906658145842
  },
  "ab": {
    "sDn": 0.46811574520260896,
    "sDp": 2.4725201148170757,
    "sDe": 1.1611712046122582,
    "gn": 0.026598098419075088,
    "gp": 7515.096580092696,
    "ge": 1.003599345975914
  },
  "x0": [
    9671.17458127572,
    9671.17458127572,
    9671.17458127572,
    9671.17458127572,
    13410.113073842002,
    13410.113073842002,
    13410.113073842002,
    13410.113073842002,
    0.0,
    0.0,
    0.0,
    0.0,
    0.0,
    0.0
  ]
}