{
  "trial": 6,
  "x0trial": 2,
  "metrics": {
    "pre_max": 0.6200891723220523,
    "post_max": 0.1844589407491921,
    "mse": 0.006215032157625118
  },
  "theta": {
    "Gamma_p": 1.0097457249128766e-07,
    "Gamma_n": 1.0324909216493598,
    "K_e": 48.276511976492955,
    "R0": 0.7583459525439631,
    "V0": -4.425228611155377
  },
  "ab": {
    "sDn": 1.4531449011142565,
    "sDp": 0.04396727676514292,
    "sDe": 1.0100649274116764,
    "gn": 0.12024525705118859,
    "gp": 2135.2578656207115,
    "ge": 0.9697328649852271
  },
  "x0": [
    7337.555527174595,
    7337.555527174595,
    7337.555527174595,
    7337.555527174595,
    7337.555527174595,
    7337.555527174595,
    7337.555527174595,
    7337.555527174595,
    7337.555527174595,
    7337.555527174595,
    7337.555527174595,
    7337.555527174595,
    7337.555527174595,
    7337.555527174595,
    7337.555527174595,
    7337.555527174595,
    25261.25110755641,
    25261.25110755641,
    25261.25110755641,
    25261.25110755641,
    25261.25110755641,
    25261.25110755641,
    25261.25110755641,
    25261.25110755641,
    25261.25110755641,
    25261.25110755641,
    25261.25110755641,
    25261.25110755641,
    25261.25110755641,
    25261.25110755641,
    25261.25110755641,
    25261.25110755641,
    0.0,
    0.0,
    0.0,
    0.0,
    0.0,
    0.0,
    0.0,
    0.0,
    0.0,
    0.0,
    0.0,
    0.0,
    0.0,
    0.0,
    0.0,
    0.0,
    0.0,
    0.0,
    0.0,
    0.0,
    0.0,
    0.0,
    0.0,
    0.0
  ]
}