{
  "trial": 17,
  "x0trial": 10,
  "metrics": {
    "pre_max": 1.939987905012282,
    "post_max": 0.158261850097285,
    "mse": 0.002888921309191478
  },
  "theta": {
    "Gamma_p": 1.039013964483011,
    "Gamma_n": 1.010948114393807,
    "K_e": 83.84832692026964,
    "R0": 1.2225053308364012e-05,
    "V0": -4.089262771532562
  },
  "ab": {
    "sDn": 0.9558581239773468,
    "sDp": 4.407359130941681e-23,
    "sDe": 0.7866234163009971,
    "gn": 1.13343755363266,
    "gp": 1997.3187356866852,
    "ge": 1.207294526596725
  },
  "x0": [
    29200.730854954996,
    29200.730854954996,
    29200.730854954996,
    29200.730854954996,
    17334.950622260974,
    17334.950622260974,
    17334.950622260974,
    17334.950622260974,
    0.0,
    0.0,
    0.0,
    0.0,
    0.0,
    0.0
  ]
}