{
  "trial_start": 17,
  "trial_end_exclusive": 18,
  "total_configs": 16,
  "runs_completed": 8,
  "best_mse": 0.002888921309191478,
  "best_post_max": 0.158261850097285
}