{
  "mode": "free",
  "trial_start": 46,
  "trial_end_exclusive": 47,
  "total_configs": 16,
  "runs_completed": 12,
  "best_mse": 4.4222247794551815e-09,
  "best_post_max": 0.0005771978021620328
}