{
  "trial": 34,
  "x0trial": 3,
  "metrics": {
    "pre_max": 0.5668714483568857,
    "post_max": 0.13596872845958963,
    "mse": 0.0009786323074280727
  },
  "theta": {
    "Gamma_p": 0.5507094656237912,
    "Gamma_n": 0.9194673087294204,
    "K_e": 40.85526016530348,
    "R0": 6.457709838312909e-05,
    "V0": -4.930879790810217
  },
  "ab": {
    "sDn": 1.3719890581567764,
    "sDp": 0.7446504860029121,
    "sDe": 1.7718948796812304,
    "gn": 0.807242786004803,
    "gp": 5847.203918030307,
    "ge": 1.2784600228719007
  },
  "x0": [
    4801.73614779911,
    4801.73614779911,
    4801.73614779911,
    4801.73614779911,
    4801.73614779911,
    4801.73614779911,
    4801.73614779911,
    4801.73614779911,
    4801.73614779911,
    4801.73614779911,
    4801.73614779911,
    4801.73614779911,
    4801.73614779911,
    4801.73614779911,
    4801.73614779911,
    4801.73614779911,
    12365.538756781289,
    12365.538756781289,
    12365.538756781289,
    12365.538756781289,
    12365.538756781289,
    12365.538756781289,
    12365.538756781289,
    12365.538756781289,
    12365.538756781289,
    12365.538756781289,
    12365.538756781289,
    12365.538756781289,
    12365.538756781289,
    12365.538756781289,
    12365.538756781289,
    12365.538756781289,
    0.0,
    0.0,
    0.0,
    0.0,
    0.0,
    0.0,
    0.0,
    0.0,
    0.0,
    0.0,
    0.0,
    0.0,
    0.0,
    0.0,
    0.0,
    0.0,
    0.0,
    0.0,
    0.0,
    0.0,
    0.0,
    0.0,
    0.0,
    0.0
  ]
}