{
  "mode": "free",
  "trial_start": 23,
  "trial_end_exclusive": 24,
  "total_configs": 16,
  "runs_completed": 9,
  "best_mse": 1.8203477568201425e-09,
  "best_post_max": 0.000514273929333342
}