{
  "mode": "free",
  "trial": 23,
  "x0trial": 14,
  "metrics": {
    "pre_max": 0.1877036836069106,
    "post_max": 0.000514273929333342,
    "mse": 1.8203477568201425e-09
  },
  "theta": {
    "Gamma_p": 3453.965874867792,
    "Gamma_n": 3.318192564915463e-10,
    "K_e": 0.34883492152158535,
    "R0": 0.00865962464678703
  },
  "ab": {
    "sDn": 3.7213171130197957,
    "sDp": 0.9219317327630656,
    "sDe": 1.109553944440896,
    "gn": 1.0177231128540392e-06,
    "gp": 1.2516301849272913,
    "ge": 0.9029296665240304
  },
  "x0": [
    11863.057053470757,
    11863.057053470757,
    11863.057053470757,
    11863.057053470757,
    9442.832833665168,
    9442.832833665168,
    9442.832833665168,
    9442.832833665168,
    0.0,
    0.0,
    0.0,
    0.0,
    0.0,
    0.0
  ]
}