{
  "mode": "free",
  "trial_start": 7,
  "trial_end_exclusive": 8,
  "total_configs": 16,
  "runs_completed": 10,
  "best_mse": 1.8842360579451828e-09,
  "best_post_max": 0.00039978298277176805
}