{
  "trial_start": 10,
  "trial_end_exclusive": 11,
  "total_configs": 16,
  "runs_completed": 7,
  "best_mse": 0.0009791315843585815,
  "best_post_max": 0.13601001156844994
}