{
  "trial": 10,
  "x0trial": 13,
  "metrics": {
    "pre_max": 1.0154579004565125,
    "post_max": 0.13601001156844994,
    "mse": 0.0009791315843585815
  },
  "theta": {
    "Gamma_p": 0.7307313306586041,
    "Gamma_n": 0.916077908518819,
    "K_e": 38.883367809411595,
    "R0": 0.003768571041439742,
    "V0": -4.928587989117698
  },
  "ab": {
    "sDn": 3.46713648049908,
    "sDp": 0.6045898835888893,
    "sDe": 1.1851721940000972,
    "gn": 0.001647714341201823,
    "gp": 5600.961570758189,
    "ge": 1.1295698880418321
  },
  "x0": [
    8494.894158802748,
    8494.894158802748,
    8494.894158802748,
    8494.894158802748,
    8494.894158802748,
    8494.894158802748,
    8494.894158802748,
    8494.894158802748,
    8494.894158802748,
    8494.894158802748,
    8494.894158802748,
    8494.894158802748,
    8494.894158802748,
    8494.894158802748,
    8494.894158802748,
    8494.894158802748,
    12230.80819731436,
    12230.80819731436,
    12230.80819731436,
    12230.80819731436,
    12230.80819731436,
    12230.80819731436,
    12230.80819731436,
    12230.80819731436,
    12230.80819731436,
    12230.80819731436,
    12230.80819731436,
    12230.80819731436,
    12230.80819731436,
    12230.80819731436,
    12230.80819731436,
    12230.80819731436,
    0.0,
    0.0,
    0.0,
    0.0,
    0.0,
    0.0,
    0.0,
    0.0,
    0.0,
    0.0,
    0.0,
    0.0,
    0.0,
    0.0,
    0.0,
    0.0,
    0.0,
    0.0,
    0.0,
    0.0,
    0.0,
    0.0,
    0.0,
    0.0
  ]
}