{
  "trial": 37,
  "x0trial": 4,
  "metrics": {
    "pre_max": 0.8230501425140115,
    "post_max": 0.13987815958054473,
    "mse": 0.0013515781922183118
  },
  "theta": {
    "Gamma_p": 0.7415353110573923,
    "Gamma_n": 1.3056396328032758,
    "K_e": 121.7514340659072,
    "R0": 6.8492459939154926e-06,
    "V0": -4.904160751916917
  },
  "ab": {
    "sDn": 1.7710897221198092,
    "sDp": 8.199341979398833e-05,
    "sDe": 1.0072755790118382,
    "gn": 0.05799862738723596,
    "gp": 2659.680889842808,
    "ge": 0.9728000904317997
  },
  "x0": [
    10184.79493613536,
    10184.79493613536,
    10184.79493613536,
    10184.79493613536,
    15679.073335088702,
    15679.073335088702,
    15679.073335088702,
    15679.073335088702,
    0.0,
    0.0,
    0.0,
    0.0,
    0.0,
    0.0
  ]
}