{
  "trial": 0,
  "x0trial": 2,
  "metrics": {
    "pre_max": 1.3945055682083498,
    "post_max": 0.2691652341459556,
    "mse": 0.007492622900307188
  },
  "theta": {
    "Gamma_p": 0.0013435902967002446,
    "Gamma_n": 1.0008872318362163,
    "K_e": 25.371914670224616,
    "R0": 0.7042427564833327,
    "V0": -4.822623884101418
  },
  "ab": {
    "sDn": 1.1451834988860559,
    "sDp": 0.2528898159306114,
    "sDe": 1.0425348223318593,
    "gn": 0.2639029911983034,
    "gp": 2798.160284770885,
    "ge": 0.9785897062258772
  },
  "x0": [
    6450.791814811397,
    6450.791814811397,
    6450.791814811397,
    6450.791814811397,
    6450.791814811397,
    6450.791814811397,
    6450.791814811397,
    6450.791814811397,
    6450.791814811397,
    6450.791814811397,
    6450.791814811397,
    6450.791814811397,
    6450.791814811397,
    6450.791814811397,
    6450.791814811397,
    6450.791814811397,
    25632.691933561833,
    25632.691933561833,
    25632.691933561833,
    25632.691933561833,
    25632.691933561833,
    25632.691933561833,
    25632.691933561833,
    25632.691933561833,
    25632.691933561833,
    25632.691933561833,
    25632.691933561833,
    25632.691933561833,
    25632.691933561833,
    25632.691933561833,
    25632.691933561833,
    25632.691933561833,
    0.0,
    0.0,
    0.0,
    0.0,
    0.0,
    0.0,
    0.0,
    0.0,
    0.0,
    0.0,
    0.0,
    0.0,
    0.0,
    0.0,
    0.0,
    0.0,
    0.0,
    0.0,
    0.0,
    0.0,
    0.0,
    0.0,
    0.0,
    0.0
  ]
}