mode,trial,x0trial,ok_run,pre_max,post_max,mse,wall_s,err,Gamma_p,Gamma_n,K_e,R0,sDn,sDp,sDe,gn,gp,ge
locked,19,0,1,2.1258754968052784,0.00019632811279102214,7.622574884006495e-10,24.410046339035034,,869725380317.499,1.0234994387286782e-09,0.05270335096168826,6.186254153326033e-07,0.6953842178524203,1.3932433740004715,0.6773423956789715,1.2544981096301202,0.7491749294976426,1.3982513694946261
