{
  "mode": "locked",
  "trial_start": 19,
  "trial_end_exclusive": 20,
  "total_configs": 1,
  "runs_completed": 1,
  "best_mse": 7.622574884006495e-10,
  "best_post_max": 0.00019632811279102214
}