{
  "mode": "locked",
  "trial": 19,
  "x0trial": 0,
  "metrics": {
    "pre_max": 2.1258754968052784,
    "post_max": 0.00019632811279102214,
    "mse": 7.622574884006495e-10
  },
  "theta": {
    "Gamma_p": 869725380317.499,
    "Gamma_n": 1.0234994387286782e-09,
    "K_e": 0.05270335096168826,
    "R0": 6.186254153326033e-07
  },
  "ab": {
    "sDn": 0.6953842178524203,
    "sDp": 1.3932433740004715,
    "sDe": 0.6773423956789715,
    "gn": 1.2544981096301202,
    "gp": 0.7491749294976426,
    "ge": 1.3982513694946261
  },
  "x0": [
    24800.0,
    24800.0,
    24800.0,
    24800.0,
    12400.0,
    12400.0,
    12400.0,
    12400.0,
    0.0,
    0.0,
    0.0,
    0.0,
    0.0,
    0.0
  ]
}