{
  "trial": 35,
  "x0trial": 5,
  "metrics": {
    "pre_max": 0.8942127835524518,
    "post_max": 0.13628570999415413,
    "mse": 0.001007338788755004
  },
  "theta": {
    "Gamma_p": 0.20314067245371475,
    "Gamma_n": 1.2858027844582152,
    "K_e": 33.04493811152016,
    "R0": 0.03160747315014164,
    "V0": -4.930544254701154
  },
  "ab": {
    "sDn": 0.9935157326721414,
    "sDp": 0.046940725368881026,
    "sDe": 1.266487807771655,
    "gn": 0.6457604413495633,
    "gp": 2259.0775523715347,
    "ge": 1.043852436410348
  },
  "x0": [
    6010.098876645321,
    6010.098876645321,
    6010.098876645321,
    6010.098876645321,
    6010.098876645321,
    6010.098876645321,
    6010.098876645321,
    6010.098876645321,
    6010.098876645321,
    6010.098876645321,
    6010.098876645321,
    6010.098876645321,
    6010.098876645321,
    6010.098876645321,
    6010.098876645321,
    6010.098876645321,
    12980.598619041706,
    12980.598619041706,
    12980.598619041706,
    12980.598619041706,
    12980.598619041706,
    12980.598619041706,
    12980.598619041706,
    12980.598619041706,
    12980.598619041706,
    12980.598619041706,
    12980.598619041706,
    12980.598619041706,
    12980.598619041706,
    12980.598619041706,
    12980.598619041706,
    12980.598619041706,
    0.0,
    0.0,
    0.0,
    0.0,
    0.0,
    0.0,
    0.0,
    0.0,
    0.0,
    0.0,
    0.0,
    0.0,
    0.0,
    0.0,
    0.0,
    0.0,
    0.0,
    0.0,
    0.0,
    0.0,
    0.0,
    0.0,
    0.0,
    0.0
  ]
}