{
  "trial_start": 35,
  "trial_end_exclusive": 36,
  "total_configs": 16,
  "runs_completed": 11,
  "best_mse": 0.001007338788755004,
  "best_post_max": 0.13628570999415413
}