{
  "mode": "free",
  "trial_start": 48,
  "trial_end_exclusive": 49,
  "total_configs": 16,
  "runs_completed": 9,
  "best_mse": 9.484702302905632e-09,
  "best_post_max": 0.00028238629555765726
}