{
  "mode": "free",
  "trial_start": 28,
  "trial_end_exclusive": 29,
  "total_configs": 16,
  "runs_completed": 13,
  "best_mse": 4.424238442704555e-09,
  "best_post_max": 0.0005446289043327113
}