{
  "mode": "locked",
  "trial": 46,
  "x0trial": 0,
  "metrics": {
    "pre_max": 2.120026163611101,
    "post_max": 0.00025684140128134914,
    "mse": 1.0319716893221443e-09
  },
  "theta": {
    "Gamma_p": 901795413627.8384,
    "Gamma_n": 1.0229181570263315e-09,
    "K_e": 0.059941396821620065,
    "R0": 4.870618149177387e-07
  },
  "ab": {
    "sDn": 0.7094425115834138,
    "sDp": 1.316699451610925,
    "sDe": 0.6560853103079597,
    "gn": 1.464029003664952,
    "gp": 0.7719536133617991,
    "ge": 1.4997239019397335
  },
  "x0": [
    24800.0,
    24800.0,
    24800.0,
    24800.0,
    12400.0,
    12400.0,
    12400.0,
    12400.0,
    0.0,
    0.0,
    0.0,
    0.0,
    0.0,
    0.0
  ]
}