{
  "mode": "free",
  "trial_start": 2,
  "trial_end_exclusive": 3,
  "total_configs": 16,
  "runs_completed": 9,
  "best_mse": 2.1745862678153053e-09,
  "best_post_max": 0.00034069360403421456
}