{
  "mode": "free",
  "trial": 1,
  "x0trial": 1,
  "metrics": {
    "pre_max": 0.11911056276888488,
    "post_max": 0.0005694737183610243,
    "mse": 6.324475488637346e-09
  },
  "theta": {
    "Gamma_p": 5606.294722214843,
    "Gamma_n": 2.853790896602427e-10,
    "K_e": 0.5093087601886287,
    "R0": 0.00795686708154407
  },
  "ab": {
    "sDn": 1.241816136038263,
    "sDp": 3.498220682748828,
    "sDe": 1.1885117724709597,
    "gn": 0.7730391640638153,
    "gp": 0.021881819834481363,
    "ge": 1.0887628432747278
  },
  "x0": [
    4354.618437928798,
    4354.618437928798,
    4354.618437928798,
    4354.618437928798,
    4354.618437928798,
    4354.618437928798,
    4354.618437928798,
    4354.618437928798,
    4354.618437928798,
    4354.618437928798,
    4354.618437928798,
    4354.618437928798,
    4354.618437928798,
    4354.618437928798,
    4354.618437928798,
    4354.618437928798,
    15897.051601243305,
    15897.051601243305,
    15897.051601243305,
    15897.051601243305,
    15897.051601243305,
    15897.051601243305,
    15897.051601243305,
    15897.051601243305,
    15897.051601243305,
    15897.051601243305,
    15897.051601243305,
    15897.051601243305,
    15897.051601243305,
    15897.051601243305,
    15897.051601243305,
    15897.051601243305,
    0.0,
    0.0,
    0.0,
    0.0,
    0.0,
    0.0,
    0.0,
    0.0,
    0.0,
    0.0,
    0.0,
    0.0,
    0.0,
    0.0,
    0.0,
    0.0,
    0.0,
    0.0,
    0.0,
    0.0,
    0.0,
    0.0,
    0.0,
    0.0
  ]
}