{
  "mode": "locked",
  "trial": 24,
  "x0trial": 0,
  "metrics": {
    "pre_max": 2.1371881554836474,
    "post_max": 0.00026174794701816495,
    "mse": 1.5800562906186104e-09
  },
  "theta": {
    "Gamma_p": 622046469273.066,
    "Gamma_n": 1.0228775679124979e-09,
    "K_e": 0.19986224540712566,
    "R0": 5.911731097316293e-07
  },
  "ab": {
    "sDn": 0.8695788977473188,
    "sDp": 0.7068729661222337,
    "sDe": 1.2181183420406465,
    "gn": 2.1125905360407766,
    "gp": 0.9693698590710107,
    "ge": 0.9665023802103133
  },
  "x0": [
    24800.0,
    24800.0,
    24800.0,
    24800.0,
    24800.0,
    24800.0,
    24800.0,
    24800.0,
    24800.0,
    24800.0,
    24800.0,
    24800.0,
    24800.0,
    24800.0,
    24800.0,
    24800.0,
    12400.0,
    12400.0,
    12400.0,
    12400.0,
    12400.0,
    12400.0,
    12400.0,
    12400.0,
    12400.0,
    12400.0,
    12400.0,
    12400.0,
    12400.0,
    12400.0,
    12400.0,
    12400.0,
    0.0,
    0.0,
    0.0,
    0.0,
    0.0,
    0.0,
    0.0,
    0.0,
    0.0,
    0.0,
    0.0,
    0.0,
    0.0,
    0.0,
    0.0,
    0.0,
    0.0,
    0.0,
    0.0,
    0.0,
    0.0,
    0.0,
    0.0,
    0.0
  ]
}