{
  "trial": 23,
  "x0trial": 11,
  "metrics": {
    "pre_max": 1.6609058979515354,
    "post_max": 0.1390313078259613,
    "mse": 0.0012494385910128002
  },
  "theta": {
    "Gamma_p": 1.0062314411878972,
    "Gamma_n": 1.0101284499855656,
    "K_e": 81.19641687520296,
    "R0": 1.1169401871551823e-05,
    "V0": -4.118141687737341
  },
  "ab": {
    "sDn": 0.9075894957788893,
    "sDp": 0.0001725541294451293,
    "sDe": 0.7587903560223802,
    "gn": 1.043432656695431,
    "gp": 2772.6102497219945,
    "ge": 1.2279855913771505
  },
  "x0": [
    25521.91820981165,
    25521.91820981165,
    25521.91820981165,
    25521.91820981165,
    15435.794730919652,
    15435.794730919652,
    15435.794730919652,
    15435.794730919652,
    0.0,
    0.0,
    0.0,
    0.0,
    0.0,
    0.0
  ]
}