{
  "mode": "free",
  "trial_start": 24,
  "trial_end_exclusive": 25,
  "total_configs": 16,
  "runs_completed": 11,
  "best_mse": 1.6106592138785666e-08,
  "best_post_max": 0.0009431961523862498
}