{
  "mode": "free",
  "trial": 24,
  "x0trial": 6,
  "metrics": {
    "pre_max": 0.42800552469371134,
    "post_max": 0.0009431961523862498,
    "mse": 1.6106592138785666e-08
  },
  "theta": {
    "Gamma_p": 6.42952166437483,
    "Gamma_n": 1.0811838051215108e-07,
    "K_e": 0.775731541495407,
    "R0": 0.009960693505726821
  },
  "ab": {
    "sDn": 1.026010744509216,
    "sDp": 1.0091134901022358,
    "sDe": 1.1291531589154358,
    "gn": 0.5037451642644333,
    "gp": 1.0453602040708412,
    "ge": 0.9449908350862504
  },
  "x0": [
    9307.355052802224,
    9307.355052802224,
    9307.355052802224,
    9307.355052802224,
    25961.323739521646,
    25961.323739521646,
    25961.323739521646,
    25961.323739521646,
    0.0,
    0.0,
    0.0,
    0.0,
    0.0,
    0.0
  ]
}