{
  "mode": "free",
  "trial": 33,
  "x0trial": 2,
  "metrics": {
    "pre_max": 1.5838482207314115,
    "post_max": 0.00012181909968234095,
    "mse": 4.1772900754942555e-09
  },
  "theta": {
    "Gamma_p": 101291.9126649977,
    "Gamma_n": 0.004343606500490598,
    "K_e": 0.2854077346158789,
    "R0": 0.0028938907319294603
  },
  "ab": {
    "sDn": 7.124852185795964,
    "sDp": 0.710980238989491,
    "sDe": 1.1773518927923519,
    "gn": 0.0375683168813891,
    "gp": 1.5061924064079597,
    "ge": 0.9371582033648864
  },
  "x0": [
    17213.965247392935,
    17213.965247392935,
    17213.965247392935,
    17213.965247392935,
    17213.965247392935,
    17213.965247392935,
    17213.965247392935,
    17213.965247392935,
    17213.965247392935,
    17213.965247392935,
    17213.965247392935,
    17213.965247392935,
    17213.965247392935,
    17213.965247392935,
    17213.965247392935,
    17213.965247392935,
    13099.939726928722,
    13099.939726928722,
    13099.939726928722,
    13099.939726928722,
    13099.939726928722,
    13099.939726928722,
    13099.939726928722,
    13099.939726928722,
    13099.939726928722,
    13099.939726928722,
    13099.939726928722,
    13099.939726928722,
    13099.939726928722,
    13099.939726928722,
    13099.939726928722,
    13099.939726928722,
    0.0,
    0.0,
    0.0,
    0.0,
    0.0,
    0.0,
    0.0,
    0.0,
    0.0,
    0.0,
    0.0,
    0.0,
    0.0,
    0.0,
    0.0,
    0.0,
    0.0,
    0.0,
    0.0,
    0.0,
    0.0,
    0.0,
    0.0,
    0.0
  ]
}