{
  "mode": "locked",
  "trial": 7,
  "x0trial": 0,
  "metrics": {
    "pre_max": 2.1983461898141314,
    "post_max": 0.00012327907725051546,
    "mse": 1.2437596169191507e-09
  },
  "theta": {
    "Gamma_p": 456003878573.9492,
    "Gamma_n": 1.024205717112491e-09,
    "K_e": 0.0636683435460493,
    "R0": 8.50142371323491e-07
  },
  "ab": {
    "sDn": 0.828620584069782,
    "sDp": 2.297611870943728,
    "sDe": 0.6658451555757453,
    "gn": 0.900956158915618,
    "gp": 0.6195038868758438,
    "ge": 0.7450191735482823
  },
  "x0": [
    24800.0,
    24800.0,
    24800.0,
    24800.0,
    24800.0,
    24800.0,
    24800.0,
    24800.0,
    24800.0,
    24800.0,
    24800.0,
    24800.0,
    24800.0,
    24800.0,
    24800.0,
    24800.0,
    12400.0,
    12400.0,
    12400.0,
    12400.0,
    12400.0,
    12400.0,
    12400.0,
    12400.0,
    12400.0,
    12400.0,
    12400.0,
    12400.0,
    12400.0,
    12400.0,
    12400.0,
    12400.0,
    0.0,
    0.0,
    0.0,
    0.0,
    0.0,
    0.0,
    0.0,
    0.0,
    0.0,
    0.0,
    0.0,
    0.0,
    0.0,
    0.0,
    0.0,
    0.0,
    0.0,
    0.0,
    0.0,
    0.0,
    0.0,
    0.0,
    0.0,
    0.0
  ]
}