{
  "mode": "free",
  "trial_start": 5,
  "trial_end_exclusive": 6,
  "total_configs": 16,
  "runs_completed": 10,
  "best_mse": 7.3117775363534015e-09,
  "best_post_max": 0.0004424228959631904
}