{
  "mode": "free",
  "trial": 1,
  "x0trial": 3,
  "metrics": {
    "pre_max": 1.2383724371610558,
    "post_max": 0.0004981180775445182,
    "mse": 7.509745437779152e-09
  },
  "theta": {
    "Gamma_p": 31395.629516504876,
    "Gamma_n": 0.00010698519964887461,
    "K_e": 0.34723085225768635,
    "R0": 0.003773523433203065
  },
  "ab": {
    "sDn": 1.3319531057999712,
    "sDp": 0.9834562716922198,
    "sDe": 1.0227906586621291,
    "gn": 0.22674688517620964,
    "gp": 3.4325548561403085,
    "ge": 1.0717413366711959
  },
  "x0": [
    14748.710337240122,
    14748.710337240122,
    14748.710337240122,
    14748.710337240122,
    21980.123073780298,
    21980.123073780298,
    21980.123073780298,
    21980.123073780298,
    0.0,
    0.0,
    0.0,
    0.0,
    0.0,
    0.0
  ]
}