{
  "mode": "free",
  "trial": 39,
  "x0trial": 14,
  "metrics": {
    "pre_max": 0.4634649539545421,
    "post_max": 0.0003301591217077515,
    "mse": 2.1190643614856746e-09
  },
  "theta": {
    "Gamma_p": 0.7799264280638214,
    "Gamma_n": 1.6468510765939814e-07,
    "K_e": 0.8421824798603363,
    "R0": 0.015510656988342288
  },
  "ab": {
    "sDn": 1.5060002377655446,
    "sDp": 0.9935763027938801,
    "sDe": 1.4933776280309414,
    "gn": 0.00031823863266589654,
    "gp": 1.0422261924847311,
    "ge": 0.8167537559010816
  },
  "x0": [
    10548.693969703683,
    10548.693969703683,
    10548.693969703683,
    10548.693969703683,
    28092.936759448712,
    28092.936759448712,
    28092.936759448712,
    28092.936759448712,
    0.0,
    0.0,
    0.0,
    0.0,
    0.0,
    0.0
  ]
}