{
  "mode": "free",
  "trial_start": 39,
  "trial_end_exclusive": 40,
  "total_configs": 16,
  "runs_completed": 12,
  "best_mse": 2.1190643614856746e-09,
  "best_post_max": 0.0003301591217077515
}