{
  "trial": 38,
  "x0trial": 12,
  "metrics": {
    "pre_max": 1.6499405006064318,
    "post_max": 0.13778677580810417,
    "mse": 0.0010501646751924516
  },
  "theta": {
    "Gamma_p": 0.4944092968479031,
    "Gamma_n": 1.0007918776408908,
    "K_e": 42.162865573975495,
    "R0": 0.02949965290927188,
    "V0": -4.126749955383316
  },
  "ab": {
    "sDn": 1.0634708066676217,
    "sDp": 0.00012915725445096938,
    "sDe": 0.8946979771994082,
    "gn": 0.5856009392929719,
    "gp": 3229.4843032004637,
    "ge": 1.0713876767595814
  },
  "x0": [
    24304.822950124653,
    24304.822950124653,
    24304.822950124653,
    24304.822950124653,
    14522.675876868008,
    14522.675876868008,
    14522.675876868008,
    14522.675876868008,
    0.0,
    0.0,
    0.0,
    0.0,
    0.0,
    0.0
  ]
}