{
  "mode": "free",
  "trial_start": 18,
  "trial_end_exclusive": 19,
  "total_configs": 16,
  "runs_completed": 8,
  "best_mse": 1.3771680067379992e-08,
  "best_post_max": 0.0005223349628362683
}