{
  "mode": "locked",
  "trial": 43,
  "x0trial": 0,
  "metrics": {
    "pre_max": 2.10632855803083,
    "post_max": 0.00037644735878927804,
    "mse": 3.456907887453331e-09
  },
  "theta": {
    "Gamma_p": 471357118013.80475,
    "Gamma_n": 1.0217676281926173e-09,
    "K_e": 0.06550988926828592,
    "R0": 1.8156495128361713e-07
  },
  "ab": {
    "sDn": 0.4474629413257335,
    "sDp": 1.5069661039113305,
    "sDe": 0.5436241177279352,
    "gn": 2.1768802588179557,
    "gp": 0.6342237550447996,
    "ge": 1.9469474519182852
  },
  "x0": [
    24800.0,
    24800.0,
    24800.0,
    24800.0,
    24800.0,
    24800.0,
    24800.0,
    24800.0,
    24800.0,
    24800.0,
    24800.0,
    24800.0,
    24800.0,
    24800.0,
    24800.0,
    24800.0,
    12400.0,
    12400.0,
    12400.0,
    12400.0,
    12400.0,
    12400.0,
    12400.0,
    12400.0,
    12400.0,
    12400.0,
    12400.0,
    12400.0,
    12400.0,
    12400.0,
    12400.0,
    12400.0,
    0.0,
    0.0,
    0.0,
    0.0,
    0.0,
    0.0,
    0.0,
    0.0,
    0.0,
    0.0,
    0.0,
    0.0,
    0.0,
    0.0,
    0.0,
    0.0,
    0.0,
    0.0,
    0.0,
    0.0,
    0.0,
    0.0,
    0.0,
    0.0
  ]
}