{
  "mode": "free",
  "trial_start": 11,
  "trial_end_exclusive": 12,
  "total_configs": 16,
  "runs_completed": 8,
  "best_mse": 7.260731773927865e-09,
  "best_post_max": 0.0008061211578738181
}