{
  "mode": "free",
  "trial": 11,
  "x0trial": 14,
  "metrics": {
    "pre_max": 0.1127521246065708,
    "post_max": 0.0008061211578738181,
    "mse": 7.260731773927865e-09
  },
  "theta": {
    "Gamma_p": 530.5582152702613,
    "Gamma_n": 4.868146065988167e-10,
    "K_e": 0.5782943442594098,
    "R0": 0.005913025385807832
  },
  "ab": {
    "sDn": 1.851812788375716,
    "sDp": 3.4817805338814205,
    "sDe": 1.025289956933135,
    "gn": 0.2185627487229152,
    "gp": 0.12453377125208308,
    "ge": 1.0145302746124307
  },
  "x0": [
    6047.795562038623,
    6047.795562038623,
    6047.795562038623,
    6047.795562038623,
    6047.795562038623,
    6047.795562038623,
    6047.795562038623,
    6047.795562038623,
    6047.795562038623,
    6047.795562038623,
    6047.795562038623,
    6047.795562038623,
    6047.795562038623,
    6047.795562038623,
    6047.795562038623,
    6047.795562038623,
    17011.565834490957,
    17011.565834490957,
    17011.565834490957,
    17011.565834490957,
    17011.565834490957,
    17011.565834490957,
    17011.565834490957,
    17011.565834490957,
    17011.565834490957,
    17011.565834490957,
    17011.565834490957,
    17011.565834490957,
    17011.565834490957,
    17011.565834490957,
    17011.565834490957,
    17011.565834490957,
    0.0,
    0.0,
    0.0,
    0.0,
    0.0,
    0.0,
    0.0,
    0.0,
    0.0,
    0.0,
    0.0,
    0.0,
    0.0,
    0.0,
    0.0,
    0.0,
    0.0,
    0.0,
    0.0,
    0.0,
    0.0,
    0.0,
    0.0,
    0.0
  ]
}