{
  "mode": "locked",
  "trial": 31,
  "x0trial": 0,
  "metrics": {
    "pre_max": 2.1260726396545984,
    "post_max": 0.00023183604239918054,
    "mse": 9.250264598645044e-10
  },
  "theta": {
    "Gamma_p": 873665405148.6578,
    "Gamma_n": 1.0231615897988486e-09,
    "K_e": 0.06435011015338106,
    "R0": 5.989941000019544e-07
  },
  "ab": {
    "sDn": 0.6934599798744702,
    "sDp": 1.3946770927971737,
    "sDe": 0.6488729525283512,
    "gn": 1.3040598594146444,
    "gp": 0.8031907688560941,
    "ge": 1.2643645234416154
  },
  "x0": [
    24800.0,
    24800.0,
    24800.0,
    24800.0,
    12400.0,
    12400.0,
    12400.0,
    12400.0,
    0.0,
    0.0,
    0.0,
    0.0,
    0.0,
    0.0
  ]
}