{
  "mode": "locked",
  "trial_start": 31,
  "trial_end_exclusive": 32,
  "total_configs": 1,
  "runs_completed": 1,
  "best_mse": 9.250264598645044e-10,
  "best_post_max": 0.00023183604239918054
}