{
  "mode": "free",
  "trial_start": 17,
  "trial_end_exclusive": 18,
  "total_configs": 16,
  "runs_completed": 8,
  "best_mse": 4.474380514854479e-09,
  "best_post_max": 0.0005068593740773508
}