{
  "mode": "free",
  "trial": 17,
  "x0trial": 10,
  "metrics": {
    "pre_max": 0.048544795863261214,
    "post_max": 0.0005068593740773508,
    "mse": 4.474380514854479e-09
  },
  "theta": {
    "Gamma_p": 4336.454491051434,
    "Gamma_n": 8.324583706065877e-10,
    "K_e": 0.37133111069794555,
    "R0": 0.005464105828291704
  },
  "ab": {
    "sDn": 1.2702636186910594,
    "sDp": 1.107674897472662,
    "sDe": 1.0762778360841152,
    "gn": 0.06420156793301439,
    "gp": 0.10745347810561964,
    "ge": 0.9363169713000697
  },
  "x0": [
    10008.429396354792,
    10008.429396354792,
    10008.429396354792,
    10008.429396354792,
    17480.1391115465,
    17480.1391115465,
    17480.1391115465,
    17480.1391115465,
    0.0,
    0.0,
    0.0,
    0.0,
    0.0,
    0.0
  ]
}