{
  "mode": "free",
  "trial_start": 9,
  "trial_end_exclusive": 10,
  "total_configs": 16,
  "runs_completed": 12,
  "best_mse": 9.990820462484126e-09,
  "best_post_max": 0.0007902725053909876
}