{
  "mode": "locked",
  "trial": 36,
  "x0trial": 0,
  "metrics": {
    "pre_max": 2.142525626155516,
    "post_max": 0.000913337023234817,
    "mse": 1.6894579361757407e-08
  },
  "theta": {
    "Gamma_p": 622831751646.6364,
    "Gamma_n": 1.016713838631422e-09,
    "K_e": 0.08814233087282694,
    "R0": 4.873756335113785e-07
  },
  "ab": {
    "sDn": 0.5335411646225688,
    "sDp": 1.1138364722183356,
    "sDe": 0.416738569462553,
    "gn": 2.0699687045583826,
    "gp": 0.9518558145988879,
    "ge": 2.765055482590392
  },
  "x0": [
    24800.0,
    24800.0,
    24800.0,
    24800.0,
    24800.0,
    24800.0,
    24800.0,
    24800.0,
    24800.0,
    24800.0,
    24800.0,
    24800.0,
    24800.0,
    24800.0,
    24800.0,
    24800.0,
    12400.0,
    12400.0,
    12400.0,
    12400.0,
    12400.0,
    12400.0,
    12400.0,
    12400.0,
    12400.0,
    12400.0,
    12400.0,
    12400.0,
    12400.0,
    12400.0,
    12400.0,
    12400.0,
    0.0,
    0.0,
    0.0,
    0.0,
    0.0,
    0.0,
    0.0,
    0.0,
    0.0,
    0.0,
    0.0,
    0.0,
    0.0,
    0.0,
    0.0,
    0.0,
    0.0,
    0.0,
    0.0,
    0.0,
    0.0,
    0.0,
    0.0,
    0.0
  ]
}