{
  "mode": "free",
  "trial_start": 44,
  "trial_end_exclusive": 45,
  "total_configs": 16,
  "runs_completed": 10,
  "best_mse": 6.8278213552796665e-09,
  "best_post_max": 0.0010354221855664036
}