{
  "mode": "free",
  "trial": 44,
  "x0trial": 7,
  "metrics": {
    "pre_max": 0.44261908163852937,
    "post_max": 0.0010354221855664036,
    "mse": 6.8278213552796665e-09
  },
  "theta": {
    "Gamma_p": 568.4313397409545,
    "Gamma_n": 1.1485590783263515e-07,
    "K_e": 0.5028405122036108,
    "R0": 0.011238745137004152
  },
  "ab": {
    "sDn": 1.0874791660691996,
    "sDp": 1.0741718551377846,
    "sDe": 0.9662510446690651,
    "gn": 0.9243790333166501,
    "gp": 0.9502865419342911,
    "ge": 1.0609433061761964
  },
  "x0": [
    7052.11271128858,
    7052.11271128858,
    7052.11271128858,
    7052.11271128858,
    27055.54301294809,
    27055.54301294809,
    27055.54301294809,
    27055.54301294809,
    0.0,
    0.0,
    0.0,
    0.0,
    0.0,
    0.0
  ]
}