{
  "mode": "locked",
  "trial_start": 48,
  "trial_end_exclusive": 49,
  "total_configs": 1,
  "runs_completed": 1,
  "best_mse": 1.0572772198435319e-09,
  "best_post_max": 0.0002597786928735246
}