{
  "mode": "locked",
  "trial": 48,
  "x0trial": 0,
  "metrics": {
    "pre_max": 2.1407076483808822,
    "post_max": 0.0002597786928735246,
    "mse": 1.0572772198435319e-09
  },
  "theta": {
    "Gamma_p": 1011060963628.1572,
    "Gamma_n": 1.0228986680181209e-09,
    "K_e": 0.0661270961139168,
    "R0": 6.339541038962451e-07
  },
  "ab": {
    "sDn": 0.7693722670907008,
    "sDp": 1.2343291080985,
    "sDe": 0.6449486519805325,
    "gn": 1.2351258677387413,
    "gp": 0.7312327404689726,
    "ge": 1.349981157347226
  },
  "x0": [
    24800.0,
    24800.0,
    24800.0,
    24800.0,
    12400.0,
    12400.0,
    12400.0,
    12400.0,
    0.0,
    0.0,
    0.0,
    0.0,
    0.0,
    0.0
  ]
}