{
  "mode": "locked",
  "trial_start": 8,
  "trial_end_exclusive": 9,
  "total_configs": 1,
  "runs_completed": 1,
  "best_mse": 5.593393019116456e-09,
  "best_post_max": 0.0005657901001931975
}