{
  "mode": "locked",
  "trial": 8,
  "x0trial": 0,
  "metrics": {
    "pre_max": 2.182618510512153,
    "post_max": 0.0005657901001931975,
    "mse": 5.593393019116456e-09
  },
  "theta": {
    "Gamma_p": 633734606919.975,
    "Gamma_n": 1.0200391105043348e-09,
    "K_e": 0.18686924500257057,
    "R0": 1.2881458250270598e-06
  },
  "ab": {
    "sDn": 1.4286917392079115,
    "sDp": 2.1410382949989706,
    "sDe": 0.6189210262893432,
    "gn": 0.7073339471062469,
    "gp": 0.5478909834312741,
    "ge": 1.1774238559683425
  },
  "x0": [
    24800.0,
    24800.0,
    24800.0,
    24800.0,
    24800.0,
    24800.0,
    24800.0,
    24800.0,
    24800.0,
    24800.0,
    24800.0,
    24800.0,
    24800.0,
    24800.0,
    24800.0,
    24800.0,
    12400.0,
    12400.0,
    12400.0,
    12400.0,
    12400.0,
    12400.0,
    12400.0,
    12400.0,
    12400.0,
    12400.0,
    12400.0,
    12400.0,
    12400.0,
    12400.0,
    12400.0,
    12400.0,
    0.0,
    0.0,
    0.0,
    0.0,
    0.0,
    0.0,
    0.0,
    0.0,
    0.0,
    0.0,
    0.0,
    0.0,
    0.0,
    0.0,
    0.0,
    0.0,
    0.0,
    0.0,
    0.0,
    0.0,
    0.0,
    0.0,
    0.0,
    0.0
  ]
}