{
  "mode": "locked",
  "trial_start": 37,
  "trial_end_exclusive": 38,
  "total_configs": 1,
  "runs_completed": 1,
  "best_mse": 6.221510421205936e-10,
  "best_post_max": 0.00016645639913015486
}