{
  "mode": "locked",
  "trial": 37,
  "x0trial": 0,
  "metrics": {
    "pre_max": 2.1430762697434496,
    "post_max": 0.00016645639913015486,
    "mse": 6.221510421205936e-10
  },
  "theta": {
    "Gamma_p": 1013066168277.6799,
    "Gamma_n": 1.0237835569392153e-09,
    "K_e": 0.05409163826560372,
    "R0": 6.318036572519826e-07
  },
  "ab": {
    "sDn": 0.7484100197167652,
    "sDp": 1.4075289591088813,
    "sDe": 0.7683809371273482,
    "gn": 1.4575930882433537,
    "gp": 0.7219521101538964,
    "ge": 1.346113556084068
  },
  "x0": [
    24800.0,
    24800.0,
    24800.0,
    24800.0,
    12400.0,
    12400.0,
    12400.0,
    12400.0,
    0.0,
    0.0,
    0.0,
    0.0,
    0.0,
    0.0
  ]
}