{
  "trial": 7,
  "x0trial": 15,
  "metrics": {
    "pre_max": 1.9364083738346616,
    "post_max": 0.13829671481221828,
    "mse": 0.001488700074044497
  },
  "theta": {
    "Gamma_p": 0.9324991481059036,
    "Gamma_n": 1.1268108607022382,
    "K_e": 93.15939580349098,
    "R0": 4.935388957826069e-06,
    "V0": -4.111825074182631
  },
  "ab": {
    "sDn": 1.271717989239868,
    "sDp": 3.266522721619648e-46,
    "sDe": 1.1665589103914562,
    "gn": 1.6361279246586273,
    "gp": 907.4101600014757,
    "ge": 0.9989193917727616
  },
  "x0": [
    26111.26709606512,
    26111.26709606512,
    26111.26709606512,
    26111.26709606512,
    26111.26709606512,
    26111.26709606512,
    26111.26709606512,
    26111.26709606512,
    26111.26709606512,
    26111.26709606512,
    26111.26709606512,
    26111.26709606512,
    26111.26709606512,
    26111.26709606512,
    26111.26709606512,
    26111.26709606512,
    15773.163595329008,
    15773.163595329008,
    15773.163595329008,
    15773.163595329008,
    15773.163595329008,
    15773.163595329008,
    15773.163595329008,
    15773.163595329008,
    15773.163595329008,
    15773.163595329008,
    15773.163595329008,
    15773.163595329008,
    15773.163595329008,
    15773.163595329008,
    15773.163595329008,
    15773.163595329008,
    0.0,
    0.0,
    0.0,
    0.0,
    0.0,
    0.0,
    0.0,
    0.0,
    0.0,
    0.0,
    0.0,
    0.0,
    0.0,
    0.0,
    0.0,
    0.0,
    0.0,
    0.0,
    0.0,
    0.0,
    0.0,
    0.0,
    0.0,
    0.0
  ]
}