{
  "mode": "free",
  "trial_start": 25,
  "trial_end_exclusive": 26,
  "total_configs": 16,
  "runs_completed": 11,
  "best_mse": 1.6652684315980935e-08,
  "best_post_max": 0.001267924563677525
}