{
  "mode": "free",
  "trial": 25,
  "x0trial": 1,
  "metrics": {
    "pre_max": 0.2739142115157662,
    "post_max": 0.001267924563677525,
    "mse": 1.6652684315980935e-08
  },
  "theta": {
    "Gamma_p": 9.746901584177532,
    "Gamma_n": 1.646614055464726e-10,
    "K_e": 0.7575154682145213,
    "R0": 0.012896055121023048
  },
  "ab": {
    "sDn": 1.5068767974137782,
    "sDp": 0.9300101895279651,
    "sDe": 0.9561167067382117,
    "gn": 0.37243219680000744,
    "gp": 1.0440854061667597,
    "ge": 0.9936779158297053
  },
  "x0": [
    6208.216103463427,
    6208.216103463427,
    6208.216103463427,
    6208.216103463427,
    6208.216103463427,
    6208.216103463427,
    6208.216103463427,
    6208.216103463427,
    6208.216103463427,
    6208.216103463427,
    6208.216103463427,
    6208.216103463427,
    6208.216103463427,
    6208.216103463427,
    6208.216103463427,
    6208.216103463427,
    5830.876368513607,
    5830.876368513607,
    5830.876368513607,
    5830.876368513607,
    5830.876368513607,
    5830.876368513607,
    5830.876368513607,
    5830.876368513607,
    5830.876368513607,
    5830.876368513607,
    5830.876368513607,
    5830.876368513607,
    5830.876368513607,
    5830.876368513607,
    5830.876368513607,
    5830.876368513607,
    0.0,
    0.0,
    0.0,
    0.0,
    0.0,
    0.0,
    0.0,
    0.0,
    0.0,
    0.0,
    0.0,
    0.0,
    0.0,
    0.0,
    0.0,
    0.0,
    0.0,
    0.0,
    0.0,
    0.0,
    0.0,
    0.0,
    0.0,
    0.0
  ]
}