{
  "trial": 16,
  "x0trial": 3,
  "metrics": {
    "pre_max": 1.079847138776377,
    "post_max": 0.13572044578459241,
    "mse": 0.0009791309537890939
  },
  "theta": {
    "Gamma_p": 0.5164413927823254,
    "Gamma_n": 1.88128759798858,
    "K_e": 37.004879582546295,
    "R0": 9.614948134468613e-05,
    "V0": -4.929878604179923
  },
  "ab": {
    "sDn": 0.7788184458031725,
    "sDp": 0.8847965960669577,
    "sDe": 1.6824799100033077,
    "gn": 0.4161665539807022,
    "gp": 5973.7980218804505,
    "ge": 0.6173952500954515
  },
  "x0": [
    6114.10972879041,
    6114.10972879041,
    6114.10972879041,
    6114.10972879041,
    6114.10972879041,
    6114.10972879041,
    6114.10972879041,
    6114.10972879041,
    6114.10972879041,
    6114.10972879041,
    6114.10972879041,
    6114.10972879041,
    6114.10972879041,
    6114.10972879041,
    6114.10972879041,
    6114.10972879041,
    12568.007058991187,
    12568.007058991187,
    12568.007058991187,
    12568.007058991187,
    12568.007058991187,
    12568.007058991187,
    12568.007058991187,
    12568.007058991187,
    12568.007058991187,
    12568.007058991187,
    12568.007058991187,
    12568.007058991187,
    12568.007058991187,
    12568.007058991187,
    12568.007058991187,
    12568.007058991187,
    0.0,
    0.0,
    0.0,
    0.0,
    0.0,
    0.0,
    0.0,
    0.0,
    0.0,
    0.0,
    0.0,
    0.0,
    0.0,
    0.0,
    0.0,
    0.0,
    0.0,
    0.0,
    0.0,
    0.0,
    0.0,
    0.0,
    0.0,
    0.0
  ]
}