{
  "mode": "free",
  "trial_start": 49,
  "trial_end_exclusive": 50,
  "total_configs": 16,
  "runs_completed": 13,
  "best_mse": 1.3121019463263827e-08,
  "best_post_max": 0.0008453654365911945
}