{
  "mode": "free",
  "trial_start": 14,
  "trial_end_exclusive": 15,
  "total_configs": 16,
  "runs_completed": 9,
  "best_mse": 2.500413899417482e-09,
  "best_post_max": 0.0003601379343276534
}