{
  "mode": "free",
  "trial_start": 47,
  "trial_end_exclusive": 48,
  "total_configs": 16,
  "runs_completed": 12,
  "best_mse": 4.573124467097252e-09,
  "best_post_max": 0.00039705907452436406
}