{
  "mode": "free",
  "trial": 47,
  "x0trial": 14,
  "metrics": {
    "pre_max": 1.950951001183773,
    "post_max": 0.00039705907452436406,
    "mse": 4.573124467097252e-09
  },
  "theta": {
    "Gamma_p": 14061793.502991376,
    "Gamma_n": 0.08636195950337153,
    "K_e": 0.3032269939593192,
    "R0": 0.00016566517799272175
  },
  "ab": {
    "sDn": 0.041041198777970855,
    "sDp": 0.6929771902242103,
    "sDe": 1.0259732074194239,
    "gn": 1.6014017835161372e-06,
    "gp": 0.07174732144714051,
    "ge": 1.1911662398810974
  },
  "x0": [
    17722.079318950477,
    17722.079318950477,
    17722.079318950477,
    17722.079318950477,
    17722.079318950477,
    17722.079318950477,
    17722.079318950477,
    17722.079318950477,
    17722.079318950477,
    17722.079318950477,
    17722.079318950477,
    17722.079318950477,
    17722.079318950477,
    17722.079318950477,
    17722.079318950477,
    17722.079318950477,
    17207.824869349883,
    17207.824869349883,
    17207.824869349883,
    17207.824869349883,
    17207.824869349883,
    17207.824869349883,
    17207.824869349883,
    17207.824869349883,
    17207.824869349883,
    17207.824869349883,
    17207.824869349883,
    17207.824869349883,
    17207.824869349883,
    17207.824869349883,
    17207.824869349883,
    17207.824869349883,
    0.0,
    0.0,
    0.0,
    0.0,
    0.0,
    0.0,
    0.0,
    0.0,
    0.0,
    0.0,
    0.0,
    0.0,
    0.0,
    0.0,
    0.0,
    0.0,
    0.0,
    0.0,
    0.0,
    0.0,
    0.0,
    0.0,
    0.0,
    0.0
  ]
}