{
  "trial_start": 29,
  "trial_end_exclusive": 30,
  "total_configs": 16,
  "runs_completed": 9,
  "best_mse": 0.0010109935869123256,
  "best_post_max": 0.13841064428786432
}