{
  "trial": 29,
  "x0trial": 9,
  "metrics": {
    "pre_max": 0.8863606730226659,
    "post_max": 0.13841064428786432,
    "mse": 0.0010109935869123256
  },
  "theta": {
    "Gamma_p": 0.5569521928148267,
    "Gamma_n": 1.0523737781943565,
    "K_e": 38.437189050917794,
    "R0": 0.03239554524490238,
    "V0": -4.9302864947238065
  },
  "ab": {
    "sDn": 0.8707074216629376,
    "sDp": 1.403985993579758,
    "sDe": 1.0471866736560596,
    "gn": 0.12159127320555331,
    "gp": 7898.622880213707,
    "ge": 0.9826552770096341
  },
  "x0": [
    9029.821358738895,
    9029.821358738895,
    9029.821358738895,
    9029.821358738895,
    12190.90249403755,
    12190.90249403755,
    12190.90249403755,
    12190.90249403755,
    0.0,
    0.0,
    0.0,
    0.0,
    0.0,
    0.0
  ]
}