{
  "mode": "locked",
  "trial": 41,
  "x0trial": 0,
  "metrics": {
    "pre_max": 2.1264151986853275,
    "post_max": 0.00018283001848828917,
    "mse": 6.72768665656663e-10
  },
  "theta": {
    "Gamma_p": 978072640679.8523,
    "Gamma_n": 1.02362210917919e-09,
    "K_e": 0.058639032646997734,
    "R0": 5.243638264850383e-07
  },
  "ab": {
    "sDn": 0.7611465518334236,
    "sDp": 1.3375871803256925,
    "sDe": 0.7635594176823423,
    "gn": 1.416088519056689,
    "gp": 0.8113413544260795,
    "ge": 1.3331387244273758
  },
  "x0": [
    24800.0,
    24800.0,
    24800.0,
    24800.0,
    12400.0,
    12400.0,
    12400.0,
    12400.0,
    0.0,
    0.0,
    0.0,
    0.0,
    0.0,
    0.0
  ]
}