{
  "trial_start": 28,
  "trial_end_exclusive": 29,
  "total_configs": 16,
  "runs_completed": 9,
  "best_mse": 0.0011027867118235605,
  "best_post_max": 0.13827756723506335
}