{
  "trial": 28,
  "x0trial": 7,
  "metrics": {
    "pre_max": 1.6653456873336565,
    "post_max": 0.13827756723506335,
    "mse": 0.0011027867118235605
  },
  "theta": {
    "Gamma_p": 0.889190686539479,
    "Gamma_n": 1.0022809630278926,
    "K_e": 49.03713370194012,
    "R0": 9.19013269523128e-05,
    "V0": -4.127177457805586
  },
  "ab": {
    "sDn": 4.7276190220327114,
    "sDp": 0.00035516314213630145,
    "sDe": 0.9050230244337785,
    "gn": 0.0007909704690761262,
    "gp": 3030.127779230628,
    "ge": 1.1479256007766954
  },
  "x0": [
    22051.592873875783,
    22051.592873875783,
    22051.592873875783,
    22051.592873875783,
    14900.777109356977,
    14900.777109356977,
    14900.777109356977,
    14900.777109356977,
    0.0,
    0.0,
    0.0,
    0.0,
    0.0,
    0.0
  ]
}