{
  "mode": "free",
  "trial": 26,
  "x0trial": 7,
  "metrics": {
    "pre_max": 0.25799210144324114,
    "post_max": 0.00015112356693514073,
    "mse": 1.373134035051633e-09
  },
  "theta": {
    "Gamma_p": 37693.56106960151,
    "Gamma_n": 1.6029382459035685e-08,
    "K_e": 0.22699320584906107,
    "R0": 0.0043856454218421295
  },
  "ab": {
    "sDn": 3.961282625292196,
    "sDp": 1.1950149199438416,
    "sDe": 1.1126512322890136,
    "gn": 0.020708189144480693,
    "gp": 1.244613108967391,
    "ge": 1.0110970292621249
  },
  "x0": [
    14040.883052930309,
    14040.883052930309,
    14040.883052930309,
    14040.883052930309,
    14040.883052930309,
    14040.883052930309,
    14040.883052930309,
    14040.883052930309,
    14040.883052930309,
    14040.883052930309,
    14040.883052930309,
    14040.883052930309,
    14040.883052930309,
    14040.883052930309,
    14040.883052930309,
    14040.883052930309,
    11738.544351593719,
    11738.544351593719,
    11738.544351593719,
    11738.544351593719,
    11738.544351593719,
    11738.544351593719,
    11738.544351593719,
    11738.544351593719,
    11738.544351593719,
    11738.544351593719,
    11738.544351593719,
    11738.544351593719,
    11738.544351593719,
    11738.544351593719,
    11738.544351593719,
    11738.544351593719,
    0.0,
    0.0,
    0.0,
    0.0,
    0.0,
    0.0,
    0.0,
    0.0,
    0.0,
    0.0,
    0.0,
    0.0,
    0.0,
    0.0,
    0.0,
    0.0,
    0.0,
    0.0,
    0.0,
    0.0,
    0.0,
    0.0,
    0.0,
    0.0
  ]
}