{
  "mode": "locked",
  "trial": 39,
  "x0trial": 0,
  "metrics": {
    "pre_max": 2.1911083487059493,
    "post_max": 0.00012357090105297175,
    "mse": 1.1614345761776725e-09
  },
  "theta": {
    "Gamma_p": 497120641447.71643,
    "Gamma_n": 1.0241720130676711e-09,
    "K_e": 0.05701531843750306,
    "R0": 3.069350321042933e-07
  },
  "ab": {
    "sDn": 1.2485795348241502,
    "sDp": 1.6780326724149446,
    "sDe": 0.8924308320953146,
    "gn": 1.9675572137945154,
    "gp": 0.7474560372834991,
    "ge": 1.112333308141739
  },
  "x0": [
    24800.0,
    24800.0,
    24800.0,
    24800.0,
    24800.0,
    24800.0,
    24800.0,
    24800.0,
    24800.0,
    24800.0,
    24800.0,
    24800.0,
    24800.0,
    24800.0,
    24800.0,
    24800.0,
    12400.0,
    12400.0,
    12400.0,
    12400.0,
    12400.0,
    12400.0,
    12400.0,
    12400.0,
    12400.0,
    12400.0,
    12400.0,
    12400.0,
    12400.0,
    12400.0,
    12400.0,
    12400.0,
    0.0,
    0.0,
    0.0,
    0.0,
    0.0,
    0.0,
    0.0,
    0.0,
    0.0,
    0.0,
    0.0,
    0.0,
    0.0,
    0.0,
    0.0,
    0.0,
    0.0,
    0.0,
    0.0,
    0.0,
    0.0,
    0.0,
    0.0,
    0.0
  ]
}