{
  "mode": "free",
  "trial": 41,
  "x0trial": 13,
  "metrics": {
    "pre_max": 0.3612185522528346,
    "post_max": 0.0005603292272482463,
    "mse": 5.503375583992914e-09
  },
  "theta": {
    "Gamma_p": 857.4319528276393,
    "Gamma_n": 2.0201816111226295e-10,
    "K_e": 0.3620503874182153,
    "R0": 0.00906803883586622
  },
  "ab": {
    "sDn": 54.47323072970343,
    "sDp": 1.059494023756335,
    "sDe": 0.9813041586205401,
    "gn": 4.872611595155818e-06,
    "gp": 1.017833738548372,
    "ge": 0.8367018547891161
  },
  "x0": [
    2353.734359355464,
    2353.734359355464,
    2353.734359355464,
    2353.734359355464,
    2353.734359355464,
    2353.734359355464,
    2353.734359355464,
    2353.734359355464,
    2353.734359355464,
    2353.734359355464,
    2353.734359355464,
    2353.734359355464,
    2353.734359355464,
    2353.734359355464,
    2353.734359355464,
    2353.734359355464,
    8345.882763704076,
    8345.882763704076,
    8345.882763704076,
    8345.882763704076,
    8345.882763704076,
    8345.882763704076,
    8345.882763704076,
    8345.882763704076,
    8345.882763704076,
    8345.882763704076,
    8345.882763704076,
    8345.882763704076,
    8345.882763704076,
    8345.882763704076,
    8345.882763704076,
    8345.882763704076,
    0.0,
    0.0,
    0.0,
    0.0,
    0.0,
    0.0,
    0.0,
    0.0,
    0.0,
    0.0,
    0.0,
    0.0,
    0.0,
    0.0,
    0.0,
    0.0,
    0.0,
    0.0,
    0.0,
    0.0,
    0.0,
    0.0,
    0.0,
    0.0
  ]
}