{
  "trial": 45,
  "x0trial": 13,
  "metrics": {
    "pre_max": 0.9183610486622422,
    "post_max": 0.1388707104140643,
    "mse": 0.0012269366758367285
  },
  "theta": {
    "Gamma_p": 0.736926247459481,
    "Gamma_n": 1.1768616114401722,
    "K_e": 85.535032629734,
    "R0": 1.1021982203350196e-05,
    "V0": -4.918386173360468
  },
  "ab": {
    "sDn": 1.0372481869590306,
    "sDp": 0.000203935814596884,
    "sDe": 1.044173136276421,
    "gn": 0.9393844571534213,
    "gp": 2802.4885527743913,
    "ge": 0.9748730726109166
  },
  "x0": [
    2538.8438777612305,
    2538.8438777612305,
    2538.8438777612305,
    2538.8438777612305,
    15371.997027937234,
    15371.997027937234,
    15371.997027937234,
    15371.997027937234,
    0.0,
    0.0,
    0.0,
    0.0,
    0.0,
    0.0
  ]
}