{
  "mode": "locked",
  "trial": 3,
  "x0trial": 0,
  "metrics": {
    "pre_max": 2.1361806726568524,
    "post_max": 0.00016092121862065767,
    "mse": 1.5000799611936722e-09
  },
  "theta": {
    "Gamma_p": 468271295349.5774,
    "Gamma_n": 1.0238265747470049e-09,
    "K_e": 0.02927139620107867,
    "R0": 4.649515304537068e-07
  },
  "ab": {
    "sDn": 1.0382463919428178,
    "sDp": 1.8102636417089297,
    "sDe": 0.5715160700809185,
    "gn": 1.568779287428115,
    "gp": 1.448569075191179,
    "ge": 1.8683719752710874
  },
  "x0": [
    24800.0,
    24800.0,
    24800.0,
    24800.0,
    24800.0,
    24800.0,
    24800.0,
    24800.0,
    24800.0,
    24800.0,
    24800.0,
    24800.0,
    24800.0,
    24800.0,
    24800.0,
    24800.0,
    12400.0,
    12400.0,
    12400.0,
    12400.0,
    12400.0,
    12400.0,
    12400.0,
    12400.0,
    12400.0,
    12400.0,
    12400.0,
    12400.0,
    12400.0,
    12400.0,
    12400.0,
    12400.0,
    0.0,
    0.0,
    0.0,
    0.0,
    0.0,
    0.0,
    0.0,
    0.0,
    0.0,
    0.0,
    0.0,
    0.0,
    0.0,
    0.0,
    0.0,
    0.0,
    0.0,
    0.0,
    0.0,
    0.0,
    0.0,
    0.0,
    0.0,
    0.0
  ]
}