mode,trial,x0trial,ok_run,pre_max,post_max,mse,wall_s,err,Gamma_p,Gamma_n,K_e,R0,sDn,sDp,sDe,gn,gp,ge
locked,3,0,1,2.1361806726568524,0.00016092121862065767,1.5000799611936722e-09,125.1080424785614,,468271295349.5774,1.0238265747470049e-09,0.02927139620107867,4.649515304537068e-07,1.0382463919428178,1.8102636417089297,0.5715160700809185,1.568779287428115,1.448569075191179,1.8683719752710874
