{
  "mode": "locked",
  "trial": 42,
  "x0trial": 0,
  "metrics": {
    "pre_max": 2.1576752630164595,
    "post_max": 0.00016588015654761534,
    "mse": 6.419872746551595e-10
  },
  "theta": {
    "Gamma_p": 1151001682056.8025,
    "Gamma_n": 1.023789465836201e-09,
    "K_e": 0.053298776075844274,
    "R0": 6.395645164254611e-07
  },
  "ab": {
    "sDn": 0.691522071313239,
    "sDp": 1.3601000201915376,
    "sDe": 0.7140055630983078,
    "gn": 1.3874590469708923,
    "gp": 0.7136344496559408,
    "ge": 1.26683046245677
  },
  "x0": [
    24800.0,
    24800.0,
    24800.0,
    24800.0,
    12400.0,
    12400.0,
    12400.0,
    12400.0,
    0.0,
    0.0,
    0.0,
    0.0,
    0.0,
    0.0
  ]
}