{
  "mode": "locked",
  "trial": 44,
  "x0trial": 0,
  "metrics": {
    "pre_max": 2.2161058139310974,
    "post_max": 0.0001088752876281518,
    "mse": 1.1175701990830953e-09
  },
  "theta": {
    "Gamma_p": 829159890340.1133,
    "Gamma_n": 1.0243158097276727e-09,
    "K_e": 0.048801282646061615,
    "R0": 3.8260662677922394e-07
  },
  "ab": {
    "sDn": 1.078077638433064,
    "sDp": 1.9962758776046035,
    "sDe": 0.8844827626603307,
    "gn": 1.6882060164264692,
    "gp": 0.9378142110372728,
    "ge": 1.1182350296197123
  },
  "x0": [
    24800.0,
    24800.0,
    24800.0,
    24800.0,
    24800.0,
    24800.0,
    24800.0,
    24800.0,
    24800.0,
    24800.0,
    24800.0,
    24800.0,
    24800.0,
    24800.0,
    24800.0,
    24800.0,
    12400.0,
    12400.0,
    12400.0,
    12400.0,
    12400.0,
    12400.0,
    12400.0,
    12400.0,
    12400.0,
    12400.0,
    12400.0,
    12400.0,
    12400.0,
    12400.0,
    12400.0,
    12400.0,
    0.0,
    0.0,
    0.0,
    0.0,
    0.0,
    0.0,
    0.0,
    0.0,
    0.0,
    0.0,
    0.0,
    0.0,
    0.0,
    0.0,
    0.0,
    0.0,
    0.0,
    0.0,
    0.0,
    0.0,
    0.0,
    0.0,
    0.0,
    0.0
  ]
}