{
  "mode": "locked",
  "trial_start": 44,
  "trial_end_exclusive": 45,
  "total_configs": 1,
  "runs_completed": 1,
  "best_mse": 1.1175701990830953e-09,
  "best_post_max": 0.0001088752876281518
}