{
  "mode": "locked",
  "trial_start": 21,
  "trial_end_exclusive": 22,
  "total_configs": 1,
  "runs_completed": 1,
  "best_mse": 1.122901143286263e-09,
  "best_post_max": 0.00010322467003831548
}