{
  "mode": "free",
  "trial": 22,
  "x0trial": 5,
  "metrics": {
    "pre_max": 0.23239897671877685,
    "post_max": 0.0005802448282210548,
    "mse": 5.510187215892313e-09
  },
  "theta": {
    "Gamma_p": 0.44778004909897506,
    "Gamma_n": 1.327283628237544e-10,
    "K_e": 0.9283476232759207,
    "R0": 0.013675431413795423
  },
  "ab": {
    "sDn": 1.008516363629024,
    "sDp": 0.9945259246122088,
    "sDe": 1.254497545527645,
    "gn": 0.960971206656952,
    "gp": 0.9976858573396484,
    "ge": 0.8536550426637431
  },
  "x0": [
    8508.88204419707,
    8508.88204419707,
    8508.88204419707,
    8508.88204419707,
    8508.88204419707,
    8508.88204419707,
    8508.88204419707,
    8508.88204419707,
    8508.88204419707,
    8508.88204419707,
    8508.88204419707,
    8508.88204419707,
    8508.88204419707,
    8508.88204419707,
    8508.88204419707,
    8508.88204419707,
    3287.892979682753,
    3287.892979682753,
    3287.892979682753,
    3287.892979682753,
    3287.892979682753,
    3287.892979682753,
    3287.892979682753,
    3287.892979682753,
    3287.892979682753,
    3287.892979682753,
    3287.892979682753,
    3287.892979682753,
    3287.892979682753,
    3287.892979682753,
    3287.892979682753,
    3287.892979682753,
    0.0,
    0.0,
    0.0,
    0.0,
    0.0,
    0.0,
    0.0,
    0.0,
    0.0,
    0.0,
    0.0,
    0.0,
    0.0,
    0.0,
    0.0,
    0.0,
    0.0,
    0.0,
    0.0,
    0.0,
    0.0,
    0.0,
    0.0,
    0.0
  ]
}