{
  "trial": 19,
  "x0trial": 15,
  "metrics": {
    "pre_max": 1.6371128960454127,
    "post_max": 0.1391380570185312,
    "mse": 0.0012627516057839914
  },
  "theta": {
    "Gamma_p": 0.9082738443511161,
    "Gamma_n": 1.0725401998229183,
    "K_e": 61.522114425767604,
    "R0": 3.283921536768091e-05,
    "V0": -4.117785241491072
  },
  "ab": {
    "sDn": 0.9598517729618341,
    "sDp": 0.00010854999641300025,
    "sDe": 0.9626617385655343,
    "gn": 0.697116313554707,
    "gp": 2755.6801671719804,
    "ge": 1.2897640873291636
  },
  "x0": [
    24732.19683511245,
    24732.19683511245,
    24732.19683511245,
    24732.19683511245,
    15472.968401897935,
    15472.968401897935,
    15472.968401897935,
    15472.968401897935,
    0.0,
    0.0,
    0.0,
    0.0,
    0.0,
    0.0
  ]
}