{
  "mode": "free",
  "trial": 35,
  "x0trial": 14,
  "metrics": {
    "pre_max": 0.5080851545868388,
    "post_max": 0.0004584812281756001,
    "mse": 9.813242230253275e-09
  },
  "theta": {
    "Gamma_p": 2.5439146903788297,
    "Gamma_n": 1.656592674232718e-07,
    "K_e": 0.7948581923665415,
    "R0": 0.009323949927752389
  },
  "ab": {
    "sDn": 1.386835745779657,
    "sDp": 1.007311960572334,
    "sDe": 1.234568697841184,
    "gn": 0.0020640365935567537,
    "gp": 0.9955292337375282,
    "ge": 0.8780508862878079
  },
  "x0": [
    11215.091483715909,
    11215.091483715909,
    11215.091483715909,
    11215.091483715909,
    29181.78902549134,
    29181.78902549134,
    29181.78902549134,
    29181.78902549134,
    0.0,
    0.0,
    0.0,
    0.0,
    0.0,
    0.0
  ]
}