{
  "mode": "locked",
  "trial": 28,
  "x0trial": 0,
  "metrics": {
    "pre_max": 2.1354553257841236,
    "post_max": 6.371517426728701e-05,
    "mse": 9.674063194695816e-10
  },
  "theta": {
    "Gamma_p": 869465754037.0217,
    "Gamma_n": 1.0247782316950095e-09,
    "K_e": 0.04639767097075705,
    "R0": 9.732344273977297e-07
  },
  "ab": {
    "sDn": 1.1690566657115202,
    "sDp": 1.28426864867598,
    "sDe": 1.3972002378428767,
    "gn": 1.2665649834442236,
    "gp": 0.9400345780898941,
    "ge": 0.9849466728620646
  },
  "x0": [
    24800.0,
    24800.0,
    24800.0,
    24800.0,
    24800.0,
    24800.0,
    24800.0,
    24800.0,
    24800.0,
    24800.0,
    24800.0,
    24800.0,
    24800.0,
    24800.0,
    24800.0,
    24800.0,
    12400.0,
    12400.0,
    12400.0,
    12400.0,
    12400.0,
    12400.0,
    12400.0,
    12400.0,
    12400.0,
    12400.0,
    12400.0,
    12400.0,
    12400.0,
    12400.0,
    12400.0,
    12400.0,
    0.0,
    0.0,
    0.0,
    0.0,
    0.0,
    0.0,
    0.0,
    0.0,
    0.0,
    0.0,
    0.0,
    0.0,
    0.0,
    0.0,
    0.0,
    0.0,
    0.0,
    0.0,
    0.0,
    0.0,
    0.0,
    0.0,
    0.0,
    0.0
  ]
}