{
  "mode": "locked",
  "trial_start": 28,
  "trial_end_exclusive": 29,
  "total_configs": 1,
  "runs_completed": 1,
  "best_mse": 9.674063194695816e-10,
  "best_post_max": 6.371517426728701e-05
}