{
  "mode": "locked",
  "trial": 4,
  "x0trial": 0,
  "metrics": {
    "pre_max": 2.133060365633053,
    "post_max": 0.0005511076727167108,
    "mse": 7.158640750504259e-09
  },
  "theta": {
    "Gamma_p": 785739690735.6201,
    "Gamma_n": 1.0201378164519818e-09,
    "K_e": 0.06752165745501575,
    "R0": 5.813229164518706e-07
  },
  "ab": {
    "sDn": 0.8659094097170669,
    "sDp": 2.1198457241151702,
    "sDe": 0.42475341113824305,
    "gn": 1.4899373403076055,
    "gp": 0.5515845920745429,
    "ge": 2.198797992604554
  },
  "x0": [
    24800.0,
    24800.0,
    24800.0,
    24800.0,
    24800.0,
    24800.0,
    24800.0,
    24800.0,
    24800.0,
    24800.0,
    24800.0,
    24800.0,
    24800.0,
    24800.0,
    24800.0,
    24800.0,
    12400.0,
    12400.0,
    12400.0,
    12400.0,
    12400.0,
    12400.0,
    12400.0,
    12400.0,
    12400.0,
    12400.0,
    12400.0,
    12400.0,
    12400.0,
    12400.0,
    12400.0,
    12400.0,
    0.0,
    0.0,
    0.0,
    0.0,
    0.0,
    0.0,
    0.0,
    0.0,
    0.0,
    0.0,
    0.0,
    0.0,
    0.0,
    0.0,
    0.0,
    0.0,
    0.0,
    0.0,
    0.0,
    0.0,
    0.0,
    0.0,
    0.0,
    0.0
  ]
}