{
  "mode": "locked",
  "trial": 47,
  "x0trial": 0,
  "metrics": {
    "pre_max": 2.126624377393796,
    "post_max": 0.0002552500387889012,
    "mse": 1.032421835657345e-09
  },
  "theta": {
    "Gamma_p": 921170900784.0171,
    "Gamma_n": 1.0229364872130336e-09,
    "K_e": 0.0647986667002347,
    "R0": 5.441106485964822e-07
  },
  "ab": {
    "sDn": 0.7796710842532675,
    "sDp": 1.2771544359681846,
    "sDe": 0.6480308237439184,
    "gn": 1.4134961383570062,
    "gp": 0.8085178705592193,
    "ge": 1.3630667886741217
  },
  "x0": [
    24800.0,
    24800.0,
    24800.0,
    24800.0,
    12400.0,
    12400.0,
    12400.0,
    12400.0,
    0.0,
    0.0,
    0.0,
    0.0,
    0.0,
    0.0
  ]
}