{
  "mode": "free",
  "trial_start": 17,
  "trial_end_exclusive": 18,
  "total_configs": 16,
  "runs_completed": 6,
  "best_mse": 1.8931119870745453e-09,
  "best_post_max": 0.00010136798682580661
}