{
  "mode": "free",
  "trial": 17,
  "x0trial": 15,
  "metrics": {
    "pre_max": 1.1193440148261082,
    "post_max": 0.00010136798682580661,
    "mse": 1.8931119870745453e-09
  },
  "theta": {
    "Gamma_p": 36512.62216291676,
    "Gamma_n": 2.895070299898364e-05,
    "K_e": 0.35201215101203986,
    "R0": 0.003070822909508117
  },
  "ab": {
    "sDn": 0.3228790838251634,
    "sDp": 1.051012224955433,
    "sDe": 1.262117355178131,
    "gn": 0.02113061092841187,
    "gp": 1.3255374992822517,
    "ge": 0.9533457012125033
  },
  "x0": [
    15860.226571328772,
    15860.226571328772,
    15860.226571328772,
    15860.226571328772,
    15860.226571328772,
    15860.226571328772,
    15860.226571328772,
    15860.226571328772,
    15860.226571328772,
    15860.226571328772,
    15860.226571328772,
    15860.226571328772,
    15860.226571328772,
    15860.226571328772,
    15860.226571328772,
    15860.226571328772,
    13660.041516498379,
    13660.041516498379,
    13660.041516498379,
    13660.041516498379,
    13660.041516498379,
    13660.041516498379,
    13660.041516498379,
    13660.041516498379,
    13660.041516498379,
    13660.041516498379,
    13660.041516498379,
    13660.041516498379,
    13660.041516498379,
    13660.041516498379,
    13660.041516498379,
    13660.041516498379,
    0.0,
    0.0,
    0.0,
    0.0,
    0.0,
    0.0,
    0.0,
    0.0,
    0.0,
    0.0,
    0.0,
    0.0,
    0.0,
    0.0,
    0.0,
    0.0,
    0.0,
    0.0,
    0.0,
    0.0,
    0.0,
    0.0,
    0.0,
    0.0
  ]
}