{
  "mode": "free",
  "trial": 12,
  "x0trial": 6,
  "metrics": {
    "pre_max": 1.696009233920691,
    "post_max": 0.0009520609763029597,
    "mse": 1.1672974161080288e-08
  },
  "theta": {
    "Gamma_p": 11283.809222259975,
    "Gamma_n": 0.009446692668027692,
    "K_e": 0.36963242550900777,
    "R0": 0.005337523928741745
  },
  "ab": {
    "sDn": 1.1317694826565843,
    "sDp": 1.0309782854964256,
    "sDe": 0.9081385583296041,
    "gn": 0.7829183915879975,
    "gp": 2.251982284017152,
    "ge": 1.1213164065258137
  },
  "x0": [
    16486.546780243705,
    16486.546780243705,
    16486.546780243705,
    16486.546780243705,
    18483.579917053565,
    18483.579917053565,
    18483.579917053565,
    18483.579917053565,
    0.0,
    0.0,
    0.0,
    0.0,
    0.0,
    0.0
  ]
}