{
  "mode": "free",
  "trial_start": 12,
  "trial_end_exclusive": 13,
  "total_configs": 16,
  "runs_completed": 12,
  "best_mse": 1.1672974161080288e-08,
  "best_post_max": 0.0009520609763029597
}