{
  "mode": "free",
  "trial": 31,
  "x0trial": 4,
  "metrics": {
    "pre_max": 0.42398808384926845,
    "post_max": 0.0009201791638666634,
    "mse": 1.5780729642591795e-08
  },
  "theta": {
    "Gamma_p": 0.9223806077231498,
    "Gamma_n": 1.0445402686664799e-07,
    "K_e": 0.9746252875299999,
    "R0": 0.01114322084294907
  },
  "ab": {
    "sDn": 3.9613350617665413,
    "sDp": 0.9916501963909395,
    "sDe": 1.1014942343708303,
    "gn": 0.012431785136259772,
    "gp": 1.0194762345564683,
    "ge": 0.9631368465689434
  },
  "x0": [
    9359.875055563673,
    9359.875055563673,
    9359.875055563673,
    9359.875055563673,
    9359.875055563673,
    9359.875055563673,
    9359.875055563673,
    9359.875055563673,
    9359.875055563673,
    9359.875055563673,
    9359.875055563673,
    9359.875055563673,
    9359.875055563673,
    9359.875055563673,
    9359.875055563673,
    9359.875055563673,
    28817.067182429248,
    28817.067182429248,
    28817.067182429248,
    28817.067182429248,
    28817.067182429248,
    28817.067182429248,
    28817.067182429248,
    28817.067182429248,
    28817.067182429248,
    28817.067182429248,
    28817.067182429248,
    28817.067182429248,
    28817.067182429248,
    28817.067182429248,
    28817.067182429248,
    28817.067182429248,
    0.0,
    0.0,
    0.0,
    0.0,
    0.0,
    0.0,
    0.0,
    0.0,
    0.0,
    0.0,
    0.0,
    0.0,
    0.0,
    0.0,
    0.0,
    0.0,
    0.0,
    0.0,
    0.0,
    0.0,
    0.0,
    0.0,
    0.0,
    0.0
  ]
}