{
  "trial": 17,
  "x0trial": 7,
  "metrics": {
    "pre_max": 2.6356998353805987,
    "post_max": 0.13470558164739144,
    "mse": 0.0009846796359759425
  },
  "theta": {
    "Gamma_p": 1.0329562513914732,
    "Gamma_n": 1.0467502237513417,
    "K_e": 39.179349624547704,
    "R0": 0.011611458437396211,
    "V0": -4.129716901392139
  },
  "ab": {
    "sDn": 1.3400261453109605,
    "sDp": 1.006482333434193,
    "sDe": 0.9645468740954439,
    "gn": 0.18298199128578743,
    "gp": 6090.3327684562855,
    "ge": 0.9762509696723944
  },
  "x0": [
    24286.385371649492,
    24286.385371649492,
    24286.385371649492,
    24286.385371649492,
    24286.385371649492,
    24286.385371649492,
    24286.385371649492,
    24286.385371649492,
    24286.385371649492,
    24286.385371649492,
    24286.385371649492,
    24286.385371649492,
    24286.385371649492,
    24286.385371649492,
    24286.385371649492,
    24286.385371649492,
    12742.532920548369,
    12742.532920548369,
    12742.532920548369,
    12742.532920548369,
    12742.532920548369,
    12742.532920548369,
    12742.532920548369,
    12742.532920548369,
    12742.532920548369,
    12742.532920548369,
    12742.532920548369,
    12742.532920548369,
    12742.532920548369,
    12742.532920548369,
    12742.532920548369,
    12742.532920548369,
    0.0,
    0.0,
    0.0,
    0.0,
    0.0,
    0.0,
    0.0,
    0.0,
    0.0,
    0.0,
    0.0,
    0.0,
    0.0,
    0.0,
    0.0,
    0.0,
    0.0,
    0.0,
    0.0,
    0.0,
    0.0,
    0.0,
    0.0,
    0.0
  ]
}