{
  "mode": "locked",
  "trial": 19,
  "x0trial": 0,
  "metrics": {
    "pre_max": 2.110800317474382,
    "post_max": 0.00015452992136033572,
    "mse": 1.5198897585940196e-09
  },
  "theta": {
    "Gamma_p": 518734439129.51184,
    "Gamma_n": 1.0239106213756255e-09,
    "K_e": 0.03342600487261351,
    "R0": 8.760597797491368e-07
  },
  "ab": {
    "sDn": 0.49280359493121034,
    "sDp": 1.765643515597656,
    "sDe": 0.5176415810731497,
    "gn": 0.7869866703454481,
    "gp": 0.7607739815357057,
    "ge": 1.4217021040966213
  },
  "x0": [
    24800.0,
    24800.0,
    24800.0,
    24800.0,
    24800.0,
    24800.0,
    24800.0,
    24800.0,
    24800.0,
    24800.0,
    24800.0,
    24800.0,
    24800.0,
    24800.0,
    24800.0,
    24800.0,
    12400.0,
    12400.0,
    12400.0,
    12400.0,
    12400.0,
    12400.0,
    12400.0,
    12400.0,
    12400.0,
    12400.0,
    12400.0,
    12400.0,
    12400.0,
    12400.0,
    12400.0,
    12400.0,
    0.0,
    0.0,
    0.0,
    0.0,
    0.0,
    0.0,
    0.0,
    0.0,
    0.0,
    0.0,
    0.0,
    0.0,
    0.0,
    0.0,
    0.0,
    0.0,
    0.0,
    0.0,
    0.0,
    0.0,
    0.0,
    0.0,
    0.0,
    0.0
  ]
}