{
  "trial": 12,
  "x0trial": 1,
  "metrics": {
    "pre_max": 0.9761369596696046,
    "post_max": 0.1356431056496996,
    "mse": 0.0009912953153948338
  },
  "theta": {
    "Gamma_p": 0.634325630970191,
    "Gamma_n": 2.1520117209957834,
    "K_e": 44.53163602361006,
    "R0": 0.00010250612520707952,
    "V0": -4.92513030567924
  },
  "ab": {
    "sDn": 2.9020492514195118,
    "sDp": 1.5589697000764962,
    "sDe": 0.8204557960960794,
    "gn": 0.0036320151297508374,
    "gp": 6279.601993952761,
    "ge": 0.5162746081259397
  },
  "x0": [
    8746.943349431629,
    8746.943349431629,
    8746.943349431629,
    8746.943349431629,
    8746.943349431629,
    8746.943349431629,
    8746.943349431629,
    8746.943349431629,
    8746.943349431629,
    8746.943349431629,
    8746.943349431629,
    8746.943349431629,
    8746.943349431629,
    8746.943349431629,
    8746.943349431629,
    8746.943349431629,
    13181.399533663565,
    13181.399533663565,
    13181.399533663565,
    13181.399533663565,
    13181.399533663565,
    13181.399533663565,
    13181.399533663565,
    13181.399533663565,
    13181.399533663565,
    13181.399533663565,
    13181.399533663565,
    13181.399533663565,
    13181.399533663565,
    13181.399533663565,
    13181.399533663565,
    13181.399533663565,
    0.0,
    0.0,
    0.0,
    0.0,
    0.0,
    0.0,
    0.0,
    0.0,
    0.0,
    0.0,
    0.0,
    0.0,
    0.0,
    0.0,
    0.0,
    0.0,
    0.0,
    0.0,
    0.0,
    0.0,
    0.0,
    0.0,
    0.0,
    0.0
  ]
}