{
  "mode": "free",
  "trial": 45,
  "x0trial": 15,
  "metrics": {
    "pre_max": 0.24010285138709442,
    "post_max": 0.001579344234190927,
    "mse": 2.2997875699174103e-08
  },
  "theta": {
    "Gamma_p": 0.7327960581461042,
    "Gamma_n": 1.2990709806463505e-10,
    "K_e": 1.06283979427205,
    "R0": 0.011094314071199016
  },
  "ab": {
    "sDn": 1.0377378614038146,
    "sDp": 1.010433149011715,
    "sDe": 0.9891545938935985,
    "gn": 0.8867139407428776,
    "gp": 0.993880567076528,
    "ge": 1.0135871060961823
  },
  "x0": [
    7333.757778169849,
    7333.757778169849,
    7333.757778169849,
    7333.757778169849,
    7333.757778169849,
    7333.757778169849,
    7333.757778169849,
    7333.757778169849,
    7333.757778169849,
    7333.757778169849,
    7333.757778169849,
    7333.757778169849,
    7333.757778169849,
    7333.757778169849,
    7333.757778169849,
    7333.757778169849,
    7496.412675775655,
    7496.412675775655,
    7496.412675775655,
    7496.412675775655,
    7496.412675775655,
    7496.412675775655,
    7496.412675775655,
    7496.412675775655,
    7496.412675775655,
    7496.412675775655,
    7496.412675775655,
    7496.412675775655,
    7496.412675775655,
    7496.412675775655,
    7496.412675775655,
    7496.412675775655,
    0.0,
    0.0,
    0.0,
    0.0,
    0.0,
    0.0,
    0.0,
    0.0,
    0.0,
    0.0,
    0.0,
    0.0,
    0.0,
    0.0,
    0.0,
    0.0,
    0.0,
    0.0,
    0.0,
    0.0,
    0.0,
    0.0,
    0.0,
    0.0
  ]
}