{
  "trial": 31,
  "x0trial": 1,
  "metrics": {
    "pre_max": 0.5522986270943822,
    "post_max": 0.13735088133280282,
    "mse": 0.001014979428399413
  },
  "theta": {
    "Gamma_p": 0.3364468059030784,
    "Gamma_n": 1.1794384624540108,
    "K_e": 30.851374980145373,
    "R0": 0.0321263221607753,
    "V0": -4.929848115007247
  },
  "ab": {
    "sDn": 1.3570764591309254,
    "sDp": 0.018710103472024054,
    "sDe": 0.9642645474165983,
    "gn": 0.1818563378567566,
    "gp": 1716.444560789689,
    "ge": 0.9579676290337757
  },
  "x0": [
    7409.942058985335,
    7409.942058985335,
    7409.942058985335,
    7409.942058985335,
    7409.942058985335,
    7409.942058985335,
    7409.942058985335,
    7409.942058985335,
    7409.942058985335,
    7409.942058985335,
    7409.942058985335,
    7409.942058985335,
    7409.942058985335,
    7409.942058985335,
    7409.942058985335,
    7409.942058985335,
    13390.518887895247,
    13390.518887895247,
    13390.518887895247,
    13390.518887895247,
    13390.518887895247,
    13390.518887895247,
    13390.518887895247,
    13390.518887895247,
    13390.518887895247,
    13390.518887895247,
    13390.518887895247,
    13390.518887895247,
    13390.518887895247,
    13390.518887895247,
    13390.518887895247,
    13390.518887895247,
    0.0,
    0.0,
    0.0,
    0.0,
    0.0,
    0.0,
    0.0,
    0.0,
    0.0,
    0.0,
    0.0,
    0.0,
    0.0,
    0.0,
    0.0,
    0.0,
    0.0,
    0.0,
    0.0,
    0.0,
    0.0,
    0.0,
    0.0,
    0.0
  ]
}