{
  "mode": "locked",
  "trial_start": 29,
  "trial_end_exclusive": 30,
  "total_configs": 1,
  "runs_completed": 1,
  "best_mse": 7.821877247298394e-10,
  "best_post_max": 0.00020797270770778198
}