{
  "mode": "locked",
  "trial": 29,
  "x0trial": 0,
  "metrics": {
    "pre_max": 2.1238103606789345,
    "post_max": 0.00020797270770778198,
    "mse": 7.821877247298394e-10
  },
  "theta": {
    "Gamma_p": 875067888686.5378,
    "Gamma_n": 1.0233891821898446e-09,
    "K_e": 0.06287604383095576,
    "R0": 6.218726289253161e-07
  },
  "ab": {
    "sDn": 0.717489962536686,
    "sDp": 1.3346839763338227,
    "sDe": 0.7148739387816947,
    "gn": 1.289422990290495,
    "gp": 0.7983754017087239,
    "ge": 1.2978304986029672
  },
  "x0": [
    24800.0,
    24800.0,
    24800.0,
    24800.0,
    12400.0,
    12400.0,
    12400.0,
    12400.0,
    0.0,
    0.0,
    0.0,
    0.0,
    0.0,
    0.0
  ]
}