mode,trial,x0trial,ok_run,pre_max,post_max,mse,wall_s,err,Gamma_p,Gamma_n,K_e,R0,sDn,sDp,sDe,gn,gp,ge
locked,29,0,1,2.1238103606789345,0.00020797270770778198,7.821877247298394e-10,24.446089029312134,,875067888686.5378,1.0233891821898446e-09,0.06287604383095576,6.218726289253161e-07,0.717489962536686,1.3346839763338227,0.7148739387816947,1.289422990290495,0.7983754017087239,1.2978304986029672
