{
  "trial": 12,
  "x0trial": 8,
  "metrics": {
    "pre_max": 1.5273514104267427,
    "post_max": 0.13668644463072743,
    "mse": 0.000983663721111552
  },
  "theta": {
    "Gamma_p": 0.97032607740771,
    "Gamma_n": 1.0607008799357924,
    "K_e": 37.6819964218907,
    "R0": 0.00031067559877342,
    "V0": -4.131349093549897
  },
  "ab": {
    "sDn": 0.9404052892521247,
    "sDp": 1.8251475797643935,
    "sDe": 0.82749373362882,
    "gn": 0.8000279764506916,
    "gp": 7579.16760117372,
    "ge": 1.05684441101743
  },
  "x0": [
    25866.408090155765,
    25866.408090155765,
    25866.408090155765,
    25866.408090155765,
    12935.94725876196,
    12935.94725876196,
    12935.94725876196,
    12935.94725876196,
    0.0,
    0.0,
    0.0,
    0.0,
    0.0,
    0.0
  ]
}