{
  "mode": "locked",
  "trial_start": 13,
  "trial_end_exclusive": 14,
  "total_configs": 1,
  "runs_completed": 1,
  "best_mse": 1.373126137117842e-09,
  "best_post_max": 0.00016125282635037763
}