{
  "mode": "locked",
  "trial_start": 43,
  "trial_end_exclusive": 44,
  "total_configs": 1,
  "runs_completed": 1,
  "best_mse": 9.347492323573233e-10,
  "best_post_max": 0.00024050539503583934
}