{
  "mode": "locked",
  "trial": 43,
  "x0trial": 0,
  "metrics": {
    "pre_max": 2.1249812205216667,
    "post_max": 0.00024050539503583934,
    "mse": 9.347492323573233e-10
  },
  "theta": {
    "Gamma_p": 853224022438.9011,
    "Gamma_n": 1.0230710045506634e-09,
    "K_e": 0.06029901443517733,
    "R0": 4.515373569561951e-07
  },
  "ab": {
    "sDn": 0.6856885334272262,
    "sDp": 1.3616068148416813,
    "sDe": 0.6821621178862309,
    "gn": 1.453578956140717,
    "gp": 0.7297062757980319,
    "ge": 1.4633615435410432
  },
  "x0": [
    24800.0,
    24800.0,
    24800.0,
    24800.0,
    12400.0,
    12400.0,
    12400.0,
    12400.0,
    0.0,
    0.0,
    0.0,
    0.0,
    0.0,
    0.0
  ]
}