{
  "trial": 1,
  "x0trial": 9,
  "metrics": {
    "pre_max": 1.259548580101859,
    "post_max": 0.14125983929696906,
    "mse": 0.0014946003041650122
  },
  "theta": {
    "Gamma_p": 1.0842752066224897,
    "Gamma_n": 1.407776251107272,
    "K_e": 59.82141744756606,
    "R0": 1.4629543754484093e-05,
    "V0": -4.111477623680982
  },
  "ab": {
    "sDn": 0.9285648250522569,
    "sDp": 2131.2048362053683,
    "sDe": 0.7655913145552118,
    "gn": 1.1005017554000134,
    "gp": 5073.025073481789,
    "ge": 1.5616668023539613
  },
  "x0": [
    28610.919028730095,
    28610.919028730095,
    28610.919028730095,
    28610.919028730095,
    28610.919028730095,
    28610.919028730095,
    28610.919028730095,
    28610.919028730095,
    28610.919028730095,
    28610.919028730095,
    28610.919028730095,
    28610.919028730095,
    28610.919028730095,
    28610.919028730095,
    28610.919028730095,
    28610.919028730095,
    15948.313536785814,
    15948.313536785814,
    15948.313536785814,
    15948.313536785814,
    15948.313536785814,
    15948.313536785814,
    15948.313536785814,
    15948.313536785814,
    15948.313536785814,
    15948.313536785814,
    15948.313536785814,
    15948.313536785814,
    15948.313536785814,
    15948.313536785814,
    15948.313536785814,
    15948.313536785814,
    0.0,
    0.0,
    0.0,
    0.0,
    0.0,
    0.0,
    0.0,
    0.0,
    0.0,
    0.0,
    0.0,
    0.0,
    0.0,
    0.0,
    0.0,
    0.0,
    0.0,
    0.0,
    0.0,
    0.0,
    0.0,
    0.0,
    0.0,
    0.0
  ]
}