{
  "trial_start": 1,
  "trial_end_exclusive": 2,
  "total_configs": 16,
  "runs_completed": 7,
  "best_mse": 0.0014946003041650122,
  "best_post_max": 0.14125983929696906
}