{
  "mode": "locked",
  "trial": 16,
  "x0trial": 0,
  "metrics": {
    "pre_max": 2.1195741760379683,
    "post_max": 0.00022902472933239437,
    "mse": 8.252420305081555e-10
  },
  "theta": {
    "Gamma_p": 848355501389.7953,
    "Gamma_n": 1.0231899997282729e-09,
    "K_e": 0.06571281460911661,
    "R0": 6.298155922213061e-07
  },
  "ab": {
    "sDn": 0.7241858764138224,
    "sDp": 1.3329861209975395,
    "sDe": 0.7747636847974039,
    "gn": 1.3806258808126828,
    "gp": 0.7787842904545046,
    "ge": 1.460100641258964
  },
  "x0": [
    24800.0,
    24800.0,
    24800.0,
    24800.0,
    12400.0,
    12400.0,
    12400.0,
    12400.0,
    0.0,
    0.0,
    0.0,
    0.0,
    0.0,
    0.0
  ]
}