mode,trial,x0trial,ok_run,pre_max,post_max,mse,wall_s,err,Gamma_p,Gamma_n,K_e,R0,sDn,sDp,sDe,gn,gp,ge
locked,16,0,1,2.1195741760379683,0.00022902472933239437,8.252420305081555e-10,24.18896484375,,848355501389.7953,1.0231899997282729e-09,0.06571281460911661,6.298155922213061e-07,0.7241858764138224,1.3329861209975395,0.7747636847974039,1.3806258808126828,0.7787842904545046,1.460100641258964
