{
  "trial": 30,
  "x0trial": 6,
  "metrics": {
    "pre_max": 1.7200136463668279,
    "post_max": 0.13747337674564708,
    "mse": 0.001017582761163939
  },
  "theta": {
    "Gamma_p": 0.8747910590381244,
    "Gamma_n": 1.0145204635041456,
    "K_e": 31.158235455801588,
    "R0": 0.006658498850457479,
    "V0": -4.12999040173204
  },
  "ab": {
    "sDn": 1.0015001653827345,
    "sDp": 0.2718110270762892,
    "sDe": 0.9437051306392281,
    "gn": 1.016247301697435,
    "gp": 4589.900005130939,
    "ge": 1.0269470148140332
  },
  "x0": [
    28482.703605535688,
    28482.703605535688,
    28482.703605535688,
    28482.703605535688,
    13669.73589833549,
    13669.73589833549,
    13669.73589833549,
    13669.73589833549,
    0.0,
    0.0,
    0.0,
    0.0,
    0.0,
    0.0
  ]
}