{
  "mode": "free",
  "trial": 46,
  "x0trial": 10,
  "metrics": {
    "pre_max": 0.14444057666961996,
    "post_max": 0.0005771978021620328,
    "mse": 4.4222247794551815e-09
  },
  "theta": {
    "Gamma_p": 2153.881295116608,
    "Gamma_n": 5.917544078856512e-10,
    "K_e": 0.40248702865263986,
    "R0": 0.008751457204850157
  },
  "ab": {
    "sDn": 14.462833874629398,
    "sDp": 1.2292439847775336,
    "sDe": 0.920574992236944,
    "gn": 0.000904874296338333,
    "gp": 0.08962755094023031,
    "ge": 0.8848840928591023
  },
  "x0": [
    12273.857343373735,
    12273.857343373735,
    12273.857343373735,
    12273.857343373735,
    12273.857343373735,
    12273.857343373735,
    12273.857343373735,
    12273.857343373735,
    12273.857343373735,
    12273.857343373735,
    12273.857343373735,
    12273.857343373735,
    12273.857343373735,
    12273.857343373735,
    12273.857343373735,
    12273.857343373735,
    14103.761116435686,
    14103.761116435686,
    14103.761116435686,
    14103.761116435686,
    14103.761116435686,
    14103.761116435686,
    14103.761116435686,
    14103.761116435686,
    14103.761116435686,
    14103.761116435686,
    14103.761116435686,
    14103.761116435686,
    14103.761116435686,
    14103.761116435686,
    14103.761116435686,
    14103.761116435686,
    0.0,
    0.0,
    0.0,
    0.0,
    0.0,
    0.0,
    0.0,
    0.0,
    0.0,
    0.0,
    0.0,
    0.0,
    0.0,
    0.0,
    0.0,
    0.0,
    0.0,
    0.0,
    0.0,
    0.0,
    0.0,
    0.0,
    0.0,
    0.0
  ]
}