{
  "mode": "free",
  "trial": 16,
  "x0trial": 4,
  "metrics": {
    "pre_max": 0.35758838037076046,
    "post_max": 0.0002623319604069252,
    "mse": 1.7470111843166822e-09
  },
  "theta": {
    "Gamma_p": 21.10140450771234,
    "Gamma_n": 3.816338916586899e-08,
    "K_e": 0.5977273672556009,
    "R0": 0.004606614913739475
  },
  "ab": {
    "sDn": 1.7978030062545602,
    "sDp": 1.006539264962059,
    "sDe": 1.4015591721554121,
    "gn": 0.01750330982694034,
    "gp": 0.9829022400198636,
    "ge": 0.8402828518868757
  },
  "x0": [
    14303.164900425723,
    14303.164900425723,
    14303.164900425723,
    14303.164900425723,
    2485.9630353482885,
    2485.9630353482885,
    2485.9630353482885,
    2485.9630353482885,
    0.0,
    0.0,
    0.0,
    0.0,
    0.0,
    0.0
  ]
}