{
  "trial": 21,
  "x0trial": 4,
  "metrics": {
    "pre_max": 0.9183232445566594,
    "post_max": 0.13789010866716556,
    "mse": 0.001021387010602545
  },
  "theta": {
    "Gamma_p": 0.824504624187624,
    "Gamma_n": 1.3628469609360028,
    "K_e": 72.03308157239604,
    "R0": 2.475045489509646e-05,
    "V0": -4.908275350040629
  },
  "ab": {
    "sDn": 0.6520873731039938,
    "sDp": 0.11412886628743785,
    "sDe": 0.9881939120599921,
    "gn": 0.02593817877874794,
    "gp": 3986.5840798239433,
    "ge": 0.9358722006508609
  },
  "x0": [
    11048.207020151742,
    11048.207020151742,
    11048.207020151742,
    11048.207020151742,
    13864.90652264275,
    13864.90652264275,
    13864.90652264275,
    13864.90652264275,
    0.0,
    0.0,
    0.0,
    0.0,
    0.0,
    0.0
  ]
}