{
  "mode": "free",
  "trial": 34,
  "x0trial": 7,
  "metrics": {
    "pre_max": 0.4302733919228814,
    "post_max": 0.0011782497184800178,
    "mse": 1.8398381571933543e-08
  },
  "theta": {
    "Gamma_p": 1.3591589584535217,
    "Gamma_n": 1.219447280623922e-07,
    "K_e": 0.9553110803262198,
    "R0": 0.013008659489455753
  },
  "ab": {
    "sDn": 1.7421512436759456,
    "sDp": 0.9839095938786658,
    "sDe": 1.0526448195982516,
    "gn": 0.10489792024382849,
    "gp": 1.0617357945871606,
    "ge": 0.99075913696006
  },
  "x0": [
    9280.639016131501,
    9280.639016131501,
    9280.639016131501,
    9280.639016131501,
    9280.639016131501,
    9280.639016131501,
    9280.639016131501,
    9280.639016131501,
    9280.639016131501,
    9280.639016131501,
    9280.639016131501,
    9280.639016131501,
    9280.639016131501,
    9280.639016131501,
    9280.639016131501,
    9280.639016131501,
    26982.72690774733,
    26982.72690774733,
    26982.72690774733,
    26982.72690774733,
    26982.72690774733,
    26982.72690774733,
    26982.72690774733,
    26982.72690774733,
    26982.72690774733,
    26982.72690774733,
    26982.72690774733,
    26982.72690774733,
    26982.72690774733,
    26982.72690774733,
    26982.72690774733,
    26982.72690774733,
    0.0,
    0.0,
    0.0,
    0.0,
    0.0,
    0.0,
    0.0,
    0.0,
    0.0,
    0.0,
    0.0,
    0.0,
    0.0,
    0.0,
    0.0,
    0.0,
    0.0,
    0.0,
    0.0,
    0.0,
    0.0,
    0.0,
    0.0,
    0.0
  ]
}