{
  "trial": 24,
  "x0trial": 8,
  "metrics": {
    "pre_max": 0.9296862610307244,
    "post_max": 0.1383164751224628,
    "mse": 0.0010511712864273365
  },
  "theta": {
    "Gamma_p": 0.8539302788509107,
    "Gamma_n": 1.233176079762567,
    "K_e": 70.94453064760391,
    "R0": 3.55034765589296e-05,
    "V0": -4.9262215929814115
  },
  "ab": {
    "sDn": 1.0359297404585615,
    "sDp": 0.00039072204006934924,
    "sDe": 0.9774718362164727,
    "gn": 0.9076353408705148,
    "gp": 3213.394702484703,
    "ge": 0.9912530073566322
  },
  "x0": [
    3841.839986192554,
    3841.839986192554,
    3841.839986192554,
    3841.839986192554,
    14536.401634836157,
    14536.401634836157,
    14536.401634836157,
    14536.401634836157,
    0.0,
    0.0,
    0.0,
    0.0,
    0.0,
    0.0
  ]
}