{
  "trial": 28,
  "x0trial": 0,
  "metrics": {
    "pre_max": 1.778351734074036,
    "post_max": 0.26547895084036055,
    "mse": 0.010620646544235607
  },
  "theta": {
    "Gamma_p": 0.44085651522374075,
    "Gamma_n": 1.0237764011033057,
    "K_e": 39.63482274839157,
    "R0": 0.0013586254810603608,
    "V0": -4.025971548077523
  },
  "ab": {
    "sDn": 1.3282659572473887,
    "sDp": 871.068838017469,
    "sDe": 1.2133937674952862,
    "gn": 0.13989221451313855,
    "gp": 2371.306564269584,
    "ge": 0.994327844588862
  },
  "x0": [
    24374.52407657829,
    24374.52407657829,
    24374.52407657829,
    24374.52407657829,
    24374.52407657829,
    24374.52407657829,
    24374.52407657829,
    24374.52407657829,
    24374.52407657829,
    24374.52407657829,
    24374.52407657829,
    24374.52407657829,
    24374.52407657829,
    24374.52407657829,
    24374.52407657829,
    24374.52407657829,
    24337.105667859065,
    24337.105667859065,
    24337.105667859065,
    24337.105667859065,
    24337.105667859065,
    24337.105667859065,
    24337.105667859065,
    24337.105667859065,
    24337.105667859065,
    24337.105667859065,
    24337.105667859065,
    24337.105667859065,
    24337.105667859065,
    24337.105667859065,
    24337.105667859065,
    24337.105667859065,
    0.0,
    0.0,
    0.0,
    0.0,
    0.0,
    0.0,
    0.0,
    0.0,
    0.0,
    0.0,
    0.0,
    0.0,
    0.0,
    0.0,
    0.0,
    0.0,
    0.0,
    0.0,
    0.0,
    0.0,
    0.0,
    0.0,
    0.0,
    0.0
  ]
}