{
  "trial": 8,
  "x0trial": 7,
  "metrics": {
    "pre_max": 1.120655748566179,
    "post_max": 0.13755111222678806,
    "mse": 0.0009921513077655489
  },
  "theta": {
    "Gamma_p": 0.8889002249151747,
    "Gamma_n": 0.9740178788438567,
    "K_e": 30.914916303281274,
    "R0": 0.00394205838677722,
    "V0": -4.932207981675104
  },
  "ab": {
    "sDn": 1.3690569482661525,
    "sDp": 1.5724045439895988,
    "sDe": 0.9966996121590512,
    "gn": 0.21939181236713143,
    "gp": 7721.23688988074,
    "ge": 0.9895688866893269
  },
  "x0": [
    6615.354852420153,
    6615.354852420153,
    6615.354852420153,
    6615.354852420153,
    12561.253418231017,
    12561.253418231017,
    12561.253418231017,
    12561.253418231017,
    0.0,
    0.0,
    0.0,
    0.0,
    0.0,
    0.0
  ]
}