{
  "mode": "locked",
  "trial_start": 3,
  "trial_end_exclusive": 4,
  "total_configs": 1,
  "runs_completed": 1,
  "best_mse": 7.555271773993276e-10,
  "best_post_max": 0.00019609092175976173
}