{
  "mode": "locked",
  "trial": 3,
  "x0trial": 0,
  "metrics": {
    "pre_max": 2.130951937260047,
    "post_max": 0.00019609092175976173,
    "mse": 7.555271773993276e-10
  },
  "theta": {
    "Gamma_p": 852103915752.1406,
    "Gamma_n": 1.0234974990593148e-09,
    "K_e": 0.051324782660979354,
    "R0": 5.450099149430862e-07
  },
  "ab": {
    "sDn": 0.7747681194956367,
    "sDp": 1.3983663236489934,
    "sDe": 0.6870817468541823,
    "gn": 1.3861426969615875,
    "gp": 0.8223525282981679,
    "ge": 1.4547423380283058
  },
  "x0": [
    24800.0,
    24800.0,
    24800.0,
    24800.0,
    12400.0,
    12400.0,
    12400.0,
    12400.0,
    0.0,
    0.0,
    0.0,
    0.0,
    0.0,
    0.0
  ]
}