{
  "mode": "free",
  "trial": 19,
  "x0trial": 13,
  "metrics": {
    "pre_max": 0.7141834383686323,
    "post_max": 0.0005635380903346032,
    "mse": 7.900726142663317e-09
  },
  "theta": {
    "Gamma_p": 5602.355159890145,
    "Gamma_n": 1.2104011515539908e-06,
    "K_e": 0.35169457635276424,
    "R0": 0.0060437327582756805
  },
  "ab": {
    "sDn": 2.072260578407016,
    "sDp": 1.0810141862502827,
    "sDe": 1.1541792219940195,
    "gn": 0.024960435060466624,
    "gp": 0.9889008098437129,
    "ge": 0.9741232136623702
  },
  "x0": [
    15136.662990882247,
    15136.662990882247,
    15136.662990882247,
    15136.662990882247,
    9860.173818565838,
    9860.173818565838,
    9860.173818565838,
    9860.173818565838,
    0.0,
    0.0,
    0.0,
    0.0,
    0.0,
    0.0
  ]
}