{
  "trial_start": 23,
  "trial_end_exclusive": 24,
  "total_configs": 16,
  "runs_completed": 12,
  "best_mse": 0.0012495064249426102,
  "best_post_max": 0.13961269383441932
}