{
  "trial": 23,
  "x0trial": 11,
  "metrics": {
    "pre_max": 1.4883062162084717,
    "post_max": 0.13961269383441932,
    "mse": 0.0012495064249426102
  },
  "theta": {
    "Gamma_p": 1.1682802775326009,
    "Gamma_n": 1.0941718252946342,
    "K_e": 92.36848853469472,
    "R0": 4.7925604775397025e-06,
    "V0": -4.118710223809456
  },
  "ab": {
    "sDn": 1.2704865670284329,
    "sDp": 2.2740129816089114e-06,
    "sDe": 0.5810361973020692,
    "gn": 1.2700130848479918,
    "gp": 976.0453875062408,
    "ge": 1.1156507660690815
  },
  "x0": [
    25521.91820981165,
    25521.91820981165,
    25521.91820981165,
    25521.91820981165,
    25521.91820981165,
    25521.91820981165,
    25521.91820981165,
    25521.91820981165,
    25521.91820981165,
    25521.91820981165,
    25521.91820981165,
    25521.91820981165,
    25521.91820981165,
    25521.91820981165,
    25521.91820981165,
    25521.91820981165,
    15435.794730919652,
    15435.794730919652,
    15435.794730919652,
    15435.794730919652,
    15435.794730919652,
    15435.794730919652,
    15435.794730919652,
    15435.794730919652,
    15435.794730919652,
    15435.794730919652,
    15435.794730919652,
    15435.794730919652,
    15435.794730919652,
    15435.794730919652,
    15435.794730919652,
    15435.794730919652,
    0.0,
    0.0,
    0.0,
    0.0,
    0.0,
    0.0,
    0.0,
    0.0,
    0.0,
    0.0,
    0.0,
    0.0,
    0.0,
    0.0,
    0.0,
    0.0,
    0.0,
    0.0,
    0.0,
    0.0,
    0.0,
    0.0,
    0.0,
    0.0
  ]
}