{
  "mode": "free",
  "trial": 48,
  "x0trial": 11,
  "metrics": {
    "pre_max": 0.42542683034403517,
    "post_max": 0.00028238629555765726,
    "mse": 9.484702302905632e-09
  },
  "theta": {
    "Gamma_p": 0.8086519266013726,
    "Gamma_n": 9.683401520727579e-08,
    "K_e": 0.8799854019877122,
    "R0": 0.011276630975445893
  },
  "ab": {
    "sDn": 1.4292929604525517,
    "sDp": 0.8658683420530068,
    "sDe": 1.3027151256755631,
    "gn": 0.348602305949864,
    "gp": 1.6443344540736284,
    "ge": 0.8579749723505579
  },
  "x0": [
    8920.043188269503,
    8920.043188269503,
    8920.043188269503,
    8920.043188269503,
    8920.043188269503,
    8920.043188269503,
    8920.043188269503,
    8920.043188269503,
    8920.043188269503,
    8920.043188269503,
    8920.043188269503,
    8920.043188269503,
    8920.043188269503,
    8920.043188269503,
    8920.043188269503,
    8920.043188269503,
    23782.654923068323,
    23782.654923068323,
    23782.654923068323,
    23782.654923068323,
    23782.654923068323,
    23782.654923068323,
    23782.654923068323,
    23782.654923068323,
    23782.654923068323,
    23782.654923068323,
    23782.654923068323,
    23782.654923068323,
    23782.654923068323,
    23782.654923068323,
    23782.654923068323,
    23782.654923068323,
    0.0,
    0.0,
    0.0,
    0.0,
    0.0,
    0.0,
    0.0,
    0.0,
    0.0,
    0.0,
    0.0,
    0.0,
    0.0,
    0.0,
    0.0,
    0.0,
    0.0,
    0.0,
    0.0,
    0.0,
    0.0,
    0.0,
    0.0,
    0.0
  ]
}