{
  "mode": "locked",
  "trial": 49,
  "x0trial": 0,
  "metrics": {
    "pre_max": 2.161939477359658,
    "post_max": 0.00015689748775571388,
    "mse": 1.3889375411564191e-09
  },
  "theta": {
    "Gamma_p": 838915233434.274,
    "Gamma_n": 1.0238581410821506e-09,
    "K_e": 0.05606426070861793,
    "R0": 3.4882365320421603e-07
  },
  "ab": {
    "sDn": 0.6607375646799165,
    "sDp": 1.3787788245472208,
    "sDe": 0.6723890614032979,
    "gn": 2.453497371497378,
    "gp": 1.070732450263407,
    "ge": 1.1077853498811965
  },
  "x0": [
    24800.0,
    24800.0,
    24800.0,
    24800.0,
    24800.0,
    24800.0,
    24800.0,
    24800.0,
    24800.0,
    24800.0,
    24800.0,
    24800.0,
    24800.0,
    24800.0,
    24800.0,
    24800.0,
    12400.0,
    12400.0,
    12400.0,
    12400.0,
    12400.0,
    12400.0,
    12400.0,
    12400.0,
    12400.0,
    12400.0,
    12400.0,
    12400.0,
    12400.0,
    12400.0,
    12400.0,
    12400.0,
    0.0,
    0.0,
    0.0,
    0.0,
    0.0,
    0.0,
    0.0,
    0.0,
    0.0,
    0.0,
    0.0,
    0.0,
    0.0,
    0.0,
    0.0,
    0.0,
    0.0,
    0.0,
    0.0,
    0.0,
    0.0,
    0.0,
    0.0,
    0.0
  ]
}