{
  "mode": "locked",
  "trial_start": 35,
  "trial_end_exclusive": 36,
  "total_configs": 1,
  "runs_completed": 1,
  "best_mse": 7.098926982328123e-10,
  "best_post_max": 0.0001946136859238834
}