mode,trial,x0trial,ok_run,pre_max,post_max,mse,wall_s,err,Gamma_p,Gamma_n,K_e,R0,sDn,sDp,sDe,gn,gp,ge
locked,35,0,1,2.130432296617494,0.0001946136859238834,7.098926982328123e-10,24.636768102645874,,845276606286.0913,1.023516570366717e-09,0.06233505917381843,6.339201070420223e-07,0.7396501703934326,1.2110792687642893,0.7645590570466705,1.3561311586138864,0.7835496510740946,1.3229165284681013
