{
  "mode": "locked",
  "trial": 35,
  "x0trial": 0,
  "metrics": {
    "pre_max": 2.130432296617494,
    "post_max": 0.0001946136859238834,
    "mse": 7.098926982328123e-10
  },
  "theta": {
    "Gamma_p": 845276606286.0913,
    "Gamma_n": 1.023516570366717e-09,
    "K_e": 0.06233505917381843,
    "R0": 6.339201070420223e-07
  },
  "ab": {
    "sDn": 0.7396501703934326,
    "sDp": 1.2110792687642893,
    "sDe": 0.7645590570466705,
    "gn": 1.3561311586138864,
    "gp": 0.7835496510740946,
    "ge": 1.3229165284681013
  },
  "x0": [
    24800.0,
    24800.0,
    24800.0,
    24800.0,
    12400.0,
    12400.0,
    12400.0,
    12400.0,
    0.0,
    0.0,
    0.0,
    0.0,
    0.0,
    0.0
  ]
}