{
  "trial": 15,
  "x0trial": 1,
  "metrics": {
    "pre_max": 1.4256620044490331,
    "post_max": 0.13509563959357118,
    "mse": 0.0009795267838572728
  },
  "theta": {
    "Gamma_p": 0.6371724120421969,
    "Gamma_n": 0.7547063293516252,
    "K_e": 30.723133968753046,
    "R0": 0.00038747797180305784,
    "V0": -4.130159767753587
  },
  "ab": {
    "sDn": 0.8738434784894838,
    "sDp": 0.7558187604247848,
    "sDe": 1.2991029974187878,
    "gn": 0.908420988317856,
    "gp": 5860.464583503335,
    "ge": 1.1735578318168038
  },
  "x0": [
    26358.23097438293,
    26358.23097438293,
    26358.23097438293,
    26358.23097438293,
    26358.23097438293,
    26358.23097438293,
    26358.23097438293,
    26358.23097438293,
    26358.23097438293,
    26358.23097438293,
    26358.23097438293,
    26358.23097438293,
    26358.23097438293,
    26358.23097438293,
    26358.23097438293,
    26358.23097438293,
    12424.261685462587,
    12424.261685462587,
    12424.261685462587,
    12424.261685462587,
    12424.261685462587,
    12424.261685462587,
    12424.261685462587,
    12424.261685462587,
    12424.261685462587,
    12424.261685462587,
    12424.261685462587,
    12424.261685462587,
    12424.261685462587,
    12424.261685462587,
    12424.261685462587,
    12424.261685462587,
    0.0,
    0.0,
    0.0,
    0.0,
    0.0,
    0.0,
    0.0,
    0.0,
    0.0,
    0.0,
    0.0,
    0.0,
    0.0,
    0.0,
    0.0,
    0.0,
    0.0,
    0.0,
    0.0,
    0.0,
    0.0,
    0.0,
    0.0,
    0.0
  ]
}