{
  "mode": "free",
  "trial_start": 49,
  "trial_end_exclusive": 50,
  "total_configs": 16,
  "runs_completed": 11,
  "best_mse": 6.783243250212068e-09,
  "best_post_max": 0.0009467051721703257
}