{
  "mode": "free",
  "trial": 49,
  "x0trial": 11,
  "metrics": {
    "pre_max": 0.17454529668886032,
    "post_max": 0.0009467051721703257,
    "mse": 6.783243250212068e-09
  },
  "theta": {
    "Gamma_p": 136.33462153894092,
    "Gamma_n": 3.0136803259975094e-10,
    "K_e": 0.5552321922630443,
    "R0": 0.008188523028030612
  },
  "ab": {
    "sDn": 3.4495422229674553,
    "sDp": 1.0061953958597243,
    "sDe": 1.0376047110245803,
    "gn": 1.7921446064604155e-06,
    "gp": 1.0524714176451264,
    "ge": 0.965923683366693
  },
  "x0": [
    11789.739104701894,
    11789.739104701894,
    11789.739104701894,
    11789.739104701894,
    4039.0351482377614,
    4039.0351482377614,
    4039.0351482377614,
    4039.0351482377614,
    0.0,
    0.0,
    0.0,
    0.0,
    0.0,
    0.0
  ]
}