{
  "mode": "locked",
  "trial": 41,
  "x0trial": 0,
  "metrics": {
    "pre_max": 2.1135023944284317,
    "post_max": 8.960840583327467e-05,
    "mse": 1.0250316099212113e-09
  },
  "theta": {
    "Gamma_p": 933016331678.7426,
    "Gamma_n": 1.0244987559549917e-09,
    "K_e": 0.05700110908673899,
    "R0": 3.833191940619009e-07
  },
  "ab": {
    "sDn": 0.9187270438614474,
    "sDp": 1.332281835046731,
    "sDe": 1.1843253118599988,
    "gn": 1.8182810868305226,
    "gp": 1.3196955775606978,
    "ge": 1.0226776407948042
  },
  "x0": [
    24800.0,
    24800.0,
    24800.0,
    24800.0,
    24800.0,
    24800.0,
    24800.0,
    24800.0,
    24800.0,
    24800.0,
    24800.0,
    24800.0,
    24800.0,
    24800.0,
    24800.0,
    24800.0,
    12400.0,
    12400.0,
    12400.0,
    12400.0,
    12400.0,
    12400.0,
    12400.0,
    12400.0,
    12400.0,
    12400.0,
    12400.0,
    12400.0,
    12400.0,
    12400.0,
    12400.0,
    12400.0,
    0.0,
    0.0,
    0.0,
    0.0,
    0.0,
    0.0,
    0.0,
    0.0,
    0.0,
    0.0,
    0.0,
    0.0,
    0.0,
    0.0,
    0.0,
    0.0,
    0.0,
    0.0,
    0.0,
    0.0,
    0.0,
    0.0,
    0.0,
    0.0
  ]
}