{
  "mode": "free",
  "trial": 14,
  "x0trial": 8,
  "metrics": {
    "pre_max": 0.010351935167532744,
    "post_max": 0.0003601379343276534,
    "mse": 2.500413899417482e-09
  },
  "theta": {
    "Gamma_p": 29022.024515606136,
    "Gamma_n": 2.438639065346999e-09,
    "K_e": 0.2963445955586371,
    "R0": 0.0039007277616913034
  },
  "ab": {
    "sDn": 2.835426853023953,
    "sDp": 1.720428902264919,
    "sDe": 1.2292106599819101,
    "gn": 0.884780179457798,
    "gp": 6.527195559960159,
    "ge": 1.135030777062131
  },
  "x0": [
    13253.237668452075,
    13253.237668452075,
    13253.237668452075,
    13253.237668452075,
    13253.237668452075,
    13253.237668452075,
    13253.237668452075,
    13253.237668452075,
    13253.237668452075,
    13253.237668452075,
    13253.237668452075,
    13253.237668452075,
    13253.237668452075,
    13253.237668452075,
    13253.237668452075,
    13253.237668452075,
    14739.73827611299,
    14739.73827611299,
    14739.73827611299,
    14739.73827611299,
    14739.73827611299,
    14739.73827611299,
    14739.73827611299,
    14739.73827611299,
    14739.73827611299,
    14739.73827611299,
    14739.73827611299,
    14739.73827611299,
    14739.73827611299,
    14739.73827611299,
    14739.73827611299,
    14739.73827611299,
    0.0,
    0.0,
    0.0,
    0.0,
    0.0,
    0.0,
    0.0,
    0.0,
    0.0,
    0.0,
    0.0,
    0.0,
    0.0,
    0.0,
    0.0,
    0.0,
    0.0,
    0.0,
    0.0,
    0.0,
    0.0,
    0.0,
    0.0,
    0.0
  ]
}