{
  "trial": 46,
  "x0trial": 3,
  "metrics": {
    "pre_max": 1.0056422152148539,
    "post_max": 0.13783244676298168,
    "mse": 0.0009975411908392823
  },
  "theta": {
    "Gamma_p": 0.8845131722477152,
    "Gamma_n": 1.155844344184981,
    "K_e": 31.76946145684376,
    "R0": 0.0013495585779504545,
    "V0": -4.933197735132699
  },
  "ab": {
    "sDn": 1.0335582019238514,
    "sDp": 1.5184755292542527,
    "sDe": 1.0483225813966144,
    "gn": 0.7757288426319771,
    "gp": 7791.768825895307,
    "ge": 0.9938926517566719
  },
  "x0": [
    4481.150606781764,
    4481.150606781764,
    4481.150606781764,
    4481.150606781764,
    12433.641041300956,
    12433.641041300956,
    12433.641041300956,
    12433.641041300956,
    0.0,
    0.0,
    0.0,
    0.0,
    0.0,
    0.0
  ]
}