{
  "trial_start": 46,
  "trial_end_exclusive": 47,
  "total_configs": 16,
  "runs_completed": 11,
  "best_mse": 0.0009975411908392823,
  "best_post_max": 0.13783244676298168
}