{
  "trial": 21,
  "x0trial": 13,
  "metrics": {
    "pre_max": 1.0705696718501985,
    "post_max": 0.20380090884959223,
    "mse": 0.007139393787139996
  },
  "theta": {
    "Gamma_p": 0.13927048767307132,
    "Gamma_n": 1.5570988072122627,
    "K_e": 67.26301621265061,
    "R0": 0.0016178740940256662,
    "V0": -4.8412576558171985
  },
  "ab": {
    "sDn": 1.4988267198395495,
    "sDp": 1.7415406991292723e-05,
    "sDe": 0.8151992436788466,
    "gn": 0.3466634860725129,
    "gp": 415.9388045303751,
    "ge": 0.8493919393166005
  },
  "x0": [
    6286.087220383195,
    6286.087220383195,
    6286.087220383195,
    6286.087220383195,
    6286.087220383195,
    6286.087220383195,
    6286.087220383195,
    6286.087220383195,
    6286.087220383195,
    6286.087220383195,
    6286.087220383195,
    6286.087220383195,
    6286.087220383195,
    6286.087220383195,
    6286.087220383195,
    6286.087220383195,
    19447.517179335642,
    19447.517179335642,
    19447.517179335642,
    19447.517179335642,
    19447.517179335642,
    19447.517179335642,
    19447.517179335642,
    19447.517179335642,
    19447.517179335642,
    19447.517179335642,
    19447.517179335642,
    19447.517179335642,
    19447.517179335642,
    19447.517179335642,
    19447.517179335642,
    19447.517179335642,
    0.0,
    0.0,
    0.0,
    0.0,
    0.0,
    0.0,
    0.0,
    0.0,
    0.0,
    0.0,
    0.0,
    0.0,
    0.0,
    0.0,
    0.0,
    0.0,
    0.0,
    0.0,
    0.0,
    0.0,
    0.0,
    0.0,
    0.0,
    0.0
  ]
}