{
  "trial_start": 21,
  "trial_end_exclusive": 22,
  "total_configs": 16,
  "runs_completed": 11,
  "best_mse": 0.007139393787139996,
  "best_post_max": 0.20380090884959223
}