{
  "mode": "free",
  "trial": 42,
  "x0trial": 0,
  "metrics": {
    "pre_max": 1.0936221115167637,
    "post_max": 0.000636565723338478,
    "mse": 4.028148504413681e-09
  },
  "theta": {
    "Gamma_p": 136723.33554408158,
    "Gamma_n": 2.7160259846129345e-05,
    "K_e": 0.26861061276303827,
    "R0": 0.002163783448129792
  },
  "ab": {
    "sDn": 1.068921841556647,
    "sDp": 1.1705979409596434,
    "sDe": 0.9441577731486515,
    "gn": 0.007537510118293282,
    "gp": 0.9148415473786677,
    "ge": 1.111723725945644
  },
  "x0": [
    14312.747472617284,
    14312.747472617284,
    14312.747472617284,
    14312.747472617284,
    26535.976652794034,
    26535.976652794034,
    26535.976652794034,
    26535.976652794034,
    0.0,
    0.0,
    0.0,
    0.0,
    0.0,
    0.0
  ]
}