{
  "mode": "free",
  "trial_start": 42,
  "trial_end_exclusive": 43,
  "total_configs": 16,
  "runs_completed": 10,
  "best_mse": 4.028148504413681e-09,
  "best_post_max": 0.000636565723338478
}