{
  "mode": "free",
  "trial": 32,
  "x0trial": 14,
  "metrics": {
    "pre_max": 0.883325140038064,
    "post_max": 0.00014033118944922762,
    "mse": 5.814315372223538e-10
  },
  "theta": {
    "Gamma_p": 135296.26618285754,
    "Gamma_n": 1.856872186816607e-06,
    "K_e": 0.09831795680600318,
    "R0": 0.003061674255875888
  },
  "ab": {
    "sDn": 0.006587945243420969,
    "sDp": 0.9233479468247707,
    "sDe": 10.637085583537324,
    "gn": 4.018298345654644e-05,
    "gp": 0.8020616948374011,
    "ge": 0.38244195230583156
  },
  "x0": [
    15270.854059666137,
    15270.854059666137,
    15270.854059666137,
    15270.854059666137,
    15270.854059666137,
    15270.854059666137,
    15270.854059666137,
    15270.854059666137,
    15270.854059666137,
    15270.854059666137,
    15270.854059666137,
    15270.854059666137,
    15270.854059666137,
    15270.854059666137,
    15270.854059666137,
    15270.854059666137,
    10085.384319325398,
    10085.384319325398,
    10085.384319325398,
    10085.384319325398,
    10085.384319325398,
    10085.384319325398,
    10085.384319325398,
    10085.384319325398,
    10085.384319325398,
    10085.384319325398,
    10085.384319325398,
    10085.384319325398,
    10085.384319325398,
    10085.384319325398,
    10085.384319325398,
    10085.384319325398,
    0.0,
    0.0,
    0.0,
    0.0,
    0.0,
    0.0,
    0.0,
    0.0,
    0.0,
    0.0,
    0.0,
    0.0,
    0.0,
    0.0,
    0.0,
    0.0,
    0.0,
    0.0,
    0.0,
    0.0,
    0.0,
    0.0,
    0.0,
    0.0
  ]
}