{
  "trial": 6,
  "x0trial": 9,
  "metrics": {
    "pre_max": 0.8021005531002601,
    "post_max": 0.13614770011443245,
    "mse": 0.000984884532397264
  },
  "theta": {
    "Gamma_p": 0.8428422190552801,
    "Gamma_n": 1.3660261651268477,
    "K_e": 45.42922812729583,
    "R0": 0.0004539664889339343,
    "V0": -4.9163819000726985
  },
  "ab": {
    "sDn": 19.984761223142574,
    "sDp": 2.16961484368613,
    "sDe": 1.020506824065154,
    "gn": 9.372617635739635e-08,
    "gp": 7546.216991813217,
    "ge": 0.9102483646442373
  },
  "x0": [
    10454.271116859802,
    10454.271116859802,
    10454.271116859802,
    10454.271116859802,
    13213.711228160533,
    13213.711228160533,
    13213.711228160533,
    13213.711228160533,
    0.0,
    0.0,
    0.0,
    0.0,
    0.0,
    0.0
  ]
}