mode,trial,x0trial,ok_run,pre_max,post_max,mse,wall_s,err,Gamma_p,Gamma_n,K_e,R0,sDn,sDp,sDe,gn,gp,ge
locked,40,0,1,2.156591628164467,0.0004069797656462981,2.4790534872675582e-09,255.45897269248962,,1059574784682.3557,1.0214901577238742e-09,0.14545384492981378,3.8569557326265137e-07,0.4894542720428257,2.1002581713123787,1.126601348750137,1.191859940675644,0.7597613281851842,1.9446744656007433
