{
  "mode": "locked",
  "trial": 40,
  "x0trial": 0,
  "metrics": {
    "pre_max": 2.156591628164467,
    "post_max": 0.0004069797656462981,
    "mse": 2.4790534872675582e-09
  },
  "theta": {
    "Gamma_p": 1059574784682.3557,
    "Gamma_n": 1.0214901577238742e-09,
    "K_e": 0.14545384492981378,
    "R0": 3.8569557326265137e-07
  },
  "ab": {
    "sDn": 0.4894542720428257,
    "sDp": 2.1002581713123787,
    "sDe": 1.126601348750137,
    "gn": 1.191859940675644,
    "gp": 0.7597613281851842,
    "ge": 1.9446744656007433
  },
  "x0": [
    24800.0,
    24800.0,
    24800.0,
    24800.0,
    24800.0,
    24800.0,
    24800.0,
    24800.0,
    24800.0,
    24800.0,
    24800.0,
    24800.0,
    24800.0,
    24800.0,
    24800.0,
    24800.0,
    12400.0,
    12400.0,
    12400.0,
    12400.0,
    12400.0,
    12400.0,
    12400.0,
    12400.0,
    12400.0,
    12400.0,
    12400.0,
    12400.0,
    12400.0,
    12400.0,
    12400.0,
    12400.0,
    0.0,
    0.0,
    0.0,
    0.0,
    0.0,
    0.0,
    0.0,
    0.0,
    0.0,
    0.0,
    0.0,
    0.0,
    0.0,
    0.0,
    0.0,
    0.0,
    0.0,
    0.0,
    0.0,
    0.0,
    0.0,
    0.0,
    0.0,
    0.0
  ]
}