{
  "mode": "locked",
  "trial": 10,
  "x0trial": 0,
  "metrics": {
    "pre_max": 2.1006473243206134,
    "post_max": 0.0002387265833547758,
    "mse": 1.9333158841888885e-09
  },
  "theta": {
    "Gamma_p": 333831762937.5747,
    "Gamma_n": 1.0230808929459876e-09,
    "K_e": 0.05326834354126858,
    "R0": 3.288983590849787e-07
  },
  "ab": {
    "sDn": 1.1866425944588586,
    "sDp": 1.8694799268832287,
    "sDe": 0.6293777421817023,
    "gn": 1.49957125445478,
    "gp": 0.42361340969408273,
    "ge": 1.718251774678305
  },
  "x0": [
    24800.0,
    24800.0,
    24800.0,
    24800.0,
    24800.0,
    24800.0,
    24800.0,
    24800.0,
    24800.0,
    24800.0,
    24800.0,
    24800.0,
    24800.0,
    24800.0,
    24800.0,
    24800.0,
    12400.0,
    12400.0,
    12400.0,
    12400.0,
    12400.0,
    12400.0,
    12400.0,
    12400.0,
    12400.0,
    12400.0,
    12400.0,
    12400.0,
    12400.0,
    12400.0,
    12400.0,
    12400.0,
    0.0,
    0.0,
    0.0,
    0.0,
    0.0,
    0.0,
    0.0,
    0.0,
    0.0,
    0.0,
    0.0,
    0.0,
    0.0,
    0.0,
    0.0,
    0.0,
    0.0,
    0.0,
    0.0,
    0.0,
    0.0,
    0.0,
    0.0,
    0.0
  ]
}