{
  "mode": "free",
  "trial": 38,
  "x0trial": 12,
  "metrics": {
    "pre_max": 0.9863342802961341,
    "post_max": 0.0006656571917780241,
    "mse": 2.7378002704891234e-09
  },
  "theta": {
    "Gamma_p": 7.876128180220013,
    "Gamma_n": 1.079556641940072e-05,
    "K_e": 0.7391332437703257,
    "R0": 0.006104480841239898
  },
  "ab": {
    "sDn": 1.6462735898181762,
    "sDp": 1.0039829661059905,
    "sDe": 1.21516975752891,
    "gn": 0.0017703389460320496,
    "gp": 0.9764445765720048,
    "ge": 0.9095729779099838
  },
  "x0": [
    15631.524943119983,
    15631.524943119983,
    15631.524943119983,
    15631.524943119983,
    3661.8013712372504,
    3661.8013712372504,
    3661.8013712372504,
    3661.8013712372504,
    0.0,
    0.0,
    0.0,
    0.0,
    0.0,
    0.0
  ]
}