{
  "mode": "locked",
  "trial_start": 23,
  "trial_end_exclusive": 24,
  "total_configs": 1,
  "runs_completed": 1,
  "best_mse": 2.0341863486302973e-08,
  "best_post_max": 0.00044597165892312773
}