{
  "mode": "locked",
  "trial": 23,
  "x0trial": 0,
  "metrics": {
    "pre_max": 2.1057797179110196,
    "post_max": 0.00044597165892312773,
    "mse": 2.0341863486302973e-08
  },
  "theta": {
    "Gamma_p": 1630107.9114139718,
    "Gamma_n": 1.0534222424346175e-09,
    "K_e": 0.19019272170323498,
    "R0": 0.0005604972385181309
  },
  "ab": {
    "sDn": 1.0707386399747092,
    "sDp": 0.9821376017127073,
    "sDe": 1.0318982109707215,
    "gn": 0.9962556131755365,
    "gp": 0.9985825769615223,
    "ge": 1.0249215463433377
  },
  "x0": [
    24800.0,
    24800.0,
    24800.0,
    24800.0,
    24800.0,
    24800.0,
    24800.0,
    24800.0,
    24800.0,
    24800.0,
    24800.0,
    24800.0,
    24800.0,
    24800.0,
    24800.0,
    24800.0,
    12400.0,
    12400.0,
    12400.0,
    12400.0,
    12400.0,
    12400.0,
    12400.0,
    12400.0,
    12400.0,
    12400.0,
    12400.0,
    12400.0,
    12400.0,
    12400.0,
    12400.0,
    12400.0,
    0.0,
    0.0,
    0.0,
    0.0,
    0.0,
    0.0,
    0.0,
    0.0,
    0.0,
    0.0,
    0.0,
    0.0,
    0.0,
    0.0,
    0.0,
    0.0,
    0.0,
    0.0,
    0.0,
    0.0,
    0.0,
    0.0,
    0.0,
    0.0
  ]
}