{
  "mode": "locked",
  "trial": 27,
  "x0trial": 0,
  "metrics": {
    "pre_max": 2.0917349251832835,
    "post_max": 0.0002221894048926032,
    "mse": 1.8796592878058836e-09
  },
  "theta": {
    "Gamma_p": 910106630689.5659,
    "Gamma_n": 1.0232530640421952e-09,
    "K_e": 0.034992898645472933,
    "R0": 5.990541401492079e-07
  },
  "ab": {
    "sDn": 1.283866461281744,
    "sDp": 2.6257719369600547,
    "sDe": 0.5871889302771037,
    "gn": 0.7989749456190156,
    "gp": 0.39954802431768,
    "ge": 2.2656422012084003
  },
  "x0": [
    24800.0,
    24800.0,
    24800.0,
    24800.0,
    24800.0,
    24800.0,
    24800.0,
    24800.0,
    24800.0,
    24800.0,
    24800.0,
    24800.0,
    24800.0,
    24800.0,
    24800.0,
    24800.0,
    12400.0,
    12400.0,
    12400.0,
    12400.0,
    12400.0,
    12400.0,
    12400.0,
    12400.0,
    12400.0,
    12400.0,
    12400.0,
    12400.0,
    12400.0,
    12400.0,
    12400.0,
    12400.0,
    0.0,
    0.0,
    0.0,
    0.0,
    0.0,
    0.0,
    0.0,
    0.0,
    0.0,
    0.0,
    0.0,
    0.0,
    0.0,
    0.0,
    0.0,
    0.0,
    0.0,
    0.0,
    0.0,
    0.0,
    0.0,
    0.0,
    0.0,
    0.0
  ]
}