{
  "mode": "free",
  "trial_start": 15,
  "trial_end_exclusive": 16,
  "total_configs": 16,
  "runs_completed": 8,
  "best_mse": 7.166277823527741e-09,
  "best_post_max": 0.0001815302911563066
}