{
  "mode": "free",
  "trial": 7,
  "x0trial": 5,
  "metrics": {
    "pre_max": 0.47316302811438327,
    "post_max": 0.00039978298277176805,
    "mse": 1.8842360579451828e-09
  },
  "theta": {
    "Gamma_p": 43237.865726270466,
    "Gamma_n": 1.8319456840424869e-07,
    "K_e": 0.2731506297490551,
    "R0": 0.0035716602234861805
  },
  "ab": {
    "sDn": 1.0808081738812714,
    "sDp": 1.257606608293354,
    "sDe": 0.9824122060016564,
    "gn": 0.039992450213815624,
    "gp": 0.8213058695298557,
    "ge": 0.9857517517508007
  },
  "x0": [
    11888.18365634551,
    11888.18365634551,
    11888.18365634551,
    11888.18365634551,
    11888.18365634551,
    11888.18365634551,
    11888.18365634551,
    11888.18365634551,
    11888.18365634551,
    11888.18365634551,
    11888.18365634551,
    11888.18365634551,
    11888.18365634551,
    11888.18365634551,
    11888.18365634551,
    11888.18365634551,
    23871.675574187688,
    23871.675574187688,
    23871.675574187688,
    23871.675574187688,
    23871.675574187688,
    23871.675574187688,
    23871.675574187688,
    23871.675574187688,
    23871.675574187688,
    23871.675574187688,
    23871.675574187688,
    23871.675574187688,
    23871.675574187688,
    23871.675574187688,
    23871.675574187688,
    23871.675574187688,
    0.0,
    0.0,
    0.0,
    0.0,
    0.0,
    0.0,
    0.0,
    0.0,
    0.0,
    0.0,
    0.0,
    0.0,
    0.0,
    0.0,
    0.0,
    0.0,
    0.0,
    0.0,
    0.0,
    0.0,
    0.0,
    0.0,
    0.0,
    0.0
  ]
}