{
  "mode": "free",
  "trial": 6,
  "x0trial": 9,
  "metrics": {
    "pre_max": 0.4683914660149675,
    "post_max": 0.000611998893424115,
    "mse": 9.19817577407465e-09
  },
  "theta": {
    "Gamma_p": 7.479122435824189,
    "Gamma_n": 7.959262202345104e-08,
    "K_e": 0.7835727575783308,
    "R0": 0.008847097717909955
  },
  "ab": {
    "sDn": 1.1383550933723396,
    "sDp": 3.158499370953516,
    "sDe": 1.1089828113531117,
    "gn": 0.6653252903932554,
    "gp": 0.055572963722695955,
    "ge": 1.0878760414881699
  },
  "x0": [
    7014.761148674159,
    7014.761148674159,
    7014.761148674159,
    7014.761148674159,
    7014.761148674159,
    7014.761148674159,
    7014.761148674159,
    7014.761148674159,
    7014.761148674159,
    7014.761148674159,
    7014.761148674159,
    7014.761148674159,
    7014.761148674159,
    7014.761148674159,
    7014.761148674159,
    7014.761148674159,
    22715.955176703526,
    22715.955176703526,
    22715.955176703526,
    22715.955176703526,
    22715.955176703526,
    22715.955176703526,
    22715.955176703526,
    22715.955176703526,
    22715.955176703526,
    22715.955176703526,
    22715.955176703526,
    22715.955176703526,
    22715.955176703526,
    22715.955176703526,
    22715.955176703526,
    22715.955176703526,
    0.0,
    0.0,
    0.0,
    0.0,
    0.0,
    0.0,
    0.0,
    0.0,
    0.0,
    0.0,
    0.0,
    0.0,
    0.0,
    0.0,
    0.0,
    0.0,
    0.0,
    0.0,
    0.0,
    0.0,
    0.0,
    0.0,
    0.0,
    0.0
  ]
}