{
  "trial": 18,
  "x0trial": 7,
  "metrics": {
    "pre_max": 0.6869499445830902,
    "post_max": 0.1401435409067151,
    "mse": 0.0010226197505304893
  },
  "theta": {
    "Gamma_p": 0.7344556016628099,
    "Gamma_n": 1.221336079818984,
    "K_e": 38.964930233120526,
    "R0": 0.0005440932550657195,
    "V0": -4.936009308319015
  },
  "ab": {
    "sDn": 1.1237270133600068,
    "sDp": 1.4449261097796715,
    "sDe": 1.073800734295339,
    "gn": 0.6875632897453052,
    "gp": 8060.782702412867,
    "ge": 0.8921635527390066
  },
  "x0": [
    5194.609849824416,
    5194.609849824416,
    5194.609849824416,
    5194.609849824416,
    12032.199428967642,
    12032.199428967642,
    12032.199428967642,
    12032.199428967642,
    0.0,
    0.0,
    0.0,
    0.0,
    0.0,
    0.0
  ]
}