{
  "trial_start": 37,
  "trial_end_exclusive": 38,
  "total_configs": 16,
  "runs_completed": 9,
  "best_mse": 0.0009879827383329504,
  "best_post_max": 0.13700117712793425
}