{
  "trial": 37,
  "x0trial": 9,
  "metrics": {
    "pre_max": 0.6498613982628729,
    "post_max": 0.13700117712793425,
    "mse": 0.0009879827383329504
  },
  "theta": {
    "Gamma_p": 0.9954320500183539,
    "Gamma_n": 1.016910275970239,
    "K_e": 34.14110230875788,
    "R0": 0.5732783899330051,
    "V0": -4.938751799088306
  },
  "ab": {
    "sDn": 1.0558760548878223,
    "sDp": 0.36509101892372753,
    "sDe": 1.0260874138459384,
    "gn": 0.7243674048694162,
    "gp": 5100.167411873747,
    "ge": 0.9692614929597857
  },
  "x0": [
    4630.854970300506,
    4630.854970300506,
    4630.854970300506,
    4630.854970300506,
    4630.854970300506,
    4630.854970300506,
    4630.854970300506,
    4630.854970300506,
    4630.854970300506,
    4630.854970300506,
    4630.854970300506,
    4630.854970300506,
    4630.854970300506,
    4630.854970300506,
    4630.854970300506,
    4630.854970300506,
    11708.389078765877,
    11708.389078765877,
    11708.389078765877,
    11708.389078765877,
    11708.389078765877,
    11708.389078765877,
    11708.389078765877,
    11708.389078765877,
    11708.389078765877,
    11708.389078765877,
    11708.389078765877,
    11708.389078765877,
    11708.389078765877,
    11708.389078765877,
    11708.389078765877,
    11708.389078765877,
    0.0,
    0.0,
    0.0,
    0.0,
    0.0,
    0.0,
    0.0,
    0.0,
    0.0,
    0.0,
    0.0,
    0.0,
    0.0,
    0.0,
    0.0,
    0.0,
    0.0,
    0.0,
    0.0,
    0.0,
    0.0,
    0.0,
    0.0,
    0.0
  ]
}