{
  "mode": "locked",
  "trial": 11,
  "x0trial": 0,
  "metrics": {
    "pre_max": 2.125144039091605,
    "post_max": 0.00017597776793287778,
    "mse": 6.809005814187594e-10
  },
  "theta": {
    "Gamma_p": 883266168192.3799,
    "Gamma_n": 1.0236905407700302e-09,
    "K_e": 0.04949876039923316,
    "R0": 5.846092166944356e-07
  },
  "ab": {
    "sDn": 0.6802854067211733,
    "sDp": 1.3101439443571912,
    "sDe": 0.6980468562255305,
    "gn": 1.4973467773956166,
    "gp": 0.8250029903375211,
    "ge": 1.400207408856384
  },
  "x0": [
    24800.0,
    24800.0,
    24800.0,
    24800.0,
    12400.0,
    12400.0,
    12400.0,
    12400.0,
    0.0,
    0.0,
    0.0,
    0.0,
    0.0,
    0.0
  ]
}