mode,trial,x0trial,ok_run,pre_max,post_max,mse,wall_s,err,Gamma_p,Gamma_n,K_e,R0,sDn,sDp,sDe,gn,gp,ge
locked,11,0,1,2.125144039091605,0.00017597776793287778,6.809005814187594e-10,23.10500478744507,,883266168192.3799,1.0236905407700302e-09,0.04949876039923316,5.846092166944356e-07,0.6802854067211733,1.3101439443571912,0.6980468562255305,1.4973467773956166,0.8250029903375211,1.400207408856384
