mode,trial,x0trial,ok_run,pre_max,post_max,mse,wall_s,err,Gamma_p,Gamma_n,K_e,R0,sDn,sDp,sDe,gn,gp,ge
locked,0,0,1,2.134892826319181,0.00029499605606275736,1.1970334789676355e-09,23.59920072555542,,913911875632.7518,1.0225681054110708e-09,0.07000060013636658,6.905586132664335e-07,0.7408725504342669,1.2570174851134417,0.6791140290592503,1.4302309180478892,0.7559976542413271,1.50107836145006
