{
  "mode": "locked",
  "trial": 0,
  "x0trial": 0,
  "metrics": {
    "pre_max": 2.134892826319181,
    "post_max": 0.00029499605606275736,
    "mse": 1.1970334789676355e-09
  },
  "theta": {
    "Gamma_p": 913911875632.7518,
    "Gamma_n": 1.0225681054110708e-09,
    "K_e": 0.07000060013636658,
    "R0": 6.905586132664335e-07
  },
  "ab": {
    "sDn": 0.7408725504342669,
    "sDp": 1.2570174851134417,
    "sDe": 0.6791140290592503,
    "gn": 1.4302309180478892,
    "gp": 0.7559976542413271,
    "ge": 1.50107836145006
  },
  "x0": [
    24800.0,
    24800.0,
    24800.0,
    24800.0,
    12400.0,
    12400.0,
    12400.0,
    12400.0,
    0.0,
    0.0,
    0.0,
    0.0,
    0.0,
    0.0
  ]
}