{
  "mode": "locked",
  "trial": 15,
  "x0trial": 0,
  "metrics": {
    "pre_max": 2.175670386044466,
    "post_max": 0.00021704086992002658,
    "mse": 1.8539115584389028e-09
  },
  "theta": {
    "Gamma_p": 396236964289.7612,
    "Gamma_n": 1.0233243173385682e-09,
    "K_e": 0.0694289463636801,
    "R0": 9.932769652988418e-07
  },
  "ab": {
    "sDn": 0.3835001348183293,
    "sDp": 0.8167834960672382,
    "sDe": 0.5799561375768492,
    "gn": 1.790827078079349,
    "gp": 0.5812081243023055,
    "ge": 1.1005158700801307
  },
  "x0": [
    24800.0,
    24800.0,
    24800.0,
    24800.0,
    24800.0,
    24800.0,
    24800.0,
    24800.0,
    24800.0,
    24800.0,
    24800.0,
    24800.0,
    24800.0,
    24800.0,
    24800.0,
    24800.0,
    12400.0,
    12400.0,
    12400.0,
    12400.0,
    12400.0,
    12400.0,
    12400.0,
    12400.0,
    12400.0,
    12400.0,
    12400.0,
    12400.0,
    12400.0,
    12400.0,
    12400.0,
    12400.0,
    0.0,
    0.0,
    0.0,
    0.0,
    0.0,
    0.0,
    0.0,
    0.0,
    0.0,
    0.0,
    0.0,
    0.0,
    0.0,
    0.0,
    0.0,
    0.0,
    0.0,
    0.0,
    0.0,
    0.0,
    0.0,
    0.0,
    0.0,
    0.0
  ]
}