{
  "mode": "free",
  "trial_start": 29,
  "trial_end_exclusive": 30,
  "total_configs": 16,
  "runs_completed": 10,
  "best_mse": 7.066906483767664e-09,
  "best_post_max": 0.0007868069156469204
}