{
  "mode": "free",
  "trial": 11,
  "x0trial": 6,
  "metrics": {
    "pre_max": 1.814193484065111,
    "post_max": 0.0005944282752672336,
    "mse": 6.80729644153537e-09
  },
  "theta": {
    "Gamma_p": 9665.682942651625,
    "Gamma_n": 0.026016037380733513,
    "K_e": 0.37616777359202275,
    "R0": 0.0038016835281626748
  },
  "ab": {
    "sDn": 0.5480210498684345,
    "sDp": 1.0141419173479893,
    "sDe": 1.1210437037434298,
    "gn": 0.014438970278266653,
    "gp": 0.890655965857611,
    "ge": 1.0266481964304937
  },
  "x0": [
    17962.114401184226,
    17962.114401184226,
    17962.114401184226,
    17962.114401184226,
    3057.723662605853,
    3057.723662605853,
    3057.723662605853,
    3057.723662605853,
    0.0,
    0.0,
    0.0,
    0.0,
    0.0,
    0.0
  ]
}