{
  "mode": "free",
  "trial": 5,
  "x0trial": 3,
  "metrics": {
    "pre_max": 0.41081593451659515,
    "post_max": 0.0004424228959631904,
    "mse": 7.3117775363534015e-09
  },
  "theta": {
    "Gamma_p": 0.6489609083187133,
    "Gamma_n": 1.0118602106010351e-07,
    "K_e": 1.0823591180785892,
    "R0": 0.011859637053036583
  },
  "ab": {
    "sDn": 1.008394547247114,
    "sDp": 0.9944102240941722,
    "sDe": 1.2762762638860616,
    "gn": 1.0110790577695938,
    "gp": 1.012984344632268,
    "ge": 1.0178075625083498
  },
  "x0": [
    6977.131059226084,
    6977.131059226084,
    6977.131059226084,
    6977.131059226084,
    6977.131059226084,
    6977.131059226084,
    6977.131059226084,
    6977.131059226084,
    6977.131059226084,
    6977.131059226084,
    6977.131059226084,
    6977.131059226084,
    6977.131059226084,
    6977.131059226084,
    6977.131059226084,
    6977.131059226084,
    28027.555581142187,
    28027.555581142187,
    28027.555581142187,
    28027.555581142187,
    28027.555581142187,
    28027.555581142187,
    28027.555581142187,
    28027.555581142187,
    28027.555581142187,
    28027.555581142187,
    28027.555581142187,
    28027.555581142187,
    28027.555581142187,
    28027.555581142187,
    28027.555581142187,
    28027.555581142187,
    0.0,
    0.0,
    0.0,
    0.0,
    0.0,
    0.0,
    0.0,
    0.0,
    0.0,
    0.0,
    0.0,
    0.0,
    0.0,
    0.0,
    0.0,
    0.0,
    0.0,
    0.0,
    0.0,
    0.0,
    0.0,
    0.0,
    0.0,
    0.0
  ]
}