{
  "mode": "locked",
  "trial": 35,
  "x0trial": 0,
  "metrics": {
    "pre_max": 2.133583111107349,
    "post_max": 0.00011090519593892623,
    "mse": 1.0703132894319928e-09
  },
  "theta": {
    "Gamma_p": 449810026361.2751,
    "Gamma_n": 1.024331126942807e-09,
    "K_e": 0.07736672157098261,
    "R0": 9.89860381069755e-07
  },
  "ab": {
    "sDn": 0.7540330954110468,
    "sDp": 0.6717556352873175,
    "sDe": 1.195338540391926,
    "gn": 1.3483931676360628,
    "gp": 1.0369669943112936,
    "ge": 0.9695031329203266
  },
  "x0": [
    24800.0,
    24800.0,
    24800.0,
    24800.0,
    24800.0,
    24800.0,
    24800.0,
    24800.0,
    24800.0,
    24800.0,
    24800.0,
    24800.0,
    24800.0,
    24800.0,
    24800.0,
    24800.0,
    12400.0,
    12400.0,
    12400.0,
    12400.0,
    12400.0,
    12400.0,
    12400.0,
    12400.0,
    12400.0,
    12400.0,
    12400.0,
    12400.0,
    12400.0,
    12400.0,
    12400.0,
    12400.0,
    0.0,
    0.0,
    0.0,
    0.0,
    0.0,
    0.0,
    0.0,
    0.0,
    0.0,
    0.0,
    0.0,
    0.0,
    0.0,
    0.0,
    0.0,
    0.0,
    0.0,
    0.0,
    0.0,
    0.0,
    0.0,
    0.0,
    0.0,
    0.0
  ]
}