{
  "trial": 35,
  "x0trial": 5,
  "metrics": {
    "pre_max": 0.745090878671065,
    "post_max": 0.13659029983482274,
    "mse": 0.0009834119246628326
  },
  "theta": {
    "Gamma_p": 0.7065800900656776,
    "Gamma_n": 1.3533529931098054,
    "K_e": 33.753361965038586,
    "R0": 0.0003307156092126331,
    "V0": -4.9304896143211545
  },
  "ab": {
    "sDn": 1.147404309045549,
    "sDp": 1.868132879123339,
    "sDe": 1.1293651092641945,
    "gn": 0.5368005421038169,
    "gp": 7568.639499840403,
    "ge": 0.9429245855545608
  },
  "x0": [
    6010.098876645321,
    6010.098876645321,
    6010.098876645321,
    6010.098876645321,
    12980.598619041706,
    12980.598619041706,
    12980.598619041706,
    12980.598619041706,
    0.0,
    0.0,
    0.0,
    0.0,
    0.0,
    0.0
  ]
}