{
  "mode": "free",
  "trial_start": 26,
  "trial_end_exclusive": 27,
  "total_configs": 16,
  "runs_completed": 10,
  "best_mse": 2.478963286187407e-09,
  "best_post_max": 0.00049153171874039
}