{
  "mode": "free",
  "trial": 26,
  "x0trial": 10,
  "metrics": {
    "pre_max": 0.43830898576977795,
    "post_max": 0.00049153171874039,
    "mse": 2.478963286187407e-09
  },
  "theta": {
    "Gamma_p": 0.11329926129757842,
    "Gamma_n": 7.561482783670376e-08,
    "K_e": 0.8368768467969359,
    "R0": 0.016541855497004505
  },
  "ab": {
    "sDn": 0.9764834633780725,
    "sDp": 0.969099214505294,
    "sDe": 1.6297687190124872,
    "gn": 1.0477034011994466,
    "gp": 1.0325989616543505,
    "ge": 0.6191839100937397
  },
  "x0": [
    7392.709782490526,
    7392.709782490526,
    7392.709782490526,
    7392.709782490526,
    25952.011195661806,
    25952.011195661806,
    25952.011195661806,
    25952.011195661806,
    0.0,
    0.0,
    0.0,
    0.0,
    0.0,
    0.0
  ]
}