{
  "mode": "locked",
  "trial": 6,
  "x0trial": 0,
  "metrics": {
    "pre_max": 2.151211071659656,
    "post_max": 0.00024056217683465775,
    "mse": 9.240287796813874e-10
  },
  "theta": {
    "Gamma_p": 1060753333695.174,
    "Gamma_n": 1.0230833965470727e-09,
    "K_e": 0.06461541999546623,
    "R0": 6.788414807439161e-07
  },
  "ab": {
    "sDn": 0.7821974898631925,
    "sDp": 1.2938169900832852,
    "sDe": 0.6958910840313868,
    "gn": 1.3206885365673595,
    "gp": 0.7749278213103283,
    "ge": 1.393062750035747
  },
  "x0": [
    24800.0,
    24800.0,
    24800.0,
    24800.0,
    12400.0,
    12400.0,
    12400.0,
    12400.0,
    0.0,
    0.0,
    0.0,
    0.0,
    0.0,
    0.0
  ]
}