{
  "mode": "locked",
  "trial_start": 6,
  "trial_end_exclusive": 7,
  "total_configs": 1,
  "runs_completed": 1,
  "best_mse": 9.240287796813874e-10,
  "best_post_max": 0.00024056217683465775
}