{
  "trial": 13,
  "x0trial": 7,
  "metrics": {
    "pre_max": 1.5551072819785037,
    "post_max": 0.42964724902735885,
    "mse": 0.004355514348184093
  },
  "theta": {
    "Gamma_p": 0.991472094141312,
    "Gamma_n": 1.023156679338821,
    "K_e": 34.24893825220585,
    "R0": 16.465568071803364,
    "V0": -4.672767041691427
  },
  "ab": {
    "sDn": 0.9929118166736922,
    "sDp": 1.005613166002047,
    "sDe": 0.0009130264841076708,
    "gn": 0.9717657507606007,
    "gp": 0.9544388746850662,
    "ge": 0.9194210399541299
  },
  "x0": [
    29248.02321886932,
    29248.02321886932,
    29248.02321886932,
    29248.02321886932,
    2390.5571488715386,
    2390.5571488715386,
    2390.5571488715386,
    2390.5571488715386,
    0.0,
    0.0,
    0.0,
    0.0,
    0.0,
    0.0
  ]
}