{
  "mode": "free",
  "trial": 33,
  "x0trial": 15,
  "metrics": {
    "pre_max": 0.47385603559459355,
    "post_max": 0.0007486856818363918,
    "mse": 3.891282571699772e-09
  },
  "theta": {
    "Gamma_p": 8.110576920414758,
    "Gamma_n": 1.3062980987656194e-07,
    "K_e": 0.7383823778533485,
    "R0": 0.007119578155351854
  },
  "ab": {
    "sDn": 1.8425021754464823,
    "sDp": 1.0100604501741823,
    "sDe": 1.210276714846366,
    "gn": 1.4049513281575655e-05,
    "gp": 1.0267655893391192,
    "ge": 0.9332714826183448
  },
  "x0": [
    10877.874122003113,
    10877.874122003113,
    10877.874122003113,
    10877.874122003113,
    27720.20968554347,
    27720.20968554347,
    27720.20968554347,
    27720.20968554347,
    0.0,
    0.0,
    0.0,
    0.0,
    0.0,
    0.0
  ]
}