{
  "mode": "free",
  "trial_start": 33,
  "trial_end_exclusive": 34,
  "total_configs": 16,
  "runs_completed": 8,
  "best_mse": 3.891282571699772e-09,
  "best_post_max": 0.0007486856818363918
}