{
  "mode": "locked",
  "trial": 18,
  "x0trial": 0,
  "metrics": {
    "pre_max": 2.1165168590387307,
    "post_max": 0.0002621843833487958,
    "mse": 1.0337395578561773e-09
  },
  "theta": {
    "Gamma_p": 1027072820725.8706,
    "Gamma_n": 1.0228741000372344e-09,
    "K_e": 0.06599092961714678,
    "R0": 6.029382615467342e-07
  },
  "ab": {
    "sDn": 0.7408042205237028,
    "sDp": 1.385340230182961,
    "sDe": 0.6804179562729944,
    "gn": 1.386579624194397,
    "gp": 0.7459504387552836,
    "ge": 1.4378161858574623
  },
  "x0": [
    24800.0,
    24800.0,
    24800.0,
    24800.0,
    12400.0,
    12400.0,
    12400.0,
    12400.0,
    0.0,
    0.0,
    0.0,
    0.0,
    0.0,
    0.0
  ]
}