{
  "mode": "locked",
  "trial": 34,
  "x0trial": 0,
  "metrics": {
    "pre_max": 2.1091998595045336,
    "post_max": 0.0010470721322075605,
    "mse": 2.2090821780602405e-08
  },
  "theta": {
    "Gamma_p": 339083751580.1348,
    "Gamma_n": 1.015452173650089e-09,
    "K_e": 0.1520048689107618,
    "R0": 4.449183800129532e-07
  },
  "ab": {
    "sDn": 1.1782024628919379,
    "sDp": 0.810303296032521,
    "sDe": 0.40447570789528625,
    "gn": 0.8513694613194928,
    "gp": 0.7668806986386025,
    "ge": 1.7888853297292455
  },
  "x0": [
    24800.0,
    24800.0,
    24800.0,
    24800.0,
    24800.0,
    24800.0,
    24800.0,
    24800.0,
    24800.0,
    24800.0,
    24800.0,
    24800.0,
    24800.0,
    24800.0,
    24800.0,
    24800.0,
    12400.0,
    12400.0,
    12400.0,
    12400.0,
    12400.0,
    12400.0,
    12400.0,
    12400.0,
    12400.0,
    12400.0,
    12400.0,
    12400.0,
    12400.0,
    12400.0,
    12400.0,
    12400.0,
    0.0,
    0.0,
    0.0,
    0.0,
    0.0,
    0.0,
    0.0,
    0.0,
    0.0,
    0.0,
    0.0,
    0.0,
    0.0,
    0.0,
    0.0,
    0.0,
    0.0,
    0.0,
    0.0,
    0.0,
    0.0,
    0.0,
    0.0,
    0.0
  ]
}