{
  "mode": "locked",
  "trial": 13,
  "x0trial": 0,
  "metrics": {
    "pre_max": 2.183183529193478,
    "post_max": 0.00016125282635037763,
    "mse": 1.373126137117842e-09
  },
  "theta": {
    "Gamma_p": 1103135632135.4006,
    "Gamma_n": 1.0238717263599737e-09,
    "K_e": 0.046728970208206114,
    "R0": 1.3133470162850525e-06
  },
  "ab": {
    "sDn": 0.9824297982725322,
    "sDp": 0.928349191439939,
    "sDe": 0.7365202890077642,
    "gn": 1.5096582169177213,
    "gp": 1.0864303929232968,
    "ge": 1.5037115174438482
  },
  "x0": [
    24800.0,
    24800.0,
    24800.0,
    24800.0,
    24800.0,
    24800.0,
    24800.0,
    24800.0,
    24800.0,
    24800.0,
    24800.0,
    24800.0,
    24800.0,
    24800.0,
    24800.0,
    24800.0,
    12400.0,
    12400.0,
    12400.0,
    12400.0,
    12400.0,
    12400.0,
    12400.0,
    12400.0,
    12400.0,
    12400.0,
    12400.0,
    12400.0,
    12400.0,
    12400.0,
    12400.0,
    12400.0,
    0.0,
    0.0,
    0.0,
    0.0,
    0.0,
    0.0,
    0.0,
    0.0,
    0.0,
    0.0,
    0.0,
    0.0,
    0.0,
    0.0,
    0.0,
    0.0,
    0.0,
    0.0,
    0.0,
    0.0,
    0.0,
    0.0,
    0.0,
    0.0
  ]
}