{
  "mode": "free",
  "trial": 15,
  "x0trial": 6,
  "metrics": {
    "pre_max": 1.3006586647735752,
    "post_max": 0.0001815302911563066,
    "mse": 7.166277823527741e-09
  },
  "theta": {
    "Gamma_p": 548288.3954808863,
    "Gamma_n": 0.00022998844308980409,
    "K_e": 0.21395112628740426,
    "R0": 0.0008048215015066645
  },
  "ab": {
    "sDn": 284.30067039236815,
    "sDp": 0.8896439567924422,
    "sDe": 1.592721698558297,
    "gn": 4.415177497971409e-06,
    "gp": 0.7623964563861221,
    "ge": 1.1966755768855708
  },
  "x0": [
    16413.183078215945,
    16413.183078215945,
    16413.183078215945,
    16413.183078215945,
    16413.183078215945,
    16413.183078215945,
    16413.183078215945,
    16413.183078215945,
    16413.183078215945,
    16413.183078215945,
    16413.183078215945,
    16413.183078215945,
    16413.183078215945,
    16413.183078215945,
    16413.183078215945,
    16413.183078215945,
    5846.744761214875,
    5846.744761214875,
    5846.744761214875,
    5846.744761214875,
    5846.744761214875,
    5846.744761214875,
    5846.744761214875,
    5846.744761214875,
    5846.744761214875,
    5846.744761214875,
    5846.744761214875,
    5846.744761214875,
    5846.744761214875,
    5846.744761214875,
    5846.744761214875,
    5846.744761214875,
    0.0,
    0.0,
    0.0,
    0.0,
    0.0,
    0.0,
    0.0,
    0.0,
    0.0,
    0.0,
    0.0,
    0.0,
    0.0,
    0.0,
    0.0,
    0.0,
    0.0,
    0.0,
    0.0,
    0.0,
    0.0,
    0.0,
    0.0,
    0.0
  ]
}