{
  "mode": "free",
  "trial": 30,
  "x0trial": 10,
  "metrics": {
    "pre_max": 0.3114322367686846,
    "post_max": 0.0004127156883964034,
    "mse": 5.497243616778088e-09
  },
  "theta": {
    "Gamma_p": 4245.735015211423,
    "Gamma_n": 1.5966861302840871e-10,
    "K_e": 0.2853663623396634,
    "R0": 0.0127753910250225
  },
  "ab": {
    "sDn": 0.7832928300228988,
    "sDp": 0.8783027378798763,
    "sDe": 0.9689879726890327,
    "gn": 0.9187039241610017,
    "gp": 1.197242592868242,
    "ge": 0.8575899938789614
  },
  "x0": [
    7273.715895498984,
    7273.715895498984,
    7273.715895498984,
    7273.715895498984,
    7273.715895498984,
    7273.715895498984,
    7273.715895498984,
    7273.715895498984,
    7273.715895498984,
    7273.715895498984,
    7273.715895498984,
    7273.715895498984,
    7273.715895498984,
    7273.715895498984,
    7273.715895498984,
    7273.715895498984,
    6589.424678906559,
    6589.424678906559,
    6589.424678906559,
    6589.424678906559,
    6589.424678906559,
    6589.424678906559,
    6589.424678906559,
    6589.424678906559,
    6589.424678906559,
    6589.424678906559,
    6589.424678906559,
    6589.424678906559,
    6589.424678906559,
    6589.424678906559,
    6589.424678906559,
    6589.424678906559,
    0.0,
    0.0,
    0.0,
    0.0,
    0.0,
    0.0,
    0.0,
    0.0,
    0.0,
    0.0,
    0.0,
    0.0,
    0.0,
    0.0,
    0.0,
    0.0,
    0.0,
    0.0,
    0.0,
    0.0,
    0.0,
    0.0,
    0.0,
    0.0
  ]
}