{
  "mode": "locked",
  "trial": 3,
  "x0trial": 0,
  "metrics": {
    "pre_max": 0.1266693558689127,
    "post_max": 7.369281418334594e-05,
    "mse": 7.16527950301721e-10
  },
  "theta": {
    "Gamma_p": 3258.9231677860453,
    "Gamma_n": 1.024345865270962e-09,
    "K_e": 0.05308151111754115,
    "R0": 5.679603218561378e-07
  },
  "ab": {
    "sDn": 0.4674229417585094,
    "sDp": 0.7464243867697569,
    "sDe": 0.7940595588251667,
    "gn": 0.7630395904926821,
    "gp": 4.289069460901012,
    "ge": 0.7159286797518052
  },
  "x0": [
    24800.0,
    24800.0,
    24800.0,
    24800.0,
    24800.0,
    24800.0,
    24800.0,
    24800.0,
    24800.0,
    24800.0,
    24800.0,
    24800.0,
    24800.0,
    24800.0,
    24800.0,
    24800.0,
    12400.0,
    12400.0,
    12400.0,
    12400.0,
    12400.0,
    12400.0,
    12400.0,
    12400.0,
    12400.0,
    12400.0,
    12400.0,
    12400.0,
    12400.0,
    12400.0,
    12400.0,
    12400.0,
    0.0,
    0.0,
    0.0,
    0.0,
    0.0,
    0.0,
    0.0,
    0.0,
    0.0,
    0.0,
    0.0,
    0.0,
    0.0,
    0.0,
    0.0,
    0.0,
    0.0,
    0.0,
    0.0,
    0.0,
    0.0,
    0.0,
    0.0,
    0.0
  ]
}