{
  "mode": "locked",
  "total_configs": 25,
  "runs_completed": 25,
  "best_mse": 7.16527950301721e-10,
  "best_post_max": 7.369281418334594e-05
}