{
  "mode": "free",
  "trial": 27,
  "x0trial": 7,
  "metrics": {
    "pre_max": 2.1240519081160922,
    "post_max": 0.0015216411769198857,
    "mse": 1.442131338496239e-08
  },
  "theta": {
    "Gamma_p": 34935140888.88862,
    "Gamma_n": 0.7750583602237063,
    "K_e": 9.304314959925152,
    "R0": 1.1590206399280257e-06
  },
  "ab": {
    "sDn": 0.8888275658122806,
    "sDp": 1.5444449037789023,
    "sDe": 14.274752148543007,
    "gn": 0.5833729657122114,
    "gp": 1.0559610892018017,
    "ge": 97.80613690306093
  },
  "x0": [
    23761.141351473358,
    23761.141351473358,
    23761.141351473358,
    23761.141351473358,
    23761.141351473358,
    23761.141351473358,
    23761.141351473358,
    23761.141351473358,
    23761.141351473358,
    23761.141351473358,
    23761.141351473358,
    23761.141351473358,
    23761.141351473358,
    23761.141351473358,
    23761.141351473358,
    23761.141351473358,
    11562.029827266337,
    11562.029827266337,
    11562.029827266337,
    11562.029827266337,
    11562.029827266337,
    11562.029827266337,
    11562.029827266337,
    11562.029827266337,
    11562.029827266337,
    11562.029827266337,
    11562.029827266337,
    11562.029827266337,
    11562.029827266337,
    11562.029827266337,
    11562.029827266337,
    11562.029827266337,
    0.0,
    0.0,
    0.0,
    0.0,
    0.0,
    0.0,
    0.0,
    0.0,
    0.0,
    0.0,
    0.0,
    0.0,
    0.0,
    0.0,
    0.0,
    0.0,
    0.0,
    0.0,
    0.0,
    0.0,
    0.0,
    0.0,
    0.0,
    0.0
  ]
}