{
  "mode": "free",
  "trial_start": 27,
  "trial_end_exclusive": 28,
  "total_configs": 16,
  "runs_completed": 7,
  "best_mse": 1.442131338496239e-08,
  "best_post_max": 0.0015216411769198857
}