{
  "trial": 14,
  "x0trial": 4,
  "metrics": {
    "pre_max": 0.9390571386070556,
    "post_max": 0.138262413096796,
    "mse": 0.001048900925216506
  },
  "theta": {
    "Gamma_p": 0.8548856261234885,
    "Gamma_n": 1.110795318264544,
    "K_e": 73.9043320890616,
    "R0": 2.0219336836427315e-05,
    "V0": -4.918198697625434
  },
  "ab": {
    "sDn": 2.6613292990430284,
    "sDp": 0.021887759390042,
    "sDe": 1.0486547939586406,
    "gn": 0.0062034035371326705,
    "gp": 3323.198799537411,
    "ge": 0.9945323765948499
  },
  "x0": [
    9884.095063818606,
    9884.095063818606,
    9884.095063818606,
    9884.095063818606,
    14462.979021035693,
    14462.979021035693,
    14462.979021035693,
    14462.979021035693,
    0.0,
    0.0,
    0.0,
    0.0,
    0.0,
    0.0
  ]
}