{
  "trial": 4,
  "x0trial": 6,
  "metrics": {
    "pre_max": 1.7252769177062541,
    "post_max": 0.13901359931172497,
    "mse": 0.0012529123892277203
  },
  "theta": {
    "Gamma_p": 0.7276249309771132,
    "Gamma_n": 0.9216002125411697,
    "K_e": 45.89289698185844,
    "R0": 1.4655235512237209e-05,
    "V0": -4.917448049468392
  },
  "ab": {
    "sDn": 0.73628859520313,
    "sDp": 906.7918445397655,
    "sDe": 0.5817721794285885,
    "gn": 1.4426365691605048,
    "gp": 5538.958304201485,
    "ge": 1.8837643365151333
  },
  "x0": [
    5271.741577102239,
    5271.741577102239,
    5271.741577102239,
    5271.741577102239,
    5271.741577102239,
    5271.741577102239,
    5271.741577102239,
    5271.741577102239,
    5271.741577102239,
    5271.741577102239,
    5271.741577102239,
    5271.741577102239,
    5271.741577102239,
    5271.741577102239,
    5271.741577102239,
    5271.741577102239,
    15440.506006111946,
    15440.506006111946,
    15440.506006111946,
    15440.506006111946,
    15440.506006111946,
    15440.506006111946,
    15440.506006111946,
    15440.506006111946,
    15440.506006111946,
    15440.506006111946,
    15440.506006111946,
    15440.506006111946,
    15440.506006111946,
    15440.506006111946,
    15440.506006111946,
    15440.506006111946,
    0.0,
    0.0,
    0.0,
    0.0,
    0.0,
    0.0,
    0.0,
    0.0,
    0.0,
    0.0,
    0.0,
    0.0,
    0.0,
    0.0,
    0.0,
    0.0,
    0.0,
    0.0,
    0.0,
    0.0,
    0.0,
    0.0,
    0.0,
    0.0
  ]
}