{
  "mode": "free",
  "trial": 41,
  "x0trial": 15,
  "metrics": {
    "pre_max": 1.3603071809702705,
    "post_max": 0.000225598795939419,
    "mse": 1.3952784533253106e-09
  },
  "theta": {
    "Gamma_p": 37382.09963509234,
    "Gamma_n": 0.00047983784681421044,
    "K_e": 0.2695118490746411,
    "R0": 0.003825505861781387
  },
  "ab": {
    "sDn": 10.134516724973045,
    "sDp": 1.0868735108587182,
    "sDe": 1.2165242834674095,
    "gn": 0.024830274662544886,
    "gp": 0.9005782663193197,
    "ge": 0.9271503409144285
  },
  "x0": [
    16561.458782064514,
    16561.458782064514,
    16561.458782064514,
    16561.458782064514,
    5064.797805648124,
    5064.797805648124,
    5064.797805648124,
    5064.797805648124,
    0.0,
    0.0,
    0.0,
    0.0,
    0.0,
    0.0
  ]
}