{
  "mode": "locked",
  "trial_start": 15,
  "trial_end_exclusive": 16,
  "total_configs": 1,
  "runs_completed": 1,
  "best_mse": 1.8539115584389028e-09,
  "best_post_max": 0.00021704086992002658
}