{
  "mode": "free",
  "trial": 4,
  "x0trial": 3,
  "metrics": {
    "pre_max": 0.4132808274805093,
    "post_max": 0.00021279223982872963,
    "mse": 3.503788578595575e-09
  },
  "theta": {
    "Gamma_p": 8.485901716348666,
    "Gamma_n": 1.1053657221036231e-07,
    "K_e": 0.6933980047924492,
    "R0": 0.009150977230035164
  },
  "ab": {
    "sDn": 8.548607049356647,
    "sDp": 0.906133995095685,
    "sDe": 1.3798912971595463,
    "gn": 0.0011328575107995024,
    "gp": 1.1963723181448505,
    "ge": 0.8582954471601602
  },
  "x0": [
    9799.76594978809,
    9799.76594978809,
    9799.76594978809,
    9799.76594978809,
    9799.76594978809,
    9799.76594978809,
    9799.76594978809,
    9799.76594978809,
    9799.76594978809,
    9799.76594978809,
    9799.76594978809,
    9799.76594978809,
    9799.76594978809,
    9799.76594978809,
    9799.76594978809,
    9799.76594978809,
    25912.187035050716,
    25912.187035050716,
    25912.187035050716,
    25912.187035050716,
    25912.187035050716,
    25912.187035050716,
    25912.187035050716,
    25912.187035050716,
    25912.187035050716,
    25912.187035050716,
    25912.187035050716,
    25912.187035050716,
    25912.187035050716,
    25912.187035050716,
    25912.187035050716,
    25912.187035050716,
    0.0,
    0.0,
    0.0,
    0.0,
    0.0,
    0.0,
    0.0,
    0.0,
    0.0,
    0.0,
    0.0,
    0.0,
    0.0,
    0.0,
    0.0,
    0.0,
    0.0,
    0.0,
    0.0,
    0.0,
    0.0,
    0.0,
    0.0,
    0.0
  ]
}