{
  "mode": "locked",
  "trial": 29,
  "x0trial": 0,
  "metrics": {
    "pre_max": 2.1004731891986204,
    "post_max": 0.00015515248910169532,
    "mse": 1.337193661622032e-09
  },
  "theta": {
    "Gamma_p": 534863544451.2687,
    "Gamma_n": 1.0239060370678844e-09,
    "K_e": 0.08080976899611461,
    "R0": 8.992983503585664e-07
  },
  "ab": {
    "sDn": 0.611392189872309,
    "sDp": 1.312570560990492,
    "sDe": 0.750942500471241,
    "gn": 0.9515333511417461,
    "gp": 1.180648345996208,
    "ge": 0.8499836399264665
  },
  "x0": [
    24800.0,
    24800.0,
    24800.0,
    24800.0,
    24800.0,
    24800.0,
    24800.0,
    24800.0,
    24800.0,
    24800.0,
    24800.0,
    24800.0,
    24800.0,
    24800.0,
    24800.0,
    24800.0,
    12400.0,
    12400.0,
    12400.0,
    12400.0,
    12400.0,
    12400.0,
    12400.0,
    12400.0,
    12400.0,
    12400.0,
    12400.0,
    12400.0,
    12400.0,
    12400.0,
    12400.0,
    12400.0,
    0.0,
    0.0,
    0.0,
    0.0,
    0.0,
    0.0,
    0.0,
    0.0,
    0.0,
    0.0,
    0.0,
    0.0,
    0.0,
    0.0,
    0.0,
    0.0,
    0.0,
    0.0,
    0.0,
    0.0,
    0.0,
    0.0,
    0.0,
    0.0
  ]
}