{
  "mode": "locked",
  "trial": 1,
  "x0trial": 0,
  "metrics": {
    "pre_max": 2.1369713727165713,
    "post_max": 0.0005476599311986519,
    "mse": 5.4500506834307066e-08
  },
  "theta": {
    "Gamma_p": 713543.0012559065,
    "Gamma_n": 1.0964727172622147e-09,
    "K_e": 0.19333650398650898,
    "R0": 0.0012978276042772715
  },
  "ab": {
    "sDn": 0.647302295243386,
    "sDp": 0.9400995857848948,
    "sDe": 0.9365712653114613,
    "gn": 0.8892114171411344,
    "gp": 0.6889186573940692,
    "ge": 0.9422752204086727
  },
  "x0": [
    24800.0,
    24800.0,
    24800.0,
    24800.0,
    24800.0,
    24800.0,
    24800.0,
    24800.0,
    24800.0,
    24800.0,
    24800.0,
    24800.0,
    24800.0,
    24800.0,
    24800.0,
    24800.0,
    12400.0,
    12400.0,
    12400.0,
    12400.0,
    12400.0,
    12400.0,
    12400.0,
    12400.0,
    12400.0,
    12400.0,
    12400.0,
    12400.0,
    12400.0,
    12400.0,
    12400.0,
    12400.0,
    0.0,
    0.0,
    0.0,
    0.0,
    0.0,
    0.0,
    0.0,
    0.0,
    0.0,
    0.0,
    0.0,
    0.0,
    0.0,
    0.0,
    0.0,
    0.0,
    0.0,
    0.0,
    0.0,
    0.0,
    0.0,
    0.0,
    0.0,
    0.0
  ]
}