mode,trial,x0trial,ok_run,pre_max,post_max,mse,wall_s,err,Gamma_p,Gamma_n,K_e,R0,sDn,sDp,sDe,gn,gp,ge
locked,1,0,1,2.1369713727165713,0.0005476599311986519,5.4500506834307066e-08,217.23453903198242,,713543.0012559065,1.0964727172622147e-09,0.19333650398650898,0.0012978276042772715,0.647302295243386,0.9400995857848948,0.9365712653114613,0.8892114171411344,0.6889186573940692,0.9422752204086727
