{
  "mode": "free",
  "trial": 20,
  "x0trial": 4,
  "metrics": {
    "pre_max": 0.4395500758565696,
    "post_max": 0.0014551073065760534,
    "mse": 1.6481551869472747e-08
  },
  "theta": {
    "Gamma_p": 1.355627020094085,
    "Gamma_n": 9.5125093891514e-08,
    "K_e": 0.9434938095206435,
    "R0": 0.009822121129948033
  },
  "ab": {
    "sDn": 0.997491514543873,
    "sDp": 1.0033590693344212,
    "sDe": 1.0691107641261146,
    "gn": 1.0026978784354306,
    "gp": 0.9991818881383159,
    "ge": 0.9734300689221494
  },
  "x0": [
    7999.157758581671,
    7999.157758581671,
    7999.157758581671,
    7999.157758581671,
    28974.553666481544,
    28974.553666481544,
    28974.553666481544,
    28974.553666481544,
    0.0,
    0.0,
    0.0,
    0.0,
    0.0,
    0.0
  ]
}