{
  "trial": 0,
  "x0trial": 0,
  "metrics": {
    "pre_max": 1.179586397329957,
    "post_max": 0.6862805782637817,
    "mse": 0.019850495769193538
  },
  "theta": {
    "Gamma_p": 1.013050486427409,
    "Gamma_n": 1.013758666518107,
    "K_e": 4.070050697435688,
    "R0": 2.896733396462762,
    "V0": -4.818001660539534
  },
  "ab": {
    "sDn": 1.012726859463358,
    "sDp": 0.37016518199733384,
    "sDe": 1.0826953675082673,
    "gn": 0.9195189662578857,
    "gp": 83.83763373061416,
    "ge": 0.9157195071260815
  },
  "x0": [
    1626.4041547471318,
    1626.4041547471318,
    1626.4041547471318,
    1626.4041547471318,
    25471.579316793184,
    25471.579316793184,
    25471.579316793184,
    25471.579316793184,
    0.0,
    0.0,
    0.0,
    0.0,
    0.0,
    0.0
  ]
}