{
  "trial": 40,
  "x0trial": 9,
  "metrics": {
    "pre_max": 1.4134700365676096,
    "post_max": 0.13580562894579273,
    "mse": 0.0009928837970544298
  },
  "theta": {
    "Gamma_p": 0.7414608923404914,
    "Gamma_n": 0.7803647156141787,
    "K_e": 41.26911840389769,
    "R0": 0.00230007492074712,
    "V0": -4.924215292946037
  },
  "ab": {
    "sDn": 8.871732485853258,
    "sDp": 1.620103461954511,
    "sDe": 0.8335662110466371,
    "gn": 2.6577171664238117e-07,
    "gp": 6283.461212019909,
    "ge": 0.8460893614166932
  },
  "x0": [
    9063.555958167313,
    9063.555958167313,
    9063.555958167313,
    9063.555958167313,
    9063.555958167313,
    9063.555958167313,
    9063.555958167313,
    9063.555958167313,
    9063.555958167313,
    9063.555958167313,
    9063.555958167313,
    9063.555958167313,
    9063.555958167313,
    9063.555958167313,
    9063.555958167313,
    9063.555958167313,
    13229.416087526257,
    13229.416087526257,
    13229.416087526257,
    13229.416087526257,
    13229.416087526257,
    13229.416087526257,
    13229.416087526257,
    13229.416087526257,
    13229.416087526257,
    13229.416087526257,
    13229.416087526257,
    13229.416087526257,
    13229.416087526257,
    13229.416087526257,
    13229.416087526257,
    13229.416087526257,
    0.0,
    0.0,
    0.0,
    0.0,
    0.0,
    0.0,
    0.0,
    0.0,
    0.0,
    0.0,
    0.0,
    0.0,
    0.0,
    0.0,
    0.0,
    0.0,
    0.0,
    0.0,
    0.0,
    0.0,
    0.0,
    0.0,
    0.0,
    0.0
  ]
}