{
  "trial_start": 40,
  "trial_end_exclusive": 41,
  "total_configs": 16,
  "runs_completed": 5,
  "best_mse": 0.0009928837970544298,
  "best_post_max": 0.13580562894579273
}