{
  "trial": 30,
  "x0trial": 6,
  "metrics": {
    "pre_max": 1.83470309837965,
    "post_max": 0.13655067598293424,
    "mse": 0.001013146864654798
  },
  "theta": {
    "Gamma_p": 1.3114212803245158,
    "Gamma_n": 1.15930029112058,
    "K_e": 44.21645511757315,
    "R0": 0.0030805717277491754,
    "V0": -4.127810107713602
  },
  "ab": {
    "sDn": 1.1672772418569923,
    "sDp": 2.6548647498996414,
    "sDe": 0.7295732385070347,
    "gn": 0.979809053378342,
    "gp": 6381.88323601091,
    "ge": 0.9336595820271465
  },
  "x0": [
    28482.703605535688,
    28482.703605535688,
    28482.703605535688,
    28482.703605535688,
    28482.703605535688,
    28482.703605535688,
    28482.703605535688,
    28482.703605535688,
    28482.703605535688,
    28482.703605535688,
    28482.703605535688,
    28482.703605535688,
    28482.703605535688,
    28482.703605535688,
    28482.703605535688,
    28482.703605535688,
    13669.73589833549,
    13669.73589833549,
    13669.73589833549,
    13669.73589833549,
    13669.73589833549,
    13669.73589833549,
    13669.73589833549,
    13669.73589833549,
    13669.73589833549,
    13669.73589833549,
    13669.73589833549,
    13669.73589833549,
    13669.73589833549,
    13669.73589833549,
    13669.73589833549,
    13669.73589833549,
    0.0,
    0.0,
    0.0,
    0.0,
    0.0,
    0.0,
    0.0,
    0.0,
    0.0,
    0.0,
    0.0,
    0.0,
    0.0,
    0.0,
    0.0,
    0.0,
    0.0,
    0.0,
    0.0,
    0.0,
    0.0,
    0.0,
    0.0,
    0.0
  ]
}