{
  "mode": "free",
  "trial": 40,
  "x0trial": 12,
  "metrics": {
    "pre_max": 0.265995199509371,
    "post_max": 0.0009558766930659601,
    "mse": 6.016426650025976e-09
  },
  "theta": {
    "Gamma_p": 261.42105617099077,
    "Gamma_n": 1.5674015492909448e-10,
    "K_e": 0.5099494050390857,
    "R0": 0.012070586616400553
  },
  "ab": {
    "sDn": 0.9618125891671477,
    "sDp": 0.9457716475648443,
    "sDe": 1.028665510160573,
    "gn": 1.0709134630141515,
    "gp": 1.0318528641654354,
    "ge": 0.9946259197404689
  },
  "x0": [
    7782.794171767581,
    7782.794171767581,
    7782.794171767581,
    7782.794171767581,
    12080.238606426492,
    12080.238606426492,
    12080.238606426492,
    12080.238606426492,
    0.0,
    0.0,
    0.0,
    0.0,
    0.0,
    0.0
  ]
}