{
  "trial": 4,
  "x0trial": 6,
  "metrics": {
    "pre_max": 1.0687139356811208,
    "post_max": 0.13902312342491197,
    "mse": 0.0012513645053787881
  },
  "theta": {
    "Gamma_p": 0.8227325817071913,
    "Gamma_n": 1.0773082370522302,
    "K_e": 91.30857336203766,
    "R0": 7.792209492892911e-06,
    "V0": -4.917567799070702
  },
  "ab": {
    "sDn": 1.001005145867227,
    "sDp": 1.2619223453280447e-07,
    "sDe": 0.8608244762593598,
    "gn": 0.959959052513475,
    "gp": 2770.5466309663107,
    "ge": 1.166504256806624
  },
  "x0": [
    5271.741577102239,
    5271.741577102239,
    5271.741577102239,
    5271.741577102239,
    15440.506006111946,
    15440.506006111946,
    15440.506006111946,
    15440.506006111946,
    0.0,
    0.0,
    0.0,
    0.0,
    0.0,
    0.0
  ]
}