mode,trial,x0trial,ok_run,pre_max,post_max,mse,wall_s,err,Gamma_p,Gamma_n,K_e,R0,sDn,sDp,sDe,gn,gp,ge
locked,38,0,1,2.1466453565770554,0.00019474538851405043,7.193017564635397e-10,24.85853672027588,,898301323236.0754,1.023511773671689e-09,0.061395825244668537,5.715848200731286e-07,0.74510326954688,1.3706031038524429,0.7456715956665624,1.4847963462501297,0.8064745443562475,1.3110498029157807
