{
  "mode": "locked",
  "trial": 38,
  "x0trial": 0,
  "metrics": {
    "pre_max": 2.1466453565770554,
    "post_max": 0.00019474538851405043,
    "mse": 7.193017564635397e-10
  },
  "theta": {
    "Gamma_p": 898301323236.0754,
    "Gamma_n": 1.023511773671689e-09,
    "K_e": 0.061395825244668537,
    "R0": 5.715848200731286e-07
  },
  "ab": {
    "sDn": 0.74510326954688,
    "sDp": 1.3706031038524429,
    "sDe": 0.7456715956665624,
    "gn": 1.4847963462501297,
    "gp": 0.8064745443562475,
    "ge": 1.3110498029157807
  },
  "x0": [
    24800.0,
    24800.0,
    24800.0,
    24800.0,
    12400.0,
    12400.0,
    12400.0,
    12400.0,
    0.0,
    0.0,
    0.0,
    0.0,
    0.0,
    0.0
  ]
}