{
  "trial": 43,
  "x0trial": 1,
  "metrics": {
    "pre_max": 1.0949396331641905,
    "post_max": 0.13599196438147043,
    "mse": 0.0009873538472712938
  },
  "theta": {
    "Gamma_p": 0.94262813169021,
    "Gamma_n": 1.0900388755079053,
    "K_e": 37.780834560383,
    "R0": 0.00045509377235312975,
    "V0": -4.923855780850323
  },
  "ab": {
    "sDn": 10.400860115774947,
    "sDp": 2.3235369242230672,
    "sDe": 0.9461039129295611,
    "gn": 3.6927947617643e-05,
    "gp": 7525.5971416253005,
    "ge": 1.0758014095857542
  },
  "x0": [
    9321.10690804458,
    9321.10690804458,
    9321.10690804458,
    9321.10690804458,
    13323.788138238631,
    13323.788138238631,
    13323.788138238631,
    13323.788138238631,
    0.0,
    0.0,
    0.0,
    0.0,
    0.0,
    0.0
  ]
}