{
  "trial_start": 43,
  "trial_end_exclusive": 44,
  "total_configs": 16,
  "runs_completed": 11,
  "best_mse": 0.0009873538472712938,
  "best_post_max": 0.13599196438147043
}