{
  "mode": "free",
  "trial": 10,
  "x0trial": 14,
  "metrics": {
    "pre_max": 0.2098823180863736,
    "post_max": 0.0008418754030383724,
    "mse": 5.544245460034662e-09
  },
  "theta": {
    "Gamma_p": 0.6090454557362291,
    "Gamma_n": 2.201318962599827e-10,
    "K_e": 1.0154149621205277,
    "R0": 0.011683635274879846
  },
  "ab": {
    "sDn": 1.3988347848428875,
    "sDp": 1.0002341085373494,
    "sDe": 1.1231777498791375,
    "gn": 0.00287904756896642,
    "gp": 0.9998777533930178,
    "ge": 0.9739286417879627
  },
  "x0": [
    1844.5745701105416,
    1844.5745701105416,
    1844.5745701105416,
    1844.5745701105416,
    3726.936764779715,
    3726.936764779715,
    3726.936764779715,
    3726.936764779715,
    0.0,
    0.0,
    0.0,
    0.0,
    0.0,
    0.0
  ]
}