{
  "mode": "free",
  "trial_start": 10,
  "trial_end_exclusive": 11,
  "total_configs": 16,
  "runs_completed": 10,
  "best_mse": 5.544245460034662e-09,
  "best_post_max": 0.0008418754030383724
}