{
  "mode": "locked",
  "trial": 12,
  "x0trial": 0,
  "metrics": {
    "pre_max": 2.1364121494529353,
    "post_max": 0.0004952958047983458,
    "mse": 3.881946096302341e-09
  },
  "theta": {
    "Gamma_p": 637067355188.7319,
    "Gamma_n": 1.020642453316544e-09,
    "K_e": 0.13263287781934366,
    "R0": 1.737821366657673e-07
  },
  "ab": {
    "sDn": 0.7266995591072244,
    "sDp": 1.6709912719132798,
    "sDe": 0.7945448918249705,
    "gn": 0.8224828274477861,
    "gp": 1.489486383448269,
    "ge": 1.8496041047010816
  },
  "x0": [
    24800.0,
    24800.0,
    24800.0,
    24800.0,
    24800.0,
    24800.0,
    24800.0,
    24800.0,
    24800.0,
    24800.0,
    24800.0,
    24800.0,
    24800.0,
    24800.0,
    24800.0,
    24800.0,
    12400.0,
    12400.0,
    12400.0,
    12400.0,
    12400.0,
    12400.0,
    12400.0,
    12400.0,
    12400.0,
    12400.0,
    12400.0,
    12400.0,
    12400.0,
    12400.0,
    12400.0,
    12400.0,
    0.0,
    0.0,
    0.0,
    0.0,
    0.0,
    0.0,
    0.0,
    0.0,
    0.0,
    0.0,
    0.0,
    0.0,
    0.0,
    0.0,
    0.0,
    0.0,
    0.0,
    0.0,
    0.0,
    0.0,
    0.0,
    0.0,
    0.0,
    0.0
  ]
}