{
  "mode": "locked",
  "trial": 1,
  "x0trial": 0,
  "metrics": {
    "pre_max": 2.1311067746600028,
    "post_max": 0.00016759535351518196,
    "mse": 6.411853146391846e-10
  },
  "theta": {
    "Gamma_p": 1035949914633.0114,
    "Gamma_n": 1.0237732155250577e-09,
    "K_e": 0.053035406557042405,
    "R0": 6.399608515212609e-07
  },
  "ab": {
    "sDn": 0.6766873292059822,
    "sDp": 1.2595250736580172,
    "sDe": 0.7281359223212048,
    "gn": 1.2539935508156503,
    "gp": 0.6977550571284403,
    "ge": 1.3090094168667723
  },
  "x0": [
    24800.0,
    24800.0,
    24800.0,
    24800.0,
    12400.0,
    12400.0,
    12400.0,
    12400.0,
    0.0,
    0.0,
    0.0,
    0.0,
    0.0,
    0.0
  ]
}