{
  "mode": "locked",
  "trial_start": 1,
  "trial_end_exclusive": 2,
  "total_configs": 1,
  "runs_completed": 1,
  "best_mse": 6.411853146391846e-10,
  "best_post_max": 0.00016759535351518196
}