{
  "trial": 39,
  "x0trial": 15,
  "metrics": {
    "pre_max": 2.3060936142452606,
    "post_max": 0.13956464626966048,
    "mse": 0.0027356365642271564
  },
  "theta": {
    "Gamma_p": 0.8210271990087181,
    "Gamma_n": 1.1254983782717838,
    "K_e": 94.68551396156555,
    "R0": 3.6273703870700086e-06,
    "V0": -4.100026077835676
  },
  "ab": {
    "sDn": 3.3825668936949045,
    "sDp": 4.713383767578455e-37,
    "sDe": 0.5468814649616085,
    "gn": 0.0018375867530758796,
    "gp": 753.7286848992285,
    "ge": 1.8141879601602704
  },
  "x0": [
    20010.769061833158,
    20010.769061833158,
    20010.769061833158,
    20010.769061833158,
    20010.769061833158,
    20010.769061833158,
    20010.769061833158,
    20010.769061833158,
    20010.769061833158,
    20010.769061833158,
    20010.769061833158,
    20010.769061833158,
    20010.769061833158,
    20010.769061833158,
    20010.769061833158,
    20010.769061833158,
    17093.89561270537,
    17093.89561270537,
    17093.89561270537,
    17093.89561270537,
    17093.89561270537,
    17093.89561270537,
    17093.89561270537,
    17093.89561270537,
    17093.89561270537,
    17093.89561270537,
    17093.89561270537,
    17093.89561270537,
    17093.89561270537,
    17093.89561270537,
    17093.89561270537,
    17093.89561270537,
    0.0,
    0.0,
    0.0,
    0.0,
    0.0,
    0.0,
    0.0,
    0.0,
    0.0,
    0.0,
    0.0,
    0.0,
    0.0,
    0.0,
    0.0,
    0.0,
    0.0,
    0.0,
    0.0,
    0.0,
    0.0,
    0.0,
    0.0,
    0.0
  ]
}