{
  "mode": "free",
  "trial_start": 45,
  "trial_end_exclusive": 46,
  "total_configs": 16,
  "runs_completed": 11,
  "best_mse": 2.2997875699174103e-08,
  "best_post_max": 0.001579344234190927
}