{
  "mode": "locked",
  "trial_start": 49,
  "trial_end_exclusive": 50,
  "total_configs": 1,
  "runs_completed": 1,
  "best_mse": 7.725532984014366e-10,
  "best_post_max": 0.00020347397370201747
}