{
  "mode": "locked",
  "trial": 49,
  "x0trial": 0,
  "metrics": {
    "pre_max": 2.136103640559,
    "post_max": 0.00020347397370201747,
    "mse": 7.725532984014366e-10
  },
  "theta": {
    "Gamma_p": 957495933773.883,
    "Gamma_n": 1.0234257419435679e-09,
    "K_e": 0.05844974504405405,
    "R0": 5.145648271518298e-07
  },
  "ab": {
    "sDn": 0.7255969932439837,
    "sDp": 1.3442312928034523,
    "sDe": 0.7034157804349548,
    "gn": 1.4789053393079072,
    "gp": 0.7871630106965417,
    "ge": 1.3487829076951225
  },
  "x0": [
    24800.0,
    24800.0,
    24800.0,
    24800.0,
    12400.0,
    12400.0,
    12400.0,
    12400.0,
    0.0,
    0.0,
    0.0,
    0.0,
    0.0,
    0.0
  ]
}