{
  "mode": "free",
  "trial": 35,
  "x0trial": 9,
  "metrics": {
    "pre_max": 0.5141498724347606,
    "post_max": 0.0007274193612243351,
    "mse": 9.814117731241994e-09
  },
  "theta": {
    "Gamma_p": 3.1226280658765484,
    "Gamma_n": 1.343333421816411e-07,
    "K_e": 0.8378401353021289,
    "R0": 0.009909013807344142
  },
  "ab": {
    "sDn": 1.2136665605116748,
    "sDp": 1.0122671226388404,
    "sDe": 1.0430050833463402,
    "gn": 0.6278958597354619,
    "gp": 0.9658043985752075,
    "ge": 0.9599471019671476
  },
  "x0": [
    3470.0421104790516,
    3470.0421104790516,
    3470.0421104790516,
    3470.0421104790516,
    3470.0421104790516,
    3470.0421104790516,
    3470.0421104790516,
    3470.0421104790516,
    3470.0421104790516,
    3470.0421104790516,
    3470.0421104790516,
    3470.0421104790516,
    3470.0421104790516,
    3470.0421104790516,
    3470.0421104790516,
    3470.0421104790516,
    28539.85485854364,
    28539.85485854364,
    28539.85485854364,
    28539.85485854364,
    28539.85485854364,
    28539.85485854364,
    28539.85485854364,
    28539.85485854364,
    28539.85485854364,
    28539.85485854364,
    28539.85485854364,
    28539.85485854364,
    28539.85485854364,
    28539.85485854364,
    28539.85485854364,
    28539.85485854364,
    0.0,
    0.0,
    0.0,
    0.0,
    0.0,
    0.0,
    0.0,
    0.0,
    0.0,
    0.0,
    0.0,
    0.0,
    0.0,
    0.0,
    0.0,
    0.0,
    0.0,
    0.0,
    0.0,
    0.0,
    0.0,
    0.0,
    0.0,
    0.0
  ]
}