{
  "mode": "free",
  "trial": 8,
  "x0trial": 8,
  "metrics": {
    "pre_max": 1.7527705958211897,
    "post_max": 0.00016202016561450705,
    "mse": 1.8321955555900628e-09
  },
  "theta": {
    "Gamma_p": 68124.12241331644,
    "Gamma_n": 0.008508727147907721,
    "K_e": 0.3508749043774505,
    "R0": 0.0025955433188171156
  },
  "ab": {
    "sDn": 14.659377957575629,
    "sDp": 1.270562337225996,
    "sDe": 1.283060577128952,
    "gn": 0.013057559842680653,
    "gp": 0.7544117513344843,
    "ge": 1.0148320023100759
  },
  "x0": [
    17491.35298403241,
    17491.35298403241,
    17491.35298403241,
    17491.35298403241,
    17491.35298403241,
    17491.35298403241,
    17491.35298403241,
    17491.35298403241,
    17491.35298403241,
    17491.35298403241,
    17491.35298403241,
    17491.35298403241,
    17491.35298403241,
    17491.35298403241,
    17491.35298403241,
    17491.35298403241,
    11273.604987140028,
    11273.604987140028,
    11273.604987140028,
    11273.604987140028,
    11273.604987140028,
    11273.604987140028,
    11273.604987140028,
    11273.604987140028,
    11273.604987140028,
    11273.604987140028,
    11273.604987140028,
    11273.604987140028,
    11273.604987140028,
    11273.604987140028,
    11273.604987140028,
    11273.604987140028,
    0.0,
    0.0,
    0.0,
    0.0,
    0.0,
    0.0,
    0.0,
    0.0,
    0.0,
    0.0,
    0.0,
    0.0,
    0.0,
    0.0,
    0.0,
    0.0,
    0.0,
    0.0,
    0.0,
    0.0,
    0.0,
    0.0,
    0.0,
    0.0
  ]
}