mode,trial,x0trial,ok_run,pre_max,post_max,mse,wall_s,err,Gamma_p,Gamma_n,K_e,R0,sDn,sDp,sDe,gn,gp,ge
locked,14,0,1,2.137705082802661,0.000206839857233021,7.533468429836025e-10,24.828210592269897,,889408232487.8435,1.0233953630776084e-09,0.06100063204508691,5.416853837799516e-07,0.7383010738908191,1.2676221873490938,0.7599324163001502,1.4000733964215515,0.7609816461762557,1.414575854893417
