{
  "mode": "locked",
  "trial": 14,
  "x0trial": 0,
  "metrics": {
    "pre_max": 2.137705082802661,
    "post_max": 0.000206839857233021,
    "mse": 7.533468429836025e-10
  },
  "theta": {
    "Gamma_p": 889408232487.8435,
    "Gamma_n": 1.0233953630776084e-09,
    "K_e": 0.06100063204508691,
    "R0": 5.416853837799516e-07
  },
  "ab": {
    "sDn": 0.7383010738908191,
    "sDp": 1.2676221873490938,
    "sDe": 0.7599324163001502,
    "gn": 1.4000733964215515,
    "gp": 0.7609816461762557,
    "ge": 1.414575854893417
  },
  "x0": [
    24800.0,
    24800.0,
    24800.0,
    24800.0,
    12400.0,
    12400.0,
    12400.0,
    12400.0,
    0.0,
    0.0,
    0.0,
    0.0,
    0.0,
    0.0
  ]
}