{
  "mode": "free",
  "trial": 12,
  "x0trial": 3,
  "metrics": {
    "pre_max": 0.24344540020538474,
    "post_max": 0.0007083869112349817,
    "mse": 1.7967085076252654e-08
  },
  "theta": {
    "Gamma_p": 1785.1596282226108,
    "Gamma_n": 2.2602580516415355e-10,
    "K_e": 0.35476055405846024,
    "R0": 0.010936307433632768
  },
  "ab": {
    "sDn": 5.9767379553440865,
    "sDp": 1.0520289344583948,
    "sDe": 0.9997545822100505,
    "gn": 0.006906873185172251,
    "gp": 0.9114326021027795,
    "ge": 1.0117926033716877
  },
  "x0": [
    2296.366487147071,
    2296.366487147071,
    2296.366487147071,
    2296.366487147071,
    2296.366487147071,
    2296.366487147071,
    2296.366487147071,
    2296.366487147071,
    2296.366487147071,
    2296.366487147071,
    2296.366487147071,
    2296.366487147071,
    2296.366487147071,
    2296.366487147071,
    2296.366487147071,
    2296.366487147071,
    5502.704905174558,
    5502.704905174558,
    5502.704905174558,
    5502.704905174558,
    5502.704905174558,
    5502.704905174558,
    5502.704905174558,
    5502.704905174558,
    5502.704905174558,
    5502.704905174558,
    5502.704905174558,
    5502.704905174558,
    5502.704905174558,
    5502.704905174558,
    5502.704905174558,
    5502.704905174558,
    0.0,
    0.0,
    0.0,
    0.0,
    0.0,
    0.0,
    0.0,
    0.0,
    0.0,
    0.0,
    0.0,
    0.0,
    0.0,
    0.0,
    0.0,
    0.0,
    0.0,
    0.0,
    0.0,
    0.0,
    0.0,
    0.0,
    0.0,
    0.0
  ]
}