{
  "trial_start": 44,
  "trial_end_exclusive": 45,
  "total_configs": 16,
  "runs_completed": 12,
  "best_mse": 0.0016366337782042141,
  "best_post_max": 0.14286102055652217
}