{
  "trial": 44,
  "x0trial": 3,
  "metrics": {
    "pre_max": 1.3042737829209612,
    "post_max": 0.14286102055652217,
    "mse": 0.0016366337782042141
  },
  "theta": {
    "Gamma_p": 1.7501707443273653,
    "Gamma_n": 1.05675754443402,
    "K_e": 84.7874883705104,
    "R0": 1.5711496105499464e-05,
    "V0": -4.109133591262579
  },
  "ab": {
    "sDn": 1.3263143071690786,
    "sDp": 9.638033375187478e-13,
    "sDe": 0.6752331894886567,
    "gn": 1.3697717337828519,
    "gp": 859.9665870535414,
    "ge": 2.1075889958712195
  },
  "x0": [
    26681.06975784187,
    26681.06975784187,
    26681.06975784187,
    26681.06975784187,
    26681.06975784187,
    26681.06975784187,
    26681.06975784187,
    26681.06975784187,
    26681.06975784187,
    26681.06975784187,
    26681.06975784187,
    26681.06975784187,
    26681.06975784187,
    26681.06975784187,
    26681.06975784187,
    26681.06975784187,
    16165.772671849789,
    16165.772671849789,
    16165.772671849789,
    16165.772671849789,
    16165.772671849789,
    16165.772671849789,
    16165.772671849789,
    16165.772671849789,
    16165.772671849789,
    16165.772671849789,
    16165.772671849789,
    16165.772671849789,
    16165.772671849789,
    16165.772671849789,
    16165.772671849789,
    16165.772671849789,
    0.0,
    0.0,
    0.0,
    0.0,
    0.0,
    0.0,
    0.0,
    0.0,
    0.0,
    0.0,
    0.0,
    0.0,
    0.0,
    0.0,
    0.0,
    0.0,
    0.0,
    0.0,
    0.0,
    0.0,
    0.0,
    0.0,
    0.0,
    0.0
  ]
}