{
  "mode": "free",
  "trial_start": 39,
  "trial_end_exclusive": 40,
  "total_configs": 16,
  "runs_completed": 11,
  "best_mse": 7.464488747546482e-09,
  "best_post_max": 0.00022351711208301595
}