{
  "mode": "free",
  "trial": 39,
  "x0trial": 6,
  "metrics": {
    "pre_max": 0.4258412335176551,
    "post_max": 0.00022351711208301595,
    "mse": 7.464488747546482e-09
  },
  "theta": {
    "Gamma_p": 3.8802655374696315,
    "Gamma_n": 1.3918383212158473e-07,
    "K_e": 0.7763773000735691,
    "R0": 0.01162968221588197
  },
  "ab": {
    "sDn": 1.1822817287181469,
    "sDp": 1.1063226573853877,
    "sDe": 1.020600047675338,
    "gn": 0.6266351148838565,
    "gp": 0.8375979089497432,
    "ge": 0.8663999541415923
  },
  "x0": [
    3738.435274302458,
    3738.435274302458,
    3738.435274302458,
    3738.435274302458,
    3738.435274302458,
    3738.435274302458,
    3738.435274302458,
    3738.435274302458,
    3738.435274302458,
    3738.435274302458,
    3738.435274302458,
    3738.435274302458,
    3738.435274302458,
    3738.435274302458,
    3738.435274302458,
    3738.435274302458,
    24666.916541937942,
    24666.916541937942,
    24666.916541937942,
    24666.916541937942,
    24666.916541937942,
    24666.916541937942,
    24666.916541937942,
    24666.916541937942,
    24666.916541937942,
    24666.916541937942,
    24666.916541937942,
    24666.916541937942,
    24666.916541937942,
    24666.916541937942,
    24666.916541937942,
    24666.916541937942,
    0.0,
    0.0,
    0.0,
    0.0,
    0.0,
    0.0,
    0.0,
    0.0,
    0.0,
    0.0,
    0.0,
    0.0,
    0.0,
    0.0,
    0.0,
    0.0,
    0.0,
    0.0,
    0.0,
    0.0,
    0.0,
    0.0,
    0.0,
    0.0
  ]
}