{
  "mode": "free",
  "trial_start": 30,
  "trial_end_exclusive": 31,
  "total_configs": 16,
  "runs_completed": 12,
  "best_mse": 1.3778558924699326e-08,
  "best_post_max": 0.0006054479085353393
}