{
  "mode": "free",
  "trial": 30,
  "x0trial": 12,
  "metrics": {
    "pre_max": 0.5463255091694208,
    "post_max": 0.0006054479085353393,
    "mse": 1.3778558924699326e-08
  },
  "theta": {
    "Gamma_p": 46702.65750345213,
    "Gamma_n": 2.1136912088708e-07,
    "K_e": 0.28100576568387414,
    "R0": 0.003795952587692882
  },
  "ab": {
    "sDn": 1.3733271409340522,
    "sDp": 1.0719976623722616,
    "sDe": 1.0495806830091865,
    "gn": 0.016028315762833943,
    "gp": 0.9140764542456864,
    "ge": 1.0026927936968038
  },
  "x0": [
    14757.241117463165,
    14757.241117463165,
    14757.241117463165,
    14757.241117463165,
    6915.106589350345,
    6915.106589350345,
    6915.106589350345,
    6915.106589350345,
    0.0,
    0.0,
    0.0,
    0.0,
    0.0,
    0.0
  ]
}