{
  "mode": "free",
  "trial": 42,
  "x0trial": 4,
  "metrics": {
    "pre_max": 1.0180283162040205,
    "post_max": 0.00023887207157180512,
    "mse": 8.491335576274146e-09
  },
  "theta": {
    "Gamma_p": 93768.86172342286,
    "Gamma_n": 1.1026205700350785e-05,
    "K_e": 0.22513815161538772,
    "R0": 0.003034347748017078
  },
  "ab": {
    "sDn": 2.5064278734096828,
    "sDp": 1.434865618200603,
    "sDe": 0.9791881164867113,
    "gn": 0.016189376453523394,
    "gp": 0.9050709325919772,
    "ge": 1.1929334455828575
  },
  "x0": [
    15670.027942061086,
    15670.027942061086,
    15670.027942061086,
    15670.027942061086,
    15670.027942061086,
    15670.027942061086,
    15670.027942061086,
    15670.027942061086,
    15670.027942061086,
    15670.027942061086,
    15670.027942061086,
    15670.027942061086,
    15670.027942061086,
    15670.027942061086,
    15670.027942061086,
    15670.027942061086,
    9018.899522819622,
    9018.899522819622,
    9018.899522819622,
    9018.899522819622,
    9018.899522819622,
    9018.899522819622,
    9018.899522819622,
    9018.899522819622,
    9018.899522819622,
    9018.899522819622,
    9018.899522819622,
    9018.899522819622,
    9018.899522819622,
    9018.899522819622,
    9018.899522819622,
    9018.899522819622,
    0.0,
    0.0,
    0.0,
    0.0,
    0.0,
    0.0,
    0.0,
    0.0,
    0.0,
    0.0,
    0.0,
    0.0,
    0.0,
    0.0,
    0.0,
    0.0,
    0.0,
    0.0,
    0.0,
    0.0,
    0.0,
    0.0,
    0.0,
    0.0
  ]
}