{
  "mode": "free",
  "trial": 48,
  "x0trial": 0,
  "metrics": {
    "pre_max": 0.013106861690232563,
    "post_max": 0.0014489542401658895,
    "mse": 1.7332586630262745e-08
  },
  "theta": {
    "Gamma_p": 197.47317346402036,
    "Gamma_n": 1.3707815119167466e-09,
    "K_e": 0.5874359476015205,
    "R0": 0.007360861937750082
  },
  "ab": {
    "sDn": 1.115769935900171,
    "sDp": 1.3492561017688383,
    "sDe": 0.9064098826858111,
    "gn": 0.29622570023154005,
    "gp": 0.04934576460685175,
    "ge": 1.0563355945783923
  },
  "x0": [
    2618.4240156228398,
    2618.4240156228398,
    2618.4240156228398,
    2618.4240156228398,
    17607.122275523703,
    17607.122275523703,
    17607.122275523703,
    17607.122275523703,
    0.0,
    0.0,
    0.0,
    0.0,
    0.0,
    0.0
  ]
}