{
  "mode": "free",
  "trial_start": 15,
  "trial_end_exclusive": 16,
  "total_configs": 16,
  "runs_completed": 10,
  "best_mse": 1.955207891040831e-08,
  "best_post_max": 0.0011106111733347745
}