{
  "mode": "free",
  "trial": 15,
  "x0trial": 7,
  "metrics": {
    "pre_max": 0.48474011946285955,
    "post_max": 0.0011106111733347745,
    "mse": 1.955207891040831e-08
  },
  "theta": {
    "Gamma_p": 25432.096437161745,
    "Gamma_n": 1.216102425448041e-07,
    "K_e": 0.35380913409952497,
    "R0": 0.004477748564769299
  },
  "ab": {
    "sDn": 1.289687365413934,
    "sDp": 2.1265682849750895,
    "sDe": 0.8804614416378925,
    "gn": 0.0003849344572226461,
    "gp": 4.636325001625468e-05,
    "ge": 1.1641903825437572
  },
  "x0": [
    11458.702901930717,
    11458.702901930717,
    11458.702901930717,
    11458.702901930717,
    22721.78472894172,
    22721.78472894172,
    22721.78472894172,
    22721.78472894172,
    0.0,
    0.0,
    0.0,
    0.0,
    0.0,
    0.0
  ]
}