{
  "mode": "free",
  "trial": 21,
  "x0trial": 9,
  "metrics": {
    "pre_max": 0.05567215617044141,
    "post_max": 0.0007208954243349552,
    "mse": 1.0300261267157373e-08
  },
  "theta": {
    "Gamma_p": 8843.625563498312,
    "Gamma_n": 2.2541261208273883e-09,
    "K_e": 0.34947985105481594,
    "R0": 0.006288281057482575
  },
  "ab": {
    "sDn": 1.2659350633533197,
    "sDp": 0.982416220129832,
    "sDe": 1.0301716612775211,
    "gn": 0.041895934704493876,
    "gp": 0.9585257994376535,
    "ge": 1.0307799569137621
  },
  "x0": [
    13287.480304643936,
    13287.480304643936,
    13287.480304643936,
    13287.480304643936,
    4743.217911065319,
    4743.217911065319,
    4743.217911065319,
    4743.217911065319,
    0.0,
    0.0,
    0.0,
    0.0,
    0.0,
    0.0
  ]
}