{
  "mode": "free",
  "trial_start": 21,
  "trial_end_exclusive": 22,
  "total_configs": 16,
  "runs_completed": 8,
  "best_mse": 1.0300261267157373e-08,
  "best_post_max": 0.0007208954243349552
}