{
  "mode": "free",
  "trial_start": 29,
  "trial_end_exclusive": 30,
  "total_configs": 16,
  "runs_completed": 11,
  "best_mse": 5.930075259279202e-09,
  "best_post_max": 0.000718774016110757
}