{
  "mode": "free",
  "trial": 29,
  "x0trial": 15,
  "metrics": {
    "pre_max": 0.2118759916539954,
    "post_max": 0.000718774016110757,
    "mse": 5.930075259279202e-09
  },
  "theta": {
    "Gamma_p": 1328.279895690665,
    "Gamma_n": 2.857793090060589e-10,
    "K_e": 0.4026175894540858,
    "R0": 0.011063078138119953
  },
  "ab": {
    "sDn": 2.04798900355138,
    "sDp": 0.9417867012091328,
    "sDe": 1.0710557186285712,
    "gn": 0.0005333400403464988,
    "gp": 1.1010440637269383,
    "ge": 0.9338030174897435
  },
  "x0": [
    11485.03641316365,
    11485.03641316365,
    11485.03641316365,
    11485.03641316365,
    7551.725862830574,
    7551.725862830574,
    7551.725862830574,
    7551.725862830574,
    0.0,
    0.0,
    0.0,
    0.0,
    0.0,
    0.0
  ]
}