{
  "trial": 25,
  "x0trial": 0,
  "metrics": {
    "pre_max": 1.685740869649572,
    "post_max": 0.21410145105069134,
    "mse": 0.010268645512256556
  },
  "theta": {
    "Gamma_p": 1.0037253649097564,
    "Gamma_n": 0.9926772105094943,
    "K_e": 44.856428110564444,
    "R0": 12.18129723980508,
    "V0": -4.383248067193095
  },
  "ab": {
    "sDn": 1.1065564476090761,
    "sDp": 0.1904340627930788,
    "sDe": 0.04910571782683422,
    "gn": 0.7443626766876177,
    "gp": 734.4536078065782,
    "ge": 0.9537796467554186
  },
  "x0": [
    27129.786710901855,
    27129.786710901855,
    27129.786710901855,
    27129.786710901855,
    11421.625827435004,
    11421.625827435004,
    11421.625827435004,
    11421.625827435004,
    0.0,
    0.0,
    0.0,
    0.0,
    0.0,
    0.0
  ]
}