{
  "mode": "free",
  "trial_start": 21,
  "trial_end_exclusive": 22,
  "total_configs": 16,
  "runs_completed": 10,
  "best_mse": 1.5600845362211067e-08,
  "best_post_max": 0.0005864770842478606
}