mode,trial,x0trial,ok_run,pre_max,post_max,mse,wall_s,err,Gamma_p,Gamma_n,K_e,R0,sDn,sDp,sDe,gn,gp,ge
locked,14,0,1,2.169946421230687,0.00015870927246552924,1.2094530964685527e-09,317.47234320640564,,580149260851.661,1.023846764194837e-09,0.06941514078259069,4.509434541661324e-07,0.7446406612253615,0.9200765166928536,1.1468045246227725,1.6806689641483468,0.8474643188549135,1.5393142209034532
