{
  "trial": 19,
  "x0trial": 8,
  "metrics": {
    "pre_max": 1.3518706076878555,
    "post_max": 0.13672804575276087,
    "mse": 0.0009848295990668061
  },
  "theta": {
    "Gamma_p": 0.8968821648484491,
    "Gamma_n": 1.2505658221513054,
    "K_e": 28.707112136585696,
    "R0": 0.0021610099338290815,
    "V0": -4.132788969215983
  },
  "ab": {
    "sDn": 1.0948987818756615,
    "sDp": 0.3941422346084164,
    "sDe": 0.9793604715057134,
    "gn": 0.9025485536084279,
    "gp": 5153.952361500316,
    "ge": 1.367253564252041
  },
  "x0": [
    28171.476116856247,
    28171.476116856247,
    28171.476116856247,
    28171.476116856247,
    28171.476116856247,
    28171.476116856247,
    28171.476116856247,
    28171.476116856247,
    28171.476116856247,
    28171.476116856247,
    28171.476116856247,
    28171.476116856247,
    28171.476116856247,
    28171.476116856247,
    28171.476116856247,
    28171.476116856247,
    11827.733956822856,
    11827.733956822856,
    11827.733956822856,
    11827.733956822856,
    11827.733956822856,
    11827.733956822856,
    11827.733956822856,
    11827.733956822856,
    11827.733956822856,
    11827.733956822856,
    11827.733956822856,
    11827.733956822856,
    11827.733956822856,
    11827.733956822856,
    11827.733956822856,
    11827.733956822856,
    0.0,
    0.0,
    0.0,
    0.0,
    0.0,
    0.0,
    0.0,
    0.0,
    0.0,
    0.0,
    0.0,
    0.0,
    0.0,
    0.0,
    0.0,
    0.0,
    0.0,
    0.0,
    0.0,
    0.0,
    0.0,
    0.0,
    0.0,
    0.0
  ]
}