{
  "trial": 32,
  "x0trial": 1,
  "metrics": {
    "pre_max": 2.0148350038396767,
    "post_max": 0.13558838476417323,
    "mse": 0.0009845656954328773
  },
  "theta": {
    "Gamma_p": 1.2282614433985273,
    "Gamma_n": 1.2203068187502042,
    "K_e": 38.77684358611866,
    "R0": 0.0006557202514182059,
    "V0": -4.1293602435242756
  },
  "ab": {
    "sDn": 1.2969911284500932,
    "sDp": 1.280145505796755,
    "sDe": 0.9920655959542407,
    "gn": 1.1895347425462093,
    "gp": 6225.493219954264,
    "ge": 0.998802688464588
  },
  "x0": [
    27023.45860022919,
    27023.45860022919,
    27023.45860022919,
    27023.45860022919,
    27023.45860022919,
    27023.45860022919,
    27023.45860022919,
    27023.45860022919,
    27023.45860022919,
    27023.45860022919,
    27023.45860022919,
    27023.45860022919,
    27023.45860022919,
    27023.45860022919,
    27023.45860022919,
    27023.45860022919,
    12945.960385519113,
    12945.960385519113,
    12945.960385519113,
    12945.960385519113,
    12945.960385519113,
    12945.960385519113,
    12945.960385519113,
    12945.960385519113,
    12945.960385519113,
    12945.960385519113,
    12945.960385519113,
    12945.960385519113,
    12945.960385519113,
    12945.960385519113,
    12945.960385519113,
    12945.960385519113,
    0.0,
    0.0,
    0.0,
    0.0,
    0.0,
    0.0,
    0.0,
    0.0,
    0.0,
    0.0,
    0.0,
    0.0,
    0.0,
    0.0,
    0.0,
    0.0,
    0.0,
    0.0,
    0.0,
    0.0,
    0.0,
    0.0,
    0.0,
    0.0
  ]
}