{
  "trial": 33,
  "x0trial": 13,
  "metrics": {
    "pre_max": 2.704724386801957,
    "post_max": 0.26237061255534977,
    "mse": 0.010373446784880284
  },
  "theta": {
    "Gamma_p": 1.0489365658323417,
    "Gamma_n": 0.808980507071012,
    "K_e": 42.48294641748203,
    "R0": 0.00010169025267042127,
    "V0": -4.027409619406332
  },
  "ab": {
    "sDn": 0.8027726858192854,
    "sDp": 1657.800199882763,
    "sDe": 0.8674131294670266,
    "gn": 0.5674258579560213,
    "gp": 2371.2300722332047,
    "ge": 0.9369757272268187
  },
  "x0": [
    25053.750905795343,
    25053.750905795343,
    25053.750905795343,
    25053.750905795343,
    25053.750905795343,
    25053.750905795343,
    25053.750905795343,
    25053.750905795343,
    25053.750905795343,
    25053.750905795343,
    25053.750905795343,
    25053.750905795343,
    25053.750905795343,
    25053.750905795343,
    25053.750905795343,
    25053.750905795343,
    22890.885726250763,
    22890.885726250763,
    22890.885726250763,
    22890.885726250763,
    22890.885726250763,
    22890.885726250763,
    22890.885726250763,
    22890.885726250763,
    22890.885726250763,
    22890.885726250763,
    22890.885726250763,
    22890.885726250763,
    22890.885726250763,
    22890.885726250763,
    22890.885726250763,
    22890.885726250763,
    0.0,
    0.0,
    0.0,
    0.0,
    0.0,
    0.0,
    0.0,
    0.0,
    0.0,
    0.0,
    0.0,
    0.0,
    0.0,
    0.0,
    0.0,
    0.0,
    0.0,
    0.0,
    0.0,
    0.0,
    0.0,
    0.0,
    0.0,
    0.0
  ]
}